config,threads,wait_policy,instance,vertices,p,seed,max_generations,repetition,ofv,time_best,time_total,decodes,joules,ghz,cpu_seconds,temp_start,temp_end
decoder,1,default,../Instances/aNpMP/pmed1.txt,100,5,1234,18964,1,15008.000000,0.105,69.009,18737429,1929.827,3.725,68.992,42.250,59.250
decoder,2,active,../Instances/aNpMP/pmed29.txt,600,120,1234,86,1,860281.000000,28.168,28.489,97868,901.605,4.145,57.071,42.125,53.250
decoder,1,default,../Instances/aNpMP/pmed23.txt,500,50,1234,246,1,325222.000000,56.378,56.601,255365,1515.753,4.145,56.652,42.250,51.750
decoder,2,active,../Instances/aNpMP/pmed30.txt,600,200,1234,47,1,1602075.000000,26.863,27.435,58534,861.708,4.136,54.958,42.125,53.000
decoder,0,default,../Instances/aNpMP/pmed13.txt,300,30,1234,708,1,149739.000000,26.502,56.462,715138,1508.623,4.159,56.471,42.250,52.250
decoder,1,default,../Instances/aNpMP/pmed39.txt,900,10,1234,707,1,66233.000000,54.808,55.678,702891,1537.082,4.135,55.934,42.125,55.000
decoder,0,default,../Instances/aNpMP/pmed26.txt,600,5,1234,2534,1,22734.000000,0.905,56.689,2504589,1585.836,4.135,56.763,42.125,58.500
decoder,6,active,../Instances/aNpMP/pmed3.txt,100,10,1234,8063,1,43354.000000,0.244,33.508,8005511,1438.637,4.053,201.041,42.125,57.375
decoder,8,active,../Instances/aNpMP/pmed22.txt,500,10,1234,1298,1,62699.000000,3.059,12.504,1289649,615.994,4.037,99.955,42.125,63.000
decoder,12,active,../Instances/aNpMP/pmed10.txt,200,67,1234,491,1,266370.000000,9.441,9.441,514301,458.448,4.060,113.151,42.125,60.375
decoder,12,active,../Instances/aNpMP/pmed7.txt,200,10,1234,4098,1,45052.000000,18.903,24.286,4069590,1101.915,4.086,290.867,42.250,59.250
decoder,2,active,../Instances/aNpMP/pmed3.txt,100,10,1234,8063,1,43354.000000,0.308,39.400,8005511,1278.088,3.908,78.796,42.250,56.500
decoder,12,active,../Instances/aNpMP/pmed38.txt,900,5,1234,1591,1,25560.000000,1.046,12.762,1572905,677.533,4.039,152.922,42.250,62.250
decoder,4,active,../Instances/aNpMP/pmed9.txt,200,40,1234,791,1,198237.000000,10.641,16.810,804254,671.332,4.113,67.248,42.250,57.625
decoder,0,default,../Instances/aNpMP/pmed24.txt,500,100,1234,119,1,692253.000000,48.580,53.411,131964,1411.070,4.154,53.461,42.250,51.000
decoder,6,active,../Instances/aNpMP/pmed14.txt,300,60,1234,353,1,349693.000000,11.634,11.634,369988,529.504,4.092,69.815,42.125,57.250
decoder,6,active,../Instances/aNpMP/pmed39.txt,900,10,1234,707,1,66233.000000,10.835,11.002,702891,580.696,4.053,66.279,42.125,60.750
decoder,12,active,../Instances/aNpMP/pmed8.txt,200,20,1234,1601,1,101029.000000,1.478,13.365,1598045,635.791,4.078,160.232,42.125,59.000
decoder,8,active,../Instances/aNpMP/pmed3.txt,100,10,1234,8063,1,43354.000000,0.248,34.793,8005511,1527.845,4.058,278.165,42.125,59.125
decoder,6,active,../Instances/aNpMP/pmed7.txt,200,10,1234,4098,1,45052.000000,17.113,22.009,4069590,1000.367,4.054,132.057,42.250,59.500
decoder,2,active,../Instances/aNpMP/pmed11.txt,300,5,1234,6020,1,17749.000000,0.160,36.424,5948757,1305.789,3.926,72.844,42.125,59.875
decoder,8,active,../Instances/aNpMP/pmed17.txt,400,10,1234,1731,1,53504.000000,2.325,14.352,1719404,699.984,4.048,114.781,42.125,62.125
decoder,1,default,../Instances/aNpMP/pmed8.txt,200,20,1234,1601,1,101029.000000,6.255,56.566,1598045,1508.990,4.114,56.565,42.250,52.750
decoder,8,active,../Instances/aNpMP/pmed1.txt,100,5,1234,18964,1,15008.000000,0.092,66.014,18737429,2751.012,4.050,527.931,42.250,59.625
decoder,0,default,../Instances/aNpMP/pmed1.txt,100,5,1234,18964,1,15008.000000,0.091,56.763,18737429,1584.866,4.157,56.754,42.250,59.375
decoder,0,default,../Instances/aNpMP/pmed36.txt,800,10,1234,833,1,70897.000000,30.307,57.050,828249,1575.796,4.165,57.243,42.125,55.125
decoder,4,active,../Instances/aNpMP/pmed36.txt,800,10,1234,833,1,70897.000000,8.760,16.287,828249,733.854,4.085,65.348,42.250,62.000
decoder,0,default,../Instances/aNpMP/pmed7.txt,200,10,1234,4098,1,45052.000000,44.971,57.833,4069590,1562.513,4.163,57.833,42.250,55.625
decoder,2,active,../Instances/aNpMP/pmed6.txt,200,5,1234,8951,1,19103.000000,0.190,40.074,8844585,1347.598,3.892,80.154,42.250,58.500
decoder,8,active,../Instances/aNpMP/pmed11.txt,300,5,1234,6020,1,17749.000000,0.122,29.888,5948757,1354.251,4.050,239.044,42.125,61.125
decoder,1,default,../Instances/aNpMP/pmed5.txt,100,33,1234,1979,1,117405.000000,13.067,56.898,1993199,1511.424,4.100,56.888,42.250,52.500
decoder,2,active,../Instances/aNpMP/pmed13.txt,300,30,1234,708,1,149739.000000,14.105,30.092,715138,949.654,4.108,60.190,42.250,53.250
decoder,4,active,../Instances/aNpMP/pmed3.txt,100,10,1234,8063,1,43354.000000,0.246,33.205,8005511,1244.783,4.007,132.815,42.125,57.750
decoder,8,active,../Instances/aNpMP/pmed23.txt,500,50,1234,246,1,325222.000000,9.937,9.975,255365,472.511,4.063,79.781,42.250,61.250
decoder,12,active,../Instances/aNpMP/pmed28.txt,600,60,1234,167,1,384219.000000,7.001,7.040,177084,361.496,4.035,84.278,42.125,61.000
decoder,6,active,../Instances/aNpMP/pmed8.txt,200,20,1234,1601,1,101029.000000,1.698,14.911,1598045,677.582,4.072,89.465,42.250,57.375
decoder,2,active,../Instances/aNpMP/pmed22.txt,500,10,1234,1298,1,62699.000000,6.979,29.349,1289649,1035.283,4.067,58.741,42.125,56.250
decoder,4,active,../Instances/aNpMP/pmed5.txt,100,33,1234,1979,1,117405.000000,4.623,19.668,1993199,750.890,4.085,78.668,42.250,56.875
decoder,8,active,../Instances/aNpMP/pmed20.txt,400,133,1234,109,1,905518.000000,8.506,8.879,123586,416.351,4.068,71.049,42.250,60.625
decoder,6,active,../Instances/aNpMP/pmed12.txt,300,10,1234,2439,1,53140.000000,0.346,17.424,2421807,813.371,4.067,104.554,42.125,58.375
decoder,2,active,../Instances/aNpMP/pmed37.txt,800,80,1234,99,1,676372.000000,28.794,28.794,107894,924.927,4.148,57.780,42.250,53.125
decoder,4,active,../Instances/aNpMP/pmed14.txt,300,60,1234,353,1,349693.000000,15.988,15.988,369988,635.648,4.124,63.965,42.250,57.250
decoder,8,active,../Instances/aNpMP/pmed37.txt,800,80,1234,99,1,676372.000000,9.539,9.539,107894,484.494,4.058,76.383,42.250,61.375
decoder,12,active,../Instances/aNpMP/pmed17.txt,400,10,1234,1731,1,53504.000000,2.157,13.414,1719404,661.310,4.067,160.634,42.250,60.125
decoder,12,active,../Instances/aNpMP/pmed35.txt,800,5,1234,1815,1,23810.000000,1.124,13.832,1794217,722.754,4.049,165.746,42.250,61.750
decoder,6,active,../Instances/aNpMP/pmed22.txt,500,10,1234,1298,1,62699.000000,3.112,12.910,1289649,636.536,4.062,77.515,42.250,59.500
decoder,8,active,../Instances/aNpMP/pmed2.txt,100,10,1234,7878,1,39421.000000,11.839,32.891,7823093,1435.763,4.056,263.079,42.250,59.250
decoder,8,active,../Instances/aNpMP/pmed14.txt,300,60,1234,353,1,349693.000000,10.538,10.538,369988,494.788,4.063,84.316,42.250,61.250
decoder,4,active,../Instances/aNpMP/pmed22.txt,500,10,1234,1298,1,62699.000000,3.957,16.429,1289649,731.903,4.068,65.775,42.250,61.250
decoder,6,active,../Instances/aNpMP/pmed29.txt,600,120,1234,86,1,860281.000000,10.220,10.333,97868,494.083,4.086,62.089,42.250,58.250
decoder,0,default,../Instances/aNpMP/pmed15.txt,300,100,1234,200,1,558328.000000,52.283,53.048,219499,1400.867,4.156,53.055,42.125,50.750
decoder,0,default,../Instances/aNpMP/pmed10.txt,200,67,1234,491,1,266370.000000,55.771,55.771,514301,1470.809,4.157,55.766,42.250,50.875
decoder,8,active,../Instances/aNpMP/pmed24.txt,500,100,1234,119,1,692253.000000,8.106,8.904,131964,428.246,4.066,71.293,42.125,60.625
decoder,8,active,../Instances/aNpMP/pmed33.txt,700,70,1234,114,1,519852.000000,7.984,8.482,123045,420.028,4.059,67.971,42.125,60.875
decoder,1,default,../Instances/aNpMP/pmed22.txt,500,10,1234,1298,1,62699.000000,13.381,57.306,1289649,1587.011,4.109,57.355,42.250,54.875
decoder,8,active,../Instances/aNpMP/pmed15.txt,300,100,1234,200,1,558328.000000,9.222,9.355,219499,434.566,4.067,74.849,42.250,60.500
decoder,2,active,../Instances/aNpMP/pmed38.txt,900,5,1234,1591,1,25560.000000,2.502,29.079,1572905,1055.323,4.068,58.412,42.250,59.750
decoder,0,default,../Instances/aNpMP/pmed18.txt,400,40,1234,375,1,244328.000000,52.967,55.145,384192,1474.873,4.158,55.170,42.250,51.875
decoder,6,active,../Instances/aNpMP/pmed13.txt,300,30,1234,708,1,149739.000000,5.940,12.463,715138,580.755,4.090,74.791,42.250,57.750
decoder,12,active,../Instances/aNpMP/pmed21.txt,500,5,1234,3280,1,21646.000000,0.160,20.328,3241637,983.990,4.074,243.478,42.250,60.250
decoder,12,active,../Instances/aNpMP/pmed19.txt,400,80,1234,192,1,494003.000000,7.430,7.572,205753,371.707,4.039,90.444,42.250,60.625
decoder,1,default,../Instances/aNpMP/pmed13.txt,300,30,1234,708,1,149739.000000,26.821,57.146,715138,1514.627,4.140,57.157,42.125,51.750
decoder,6,active,../Instances/aNpMP/pmed18.txt,400,40,1234,375,1,244328.000000,10.535,10.963,384192,515.955,4.090,65.810,42.250,57.625
decoder,6,active,../Instances/aNpMP/pmed23.txt,500,50,1234,246,1,325222.000000,10.875,10.917,255365,518.138,4.088,65.562,42.250,57.875
decoder,8,active,../Instances/aNpMP/pmed12.txt,300,10,1234,2439,1,53140.000000,0.328,17.474,2421807,815.001,4.063,139.776,42.250,60.625
decoder,12,active,../Instances/aNpMP/pmed15.txt,300,100,1234,200,1,558328.000000,7.248,7.352,219499,357.207,4.044,87.979,42.250,60.125
decoder,8,active,../Instances/aNpMP/pmed28.txt,600,60,1234,167,1,384219.000000,9.198,9.250,177084,461.735,4.065,74.024,42.250,61.000
decoder,0,default,../Instances/aNpMP/pmed2.txt,100,10,1234,7878,1,39421.000000,20.499,56.407,7823093,1516.024,4.153,56.395,42.250,54.250
decoder,2,active,../Instances/aNpMP/pmed2.txt,100,10,1234,7878,1,39421.000000,13.720,37.822,7823093,1224.672,3.906,75.642,42.250,55.625
decoder,1,default,../Instances/aNpMP/pmed12.txt,300,10,1234,2439,1,53140.000000,1.224,61.372,2421807,1674.225,4.075,61.376,42.125,54.875
decoder,1,default,../Instances/aNpMP/pmed34.txt,700,140,1234,62,1,1047633.000000,54.757,55.638,72307,1467.780,4.140,55.763,42.125,50.750
decoder,6,active,../Instances/aNpMP/pmed11.txt,300,5,1234,6020,1,17749.000000,0.108,25.644,5948757,1165.242,4.033,153.868,42.125,58.875
decoder,2,active,../Instances/aNpMP/pmed26.txt,600,5,1234,2534,1,22734.000000,0.501,30.616,2504589,1108.344,4.025,61.317,42.125,59.875
decoder,12,active,../Instances/aNpMP/pmed25.txt,500,167,1234,70,1,1148756.000000,4.506,6.562,82563,326.839,4.027,78.665,42.125,60.750
decoder,12,active,../Instances/aNpMP/pmed6.txt,200,5,1234,8951,1,19103.000000,0.194,42.920,8844585,1921.378,4.087,513.886,42.250,58.875
decoder,2,active,../Instances/aNpMP/pmed14.txt,300,60,1234,353,1,349693.000000,29.751,29.752,369988,943.184,4.123,59.514,42.250,53.500
decoder,12,active,../Instances/aNpMP/pmed37.txt,800,80,1234,99,1,676372.000000,6.942,6.942,107894,364.777,4.026,83.365,42.250,62.250
decoder,2,active,../Instances/aNpMP/pmed7.txt,200,10,1234,4098,1,45052.000000,27.084,34.836,4069590,1134.438,4.013,69.685,42.250,56.375
decoder,0,default,../Instances/aNpMP/pmed3.txt,100,10,1234,8063,1,43354.000000,0.480,59.849,8005511,1612.642,4.161,59.847,42.125,55.125
decoder,1,default,../Instances/aNpMP/pmed6.txt,200,5,1234,8951,1,19103.000000,0.313,65.515,8844585,1813.258,3.940,65.518,42.250,57.500
decoder,6,active,../Instances/aNpMP/pmed28.txt,600,60,1234,167,1,384219.000000,10.227,10.286,177084,489.620,4.086,61.812,42.125,57.750
decoder,2,active,../Instances/aNpMP/pmed4.txt,100,20,1234,3256,1,95489.000000,19.429,33.049,3247925,1042.768,4.021,66.091,42.125,53.875
decoder,6,active,../Instances/aNpMP/pmed32.txt,700,10,1234,953,1,67115.000000,5.714,11.994,947083,617.277,4.057,72.112,42.250,60.500
decoder,0,default,../Instances/aNpMP/pmed22.txt,500,10,1234,1298,1,62699.000000,12.870,55.214,1289649,1529.428,4.152,55.267,42.125,55.125
decoder,8,active,../Instances/aNpMP/pmed5.txt,100,33,1234,1979,1,117405.000000,3.842,16.478,1993199,735.142,4.079,131.789,42.125,59.000
decoder,6,active,../Instances/aNpMP/pmed15.txt,300,100,1234,200,1,558328.000000,10.292,10.441,219499,481.811,4.096,62.665,42.250,57.625
decoder,4,active,../Instances/aNpMP/pmed16.txt,400,5,1234,4063,1,18964.000000,0.419,22.107,4015241,955.378,4.013,88.461,42.250,61.625
decoder,8,active,../Instances/aNpMP/pmed8.txt,200,20,1234,1601,1,101029.000000,1.628,14.388,1598045,660.351,4.069,115.076,42.250,60.000
decoder,6,active,../Instances/aNpMP/pmed24.txt,500,100,1234,119,1,692253.000000,9.128,10.030,131964,475.650,4.092,60.246,42.125,57.750
decoder,4,active,../Instances/aNpMP/pmed34.txt,700,140,1234,62,1,1047633.000000,14.366,14.598,72307,594.048,4.127,58.537,42.250,57.625
decoder,12,active,../Instances/aNpMP/pmed29.txt,600,120,1234,86,1,860281.000000,6.837,6.910,97868,358.287,4.037,82.746,42.125,60.750
decoder,4,active,../Instances/aNpMP/pmed15.txt,300,100,1234,200,1,558328.000000,14.413,14.622,219499,571.542,4.122,58.503,42.125,56.125
decoder,6,active,../Instances/aNpMP/pmed5.txt,100,33,1234,1979,1,117405.000000,3.818,16.215,1993199,726.928,4.088,97.294,42.125,56.875
decoder,2,active,../Instances/aNpMP/pmed31.txt,700,5,1234,2143,1,23386.000000,1.564,30.720,2118281,1122.055,4.057,61.580,42.250,60.000
decoder,1,default,../Instances/aNpMP/pmed37.txt,800,80,1234,99,1,676372.000000,56.498,56.498,107894,1512.197,4.159,56.688,42.250,52.000
decoder,8,active,../Instances/aNpMP/pmed40.txt,900,90,1234,76,1,775798.000000,9.192,9.307,84207,472.362,4.051,74.562,42.250,61.875
decoder,4,active,../Instances/aNpMP/pmed11.txt,300,5,1234,6020,1,17749.000000,0.120,27.156,5948757,1133.724,4.001,108.641,42.250,62.000
decoder,6,active,../Instances/aNpMP/pmed9.txt,200,40,1234,791,1,198237.000000,8.131,12.816,804254,583.324,4.080,76.901,42.250,58.500
decoder,4,active,../Instances/aNpMP/pmed30.txt,600,200,1234,47,1,1602075.000000,13.880,14.175,58534,571.940,4.125,56.797,42.250,58.375
decoder,12,active,../Instances/aNpMP/pmed20.txt,400,133,1234,109,1,905518.000000,6.529,6.810,123586,346.626,4.039,81.487,42.250,60.875
decoder,1,default,../Instances/aNpMP/pmed14.txt,300,60,1234,353,1,349693.000000,57.583,57.583,369988,1527.845,4.152,57.597,42.250,52.000
decoder,4,active,../Instances/aNpMP/pmed13.txt,300,30,1234,708,1,149739.000000,7.868,16.628,715138,672.370,4.109,66.527,42.250,58.500
decoder,1,default,../Instances/aNpMP/pmed18.txt,400,40,1234,375,1,244328.000000,53.415,55.609,384192,1489.264,4.143,55.637,42.250,52.625
decoder,2,active,../Instances/aNpMP/pmed10.txt,200,67,1234,491,1,266370.000000,29.361,29.361,514301,926.027,4.134,58.729,42.250,53.750
decoder,12,active,../Instances/aNpMP/pmed26.txt,600,5,1234,2534,1,22734.000000,0.240,16.164,2504589,812.915,4.052,193.674,42.250,61.625
decoder,2,active,../Instances/aNpMP/pmed25.txt,500,167,1234,70,1,1148756.000000,18.525,27.228,82563,859.059,4.143,54.514,42.250,53.500
decoder,4,active,../Instances/aNpMP/pmed28.txt,600,60,1234,167,1,384219.000000,14.550,14.633,177084,597.436,4.120,58.629,42.250,58.875
decoder,4,active,../Instances/aNpMP/pmed7.txt,200,10,1234,4098,1,45052.000000,18.913,24.258,4069590,997.920,4.036,97.033,42.125,60.625
decoder,0,default,../Instances/aNpMP/pmed30.txt,600,200,1234,47,1,1602075.000000,52.639,53.769,58534,1424.281,4.163,53.862,42.250,52.250
decoder,4,active,../Instances/aNpMP/pmed25.txt,500,167,1234,70,1,1148756.000000,9.667,14.205,82563,567.356,4.122,56.879,42.250,58.000
decoder,2,active,../Instances/aNpMP/pmed21.txt,500,5,1234,3280,1,21646.000000,0.287,33.107,3241637,1203.292,4.005,66.255,42.250,60.500
decoder,4,active,../Instances/aNpMP/pmed10.txt,200,67,1234,491,1,266370.000000,16.424,16.424,514301,655.414,4.121,65.693,42.125,58.375
decoder,12,active,../Instances/aNpMP/pmed23.txt,500,50,1234,246,1,325222.000000,7.592,7.622,255365,393.945,4.041,91.243,42.250,61.375
decoder,12,active,../Instances/aNpMP/pmed30.txt,600,200,1234,47,1,1602075.000000,6.354,6.486,58534,342.165,4.028,77.668,42.125,61.125
decoder,1,default,../Instances/aNpMP/pmed31.txt,700,5,1234,2143,1,23386.000000,2.909,61.284,2118281,1722.217,4.099,61.414,42.250,58.750
decoder,8,active,../Instances/aNpMP/pmed38.txt,900,5,1234,1591,1,25560.000000,1.157,13.952,1572905,716.476,4.036,111.826,42.250,64.125
decoder,1,default,../Instances/aNpMP/pmed27.txt,600,10,1234,1147,1,57828.000000,4.830,56.450,1139277,1570.605,4.113,56.532,42.250,56.750
decoder,1,default,../Instances/aNpMP/pmed30.txt,600,200,1234,47,1,1602075.000000,52.454,53.583,58534,1421.537,4.162,53.672,42.250,52.125
decoder,6,active,../Instances/aNpMP/pmed17.txt,400,10,1234,1731,1,53504.000000,2.331,14.231,1719404,694.393,4.061,85.417,42.250,59.875
decoder,6,active,../Instances/aNpMP/pmed36.txt,800,10,1234,833,1,70897.000000,6.427,11.908,828249,627.645,4.049,71.643,42.250,61.750
decoder,8,active,../Instances/aNpMP/pmed25.txt,500,167,1234,70,1,1148756.000000,6.015,8.793,82563,423.071,4.062,70.402,42.250,61.625
decoder,12,active,../Instances/aNpMP/pmed34.txt,700,140,1234,62,1,1047633.000000,6.594,6.697,72307,363.617,4.026,80.351,42.250,61.750
decoder,0,default,../Instances/aNpMP/pmed5.txt,100,33,1234,1979,1,117405.000000,12.802,55.778,1993199,1485.270,4.157,55.766,42.125,52.625
decoder,2,active,../Instances/aNpMP/pmed35.txt,800,5,1234,1815,1,23810.000000,2.550,29.289,1794217,1074.922,4.063,58.770,42.125,60.625
decoder,12,active,../Instances/aNpMP/pmed2.txt,100,10,1234,7878,1,39421.000000,14.183,39.685,7823093,1751.620,4.087,475.179,42.250,59.500
decoder,12,active,../Instances/aNpMP/pmed12.txt,300,10,1234,2439,1,53140.000000,0.317,17.276,2421807,840.020,4.064,206.867,42.250,61.000
decoder,2,active,../Instances/aNpMP/pmed15.txt,300,100,1234,200,1,558328.000000,26.940,27.333,219499,866.602,4.144,54.680,42.250,54.000
decoder,12,active,../Instances/aNpMP/pmed24.txt,500,100,1234,119,1,692253.000000,6.117,6.709,131964,348.673,4.026,80.443,42.250,61.625
decoder,4,active,../Instances/aNpMP/pmed29.txt,600,120,1234,86,1,860281.000000,14.710,14.875,97868,605.570,4.126,59.595,42.250,58.750
decoder,4,active,../Instances/aNpMP/pmed2.txt,100,10,1234,7878,1,39421.000000,11.063,30.817,7823093,1202.971,4.005,123.263,42.250,59.000
decoder,0,default,../Instances/aNpMP/pmed25.txt,500,167,1234,70,1,1148756.000000,36.044,53.040,82563,1414.400,4.165,53.098,42.250,52.625
decoder,2,active,../Instances/aNpMP/pmed24.txt,500,100,1234,119,1,692253.000000,24.996,27.477,131964,877.494,4.139,55.009,42.250,53.875
decoder,6,active,../Instances/aNpMP/pmed31.txt,700,5,1234,2143,1,23386.000000,0.763,15.707,2118281,796.852,4.030,94.378,42.250,61.875
decoder,2,active,../Instances/aNpMP/pmed1.txt,100,5,1234,18964,1,15008.000000,0.076,51.017,18737429,1675.990,3.701,102.010,42.250,58.875
decoder,4,active,../Instances/aNpMP/pmed24.txt,500,100,1234,119,1,692253.000000,13.122,14.406,131964,579.959,4.119,57.684,42.250,59.000
decoder,0,default,../Instances/aNpMP/pmed6.txt,200,5,1234,8951,1,19103.000000,0.283,59.082,8844585,1648.064,4.158,59.076,42.125,59.375
decoder,0,default,../Instances/aNpMP/pmed40.txt,900,90,1234,76,1,775798.000000,54.251,54.938,84207,1472.412,4.144,55.183,42.250,52.750
decoder,1,default,../Instances/aNpMP/pmed20.txt,400,133,1234,109,1,905518.000000,50.491,52.741,123586,1401.977,4.161,52.773,42.250,52.125
decoder,1,default,../Instances/aNpMP/pmed38.txt,900,5,1234,1591,1,25560.000000,4.737,58.978,1572905,1652.741,4.092,59.223,42.250,59.125
decoder,0,default,../Instances/aNpMP/pmed32.txt,700,10,1234,953,1,67115.000000,26.470,56.465,947083,1564.221,4.159,56.599,42.250,56.375
decoder,0,default,../Instances/aNpMP/pmed8.txt,200,20,1234,1601,1,101029.000000,6.090,54.804,1598045,1461.231,4.159,54.801,42.250,53.500
decoder,12,active,../Instances/aNpMP/pmed32.txt,700,10,1234,953,1,67115.000000,4.817,10.024,947083,515.166,4.037,120.107,42.125,62.750
decoder,4,active,../Instances/aNpMP/pmed6.txt,200,5,1234,8951,1,19103.000000,0.158,35.982,8844585,1444.682,3.998,143.926,42.250,60.500
decoder,6,active,../Instances/aNpMP/pmed20.txt,400,133,1234,109,1,905518.000000,9.560,9.982,123586,463.294,4.087,59.925,42.250,58.750
decoder,2,active,../Instances/aNpMP/pmed32.txt,700,10,1234,953,1,67115.000000,14.214,29.949,947083,1073.092,4.085,60.030,42.250,58.000
decoder,2,active,../Instances/aNpMP/pmed36.txt,800,10,1234,833,1,70897.000000,16.313,30.587,828249,1096.928,4.085,61.353,42.375,58.125
decoder,12,active,../Instances/aNpMP/pmed1.txt,100,5,1234,18964,1,15008.000000,0.111,79.993,18737429,3379.393,4.083,957.914,42.250,60.375
decoder,8,active,../Instances/aNpMP/pmed29.txt,600,120,1234,86,1,860281.000000,9.156,9.258,97868,458.176,4.058,74.155,42.250,62.875
decoder,1,default,../Instances/aNpMP/pmed11.txt,300,5,1234,6020,1,17749.000000,0.284,63.647,5948757,1819.839,4.009,63.659,42.250,61.500
decoder,4,active,../Instances/aNpMP/pmed12.txt,300,10,1234,2439,1,53140.000000,0.408,20.683,2421807,861.053,4.061,82.751,42.250,61.250
decoder,0,default,../Instances/aNpMP/pmed29.txt,600,120,1234,86,1,860281.000000,55.320,55.944,97868,1497.218,4.152,56.028,42.250,52.625
decoder,6,active,../Instances/aNpMP/pmed19.txt,400,80,1234,192,1,494003.000000,10.298,10.507,205753,485.081,4.085,63.074,42.250,58.500
decoder,0,default,../Instances/aNpMP/pmed28.txt,600,60,1234,167,1,384219.000000,53.864,54.173,177084,1451.081,4.161,54.264,42.250,52.625
decoder,0,default,../Instances/aNpMP/pmed14.txt,300,60,1234,353,1,349693.000000,57.097,57.097,369988,1522.609,4.167,57.112,42.250,52.375
decoder,2,active,../Instances/aNpMP/pmed19.txt,400,80,1234,192,1,494003.000000,27.390,27.961,205753,883.765,4.141,55.955,42.125,53.500
decoder,0,default,../Instances/aNpMP/pmed31.txt,700,5,1234,2143,1,23386.000000,2.796,58.427,2118281,1656.868,4.161,58.562,42.250,59.500
decoder,1,default,../Instances/aNpMP/pmed24.txt,500,100,1234,119,1,692253.000000,48.854,53.717,131964,1434.969,4.153,53.771,42.250,52.500
decoder,12,active,../Instances/aNpMP/pmed9.txt,200,40,1234,791,1,198237.000000,6.616,10.455,804254,505.358,4.064,125.142,42.250,60.375
decoder,12,active,../Instances/aNpMP/pmed27.txt,600,10,1234,1147,1,57828.000000,0.922,10.731,1139277,565.810,4.039,128.670,42.250,62.250
decoder,4,active,../Instances/aNpMP/pmed27.txt,600,10,1234,1147,1,57828.000000,1.452,16.341,1139277,738.626,4.072,65.462,42.125,62.500
decoder,0,default,../Instances/aNpMP/pmed19.txt,400,80,1234,192,1,494003.000000,53.435,54.540,205753,1452.284,4.164,54.571,42.250,52.500
decoder,12,active,../Instances/aNpMP/pmed5.txt,100,33,1234,1979,1,117405.000000,3.671,15.769,1993199,703.157,4.080,188.778,42.250,59.375
decoder,12,active,../Instances/aNpMP/pmed11.txt,300,5,1234,6020,1,17749.000000,0.131,32.811,5948757,1482.005,4.077,392.847,42.250,60.750
decoder,0,default,../Instances/aNpMP/pmed4.txt,100,20,1234,3256,1,95489.000000,33.141,56.614,3247925,1522.330,4.167,56.610,42.250,54.000
decoder,6,active,../Instances/aNpMP/pmed30.txt,600,200,1234,47,1,1602075.000000,9.700,9.903,58534,467.807,4.082,59.516,42.250,58.750
decoder,2,active,../Instances/aNpMP/pmed23.txt,500,50,1234,246,1,325222.000000,29.197,29.311,255365,944.005,4.126,58.674,42.250,54.125
decoder,4,active,../Instances/aNpMP/pmed35.txt,800,5,1234,1815,1,23810.000000,1.472,17.209,1794217,795.359,4.038,69.033,42.250,64.625
decoder,8,active,../Instances/aNpMP/pmed39.txt,900,10,1234,707,1,66233.000000,10.422,10.581,702891,558.451,4.032,84.804,42.250,64.625
decoder,8,active,../Instances/aNpMP/pmed36.txt,800,10,1234,833,1,70897.000000,6.118,11.351,828249,598.817,4.039,91.004,42.250,64.500
decoder,1,default,../Instances/aNpMP/pmed16.txt,400,5,1234,4063,1,18964.000000,1.193,60.740,4015241,1708.009,4.049,60.772,42.250,60.000
decoder,8,active,../Instances/aNpMP/pmed21.txt,500,5,1234,3280,1,21646.000000,0.165,20.960,3241637,1002.021,4.039,167.520,42.250,62.750
decoder,4,active,../Instances/aNpMP/pmed38.txt,900,5,1234,1591,1,25560.000000,1.478,17.431,1572905,806.512,4.037,69.977,42.250,64.375
decoder,2,active,../Instances/aNpMP/pmed16.txt,400,5,1234,4063,1,18964.000000,0.633,32.918,4015241,1190.010,3.986,65.861,42.250,61.000
decoder,6,active,../Instances/aNpMP/pmed10.txt,200,67,1234,491,1,266370.000000,12.323,12.323,514301,559.689,4.087,73.939,42.250,58.625
decoder,4,active,../Instances/aNpMP/pmed18.txt,400,40,1234,375,1,244328.000000,14.697,15.293,384192,621.810,4.105,61.201,42.250,59.125
decoder,12,active,../Instances/aNpMP/pmed39.txt,900,10,1234,707,1,66233.000000,8.626,8.758,702891,479.688,4.028,105.092,42.250,63.375
decoder,0,default,../Instances/aNpMP/pmed33.txt,700,70,1234,114,1,519852.000000,47.904,50.943,123045,1360.723,4.143,51.070,42.250,52.625
decoder,8,active,../Instances/aNpMP/pmed31.txt,700,5,1234,2143,1,23386.000000,0.760,15.704,2118281,783.123,4.026,125.529,42.250,64.125
decoder,6,active,../Instances/aNpMP/pmed40.txt,900,90,1234,76,1,775798.000000,9.866,9.990,84207,501.388,4.080,60.198,42.250,59.875
decoder,6,active,../Instances/aNpMP/pmed38.txt,900,5,1234,1591,1,25560.000000,1.102,13.202,1572905,698.329,4.030,79.477,42.250,63.000
decoder,8,active,../Instances/aNpMP/pmed19.txt,400,80,1234,192,1,494003.000000,9.101,9.287,205753,440.549,4.060,74.329,42.250,61.875
decoder,2,active,../Instances/aNpMP/pmed18.txt,400,40,1234,375,1,244328.000000,27.505,28.625,384192,917.797,4.129,57.279,42.250,54.375
decoder,6,active,../Instances/aNpMP/pmed21.txt,500,5,1234,3280,1,21646.000000,0.159,19.552,3241637,953.711,4.040,117.373,42.250,61.125
decoder,0,default,../Instances/aNpMP/pmed11.txt,300,5,1234,6020,1,17749.000000,0.264,58.984,5948757,1690.477,4.158,58.993,42.250,61.875
decoder,2,active,../Instances/aNpMP/pmed27.txt,600,10,1234,1147,1,57828.000000,2.609,29.252,1139277,1048.698,4.069,58.586,42.250,58.625
decoder,8,active,../Instances/aNpMP/pmed34.txt,700,140,1234,62,1,1047633.000000,9.189,9.335,72307,449.373,4.052,74.699,42.250,62.125
decoder,12,active,../Instances/aNpMP/pmed4.txt,100,20,1234,3256,1,95489.000000,12.405,21.319,3247925,950.913,4.083,255.243,42.125,58.875
decoder,4,active,../Instances/aNpMP/pmed20.txt,400,133,1234,109,1,905518.000000,13.502,14.098,123586,560.760,4.128,56.430,42.250,58.625
decoder,2,active,../Instances/aNpMP/pmed28.txt,600,60,1234,167,1,384219.000000,27.875,28.034,177084,901.150,4.140,56.162,42.250,54.250
decoder,1,default,../Instances/aNpMP/pmed7.txt,200,10,1234,4098,1,45052.000000,47.444,61.033,4069590,1664.587,4.058,61.034,42.250,57.000
decoder,2,active,../Instances/aNpMP/pmed8.txt,200,20,1234,1601,1,101029.000000,3.499,30.569,1598045,976.036,4.070,61.130,42.250,54.750
decoder,6,active,../Instances/aNpMP/pmed33.txt,700,70,1234,114,1,519852.000000,8.922,9.477,123045,464.042,4.080,57.000,42.250,59.125
decoder,0,default,../Instances/aNpMP/pmed23.txt,500,50,1234,246,1,325222.000000,55.850,56.071,255365,1496.955,4.161,56.126,42.250,52.750
decoder,2,active,../Instances/aNpMP/pmed39.txt,900,10,1234,707,1,66233.000000,27.958,28.401,702891,1021.722,4.105,57.059,42.250,58.000
decoder,0,default,../Instances/aNpMP/pmed39.txt,900,10,1234,707,1,66233.000000,53.189,54.027,702891,1498.493,4.147,54.279,42.250,56.750
decoder,0,default,../Instances/aNpMP/pmed16.txt,400,5,1234,4063,1,18964.000000,1.096,56.532,4015241,1609.050,4.158,56.560,42.250,61.000
decoder,6,active,../Instances/aNpMP/pmed25.txt,500,167,1234,70,1,1148756.000000,6.763,9.884,82563,465.929,4.092,59.368,42.250,58.750
decoder,8,active,../Instances/aNpMP/pmed30.txt,600,200,1234,47,1,1602075.000000,8.657,8.845,58534,420.051,4.058,70.801,42.250,61.625
decoder,4,active,../Instances/aNpMP/pmed26.txt,600,5,1234,2534,1,22734.000000,0.300,18.709,2504589,850.646,4.032,74.934,42.125,63.875
decoder,4,active,../Instances/aNpMP/pmed19.txt,400,80,1234,192,1,494003.000000,14.584,14.880,205753,599.080,4.115,59.551,42.250,58.750
decoder,0,default,../Instances/aNpMP/pmed27.txt,600,10,1234,1147,1,57828.000000,4.635,54.349,1139277,1523.359,4.158,54.439,42.250,57.500
decoder,12,active,../Instances/aNpMP/pmed3.txt,100,10,1234,8063,1,43354.000000,0.298,42.353,8005511,1823.544,4.088,507.110,42.250,59.500
decoder,8,active,../Instances/aNpMP/pmed35.txt,800,5,1234,1815,1,23810.000000,1.154,13.956,1794217,713.509,4.024,111.817,42.250,65.375
decoder,2,active,../Instances/aNpMP/pmed17.txt,400,10,1234,1731,1,53504.000000,4.829,30.073,1719404,1066.311,4.073,60.179,42.250,58.500
decoder,1,default,../Instances/aNpMP/pmed3.txt,100,10,1234,8063,1,43354.000000,0.511,64.835,8005511,1759.194,3.965,64.825,42.250,56.625
decoder,1,default,../Instances/aNpMP/pmed9.txt,200,40,1234,791,1,198237.000000,35.620,56.717,804254,1508.012,4.137,56.715,42.250,52.875
decoder,1,default,../Instances/aNpMP/pmed33.txt,700,70,1234,114,1,519852.000000,47.704,50.741,123045,1356.984,4.158,50.881,42.250,52.750
decoder,6,active,../Instances/aNpMP/pmed2.txt,100,10,1234,7878,1,39421.000000,11.194,31.240,7823093,1353.146,4.038,187.433,42.250,58.750
decoder,4,active,../Instances/aNpMP/pmed39.txt,900,10,1234,707,1,66233.000000,14.824,15.053,702891,688.986,4.073,60.480,42.250,63.375
decoder,8,active,../Instances/aNpMP/pmed7.txt,200,10,1234,4098,1,45052.000000,17.901,23.119,4069590,1044.619,4.046,184.907,42.250,61.500
decoder,1,default,../Instances/aNpMP/pmed10.txt,200,67,1234,491,1,266370.000000,55.913,55.914,514301,1483.931,4.152,55.916,42.250,52.875
decoder,6,active,../Instances/aNpMP/pmed6.txt,200,5,1234,8951,1,19103.000000,0.145,33.398,8844585,1488.618,4.024,200.381,42.250,59.375
decoder,12,active,../Instances/aNpMP/pmed40.txt,900,90,1234,76,1,775798.000000,6.623,6.705,84207,381.105,4.023,80.441,42.250,63.375
decoder,1,default,../Instances/aNpMP/pmed26.txt,600,5,1234,2534,1,22734.000000,0.946,59.033,2504589,1663.572,4.084,59.122,42.250,60.000
decoder,1,default,../Instances/aNpMP/pmed4.txt,100,20,1234,3256,1,95489.000000,34.716,59.336,3247925,1586.940,4.074,59.328,42.250,53.750
decoder,12,active,../Instances/aNpMP/pmed16.txt,400,5,1234,4063,1,18964.000000,0.424,23.602,4015241,1097.629,4.071,282.644,42.250,60.875
decoder,1,default,../Instances/aNpMP/pmed25.txt,500,167,1234,70,1,1148756.000000,36.110,53.167,82563,1407.194,4.157,53.222,42.250,52.500
decoder,12,active,../Instances/aNpMP/pmed33.txt,700,70,1234,114,1,519852.000000,6.064,6.422,123045,343.791,4.020,76.933,42.250,61.750
decoder,0,default,../Instances/aNpMP/pmed35.txt,800,5,1234,1815,1,23810.000000,4.629,56.786,1794217,1593.982,4.163,56.980,42.125,59.500
decoder,2,active,../Instances/aNpMP/pmed40.txt,900,90,1234,76,1,775798.000000,27.677,28.026,84207,901.639,4.148,56.311,42.250,54.500
decoder,8,active,../Instances/aNpMP/pmed13.txt,300,30,1234,708,1,149739.000000,5.467,11.693,715138,561.015,4.053,93.478,42.250,61.625
decoder,8,active,../Instances/aNpMP/pmed6.txt,200,5,1234,8951,1,19103.000000,0.158,36.486,8844585,1618.568,4.039,291.755,42.250,61.250
decoder,6,active,../Instances/aNpMP/pmed26.txt,600,5,1234,2534,1,22734.000000,0.256,16.457,2504589,816.803,4.026,98.839,42.250,62.250
decoder,12,active,../Instances/aNpMP/pmed18.txt,400,40,1234,375,1,244328.000000,7.666,7.970,384192,411.053,4.039,95.401,42.250,61.750
decoder,12,active,../Instances/aNpMP/pmed14.txt,300,60,1234,353,1,349693.000000,8.466,8.466,369988,423.536,4.044,101.306,42.250,61.125
decoder,1,default,../Instances/aNpMP/pmed32.txt,700,10,1234,953,1,67115.000000,27.314,58.300,947083,1617.456,4.124,58.432,42.250,56.625
decoder,1,default,../Instances/aNpMP/pmed15.txt,300,100,1234,200,1,558328.000000,52.246,53.011,219499,1405.039,4.156,53.025,42.250,52.375
decoder,8,active,../Instances/aNpMP/pmed27.txt,600,10,1234,1147,1,57828.000000,1.063,12.555,1139277,632.686,4.036,100.387,42.250,63.250
decoder,4,active,../Instances/aNpMP/pmed40.txt,900,90,1234,76,1,775798.000000,14.396,14.576,84207,612.329,4.117,58.562,42.250,59.750
decoder,12,active,../Instances/aNpMP/pmed13.txt,300,30,1234,708,1,149739.000000,4.682,9.806,715138,470.843,4.050,117.372,42.250,60.875
decoder,0,default,../Instances/aNpMP/pmed20.txt,400,133,1234,109,1,905518.000000,50.620,52.876,123586,1405.423,4.166,52.909,42.250,52.250
decoder,6,active,../Instances/aNpMP/pmed1.txt,100,5,1234,18964,1,15008.000000,0.081,57.991,18737429,2421.479,4.018,347.934,42.250,58.875
decoder,4,active,../Instances/aNpMP/pmed23.txt,500,50,1234,246,1,325222.000000,15.305,15.365,255365,638.540,4.118,61.518,42.250,60.125
decoder,2,active,../Instances/aNpMP/pmed5.txt,100,33,1234,1979,1,117405.000000,7.222,31.151,1993199,982.058,4.072,62.294,42.250,54.625
decoder,8,active,../Instances/aNpMP/pmed10.txt,200,67,1234,491,1,266370.000000,11.535,11.535,514301,532.370,4.057,92.120,42.250,61.250
decoder,8,active,../Instances/aNpMP/pmed18.txt,400,40,1234,375,1,244328.000000,9.450,9.830,384192,475.258,4.056,78.667,42.250,61.750
decoder,6,active,../Instances/aNpMP/pmed27.txt,600,10,1234,1147,1,57828.000000,1.077,12.286,1139277,627.933,4.045,73.814,42.250,61.125
decoder,0,default,../Instances/aNpMP/pmed37.txt,800,80,1234,99,1,676372.000000,56.342,56.342,107894,1512.811,4.165,56.533,42.250,53.000
decoder,1,default,../Instances/aNpMP/pmed29.txt,600,120,1234,86,1,860281.000000,55.095,55.718,97868,1486.672,4.155,55.806,42.250,52.500
decoder,1,default,../Instances/aNpMP/pmed35.txt,800,5,1234,1815,1,23810.000000,4.833,59.294,1794217,1668.467,4.106,59.485,42.250,59.250
decoder,8,active,../Instances/aNpMP/pmed32.txt,700,10,1234,953,1,67115.000000,5.445,11.447,947083,586.610,4.037,91.700,42.250,64.125
decoder,8,active,../Instances/aNpMP/pmed4.txt,100,20,1234,3256,1,95489.000000,11.507,19.605,3247925,872.719,4.064,156.826,42.250,60.000
decoder,2,active,../Instances/aNpMP/pmed12.txt,300,10,1234,2439,1,53140.000000,0.644,31.442,2421807,1056.387,4.058,62.901,42.375,58.000
decoder,2,active,../Instances/aNpMP/pmed33.txt,700,70,1234,114,1,519852.000000,24.421,25.967,123045,833.776,4.142,52.075,42.250,54.250
decoder,0,default,../Instances/aNpMP/pmed17.txt,400,10,1234,1731,1,53504.000000,8.956,56.872,1719404,1582.956,4.143,56.888,42.250,57.000
decoder,0,default,../Instances/aNpMP/pmed21.txt,500,5,1234,3280,1,21646.000000,0.503,58.955,3241637,1721.403,4.139,58.995,42.250,61.500
decoder,6,active,../Instances/aNpMP/pmed35.txt,800,5,1234,1815,1,23810.000000,1.128,13.511,1794217,709.481,4.026,81.267,42.250,62.875
decoder,1,default,../Instances/aNpMP/pmed17.txt,400,10,1234,1731,1,53504.000000,9.273,58.976,1719404,1645.514,4.099,59.001,42.250,57.000
decoder,0,default,../Instances/aNpMP/pmed34.txt,700,140,1234,62,1,1047633.000000,54.531,55.404,72307,1484.489,4.153,55.535,42.250,52.750
decoder,2,active,../Instances/aNpMP/pmed20.txt,400,133,1234,109,1,905518.000000,25.847,26.992,123586,863.203,4.145,54.017,42.125,53.750
decoder,2,active,../Instances/aNpMP/pmed34.txt,700,140,1234,62,1,1047633.000000,28.026,28.471,72307,904.084,4.129,57.070,42.250,53.750
decoder,1,default,../Instances/aNpMP/pmed21.txt,500,5,1234,3280,1,21646.000000,0.531,62.478,3241637,1798.003,4.066,62.529,42.250,60.875
decoder,6,active,../Instances/aNpMP/pmed34.txt,700,140,1234,62,1,1047633.000000,10.093,10.252,72307,489.587,4.081,61.649,42.250,58.750
decoder,4,active,../Instances/aNpMP/pmed21.txt,500,5,1234,3280,1,21646.000000,0.199,22.437,3241637,1008.701,4.032,89.810,42.250,62.625
decoder,4,active,../Instances/aNpMP/pmed32.txt,700,10,1234,953,1,67115.000000,7.641,16.053,947083,728.873,4.067,64.355,42.250,62.875
decoder,0,default,../Instances/aNpMP/pmed12.txt,300,10,1234,2439,1,53140.000000,1.161,57.986,2421807,1598.392,4.163,57.998,42.250,56.750
decoder,4,active,../Instances/aNpMP/pmed1.txt,100,5,1234,18964,1,15008.000000,0.084,60.150,18737429,2235.891,3.972,240.576,42.250,58.875
decoder,4,active,../Instances/aNpMP/pmed17.txt,400,10,1234,1731,1,53504.000000,2.976,18.235,1719404,791.230,4.053,72.968,42.250,61.875
decoder,8,active,../Instances/aNpMP/pmed16.txt,400,5,1234,4063,1,18964.000000,0.399,21.696,4015241,1011.839,4.035,173.584,42.250,62.750
decoder,1,default,../Instances/aNpMP/pmed40.txt,900,90,1234,76,1,775798.000000,54.259,54.948,84207,1472.390,4.155,55.198,42.250,53.125
decoder,4,active,../Instances/aNpMP/pmed31.txt,700,5,1234,2143,1,23386.000000,0.938,18.792,2118281,858.278,4.037,75.302,42.250,64.125
decoder,4,active,../Instances/aNpMP/pmed33.txt,700,70,1234,114,1,519852.000000,12.856,13.665,123045,564.589,4.108,54.790,42.250,59.250
decoder,6,active,../Instances/aNpMP/pmed37.txt,800,80,1234,99,1,676372.000000,10.378,10.378,107894,513.441,4.087,62.459,42.125,59.500
decoder,1,default,../Instances/aNpMP/pmed28.txt,600,60,1234,167,1,384219.000000,54.274,54.586,177084,1462.439,4.152,54.673,42.250,52.750
decoder,1,default,../Instances/aNpMP/pmed36.txt,800,10,1234,833,1,70897.000000,31.335,59.009,828249,1642.637,4.139,59.197,42.250,56.250
decoder,6,active,../Instances/aNpMP/pmed16.txt,400,5,1234,4063,1,18964.000000,0.362,19.640,4015241,939.914,4.027,117.868,42.250,60.625
decoder,4,active,../Instances/aNpMP/pmed37.txt,800,80,1234,99,1,676372.000000,15.096,15.096,107894,642.681,4.115,60.567,42.250,60.000
decoder,12,active,../Instances/aNpMP/pmed31.txt,700,5,1234,2143,1,23386.000000,0.711,14.754,2118281,765.991,4.046,176.906,42.250,62.625
decoder,1,default,../Instances/aNpMP/pmed19.txt,400,80,1234,192,1,494003.000000,53.740,54.849,205753,1464.581,4.148,54.871,42.250,52.750
decoder,12,active,../Instances/aNpMP/pmed22.txt,500,10,1234,1298,1,62699.000000,2.716,11.297,1289649,569.192,4.046,135.414,42.250,61.750
decoder,8,active,../Instances/aNpMP/pmed26.txt,600,5,1234,2534,1,22734.000000,0.261,17.264,2504589,844.574,4.038,138.159,42.250,63.375
decoder,0,default,../Instances/aNpMP/pmed38.txt,900,5,1234,1591,1,25560.000000,4.576,56.851,1572905,1617.064,4.162,57.106,42.250,60.250
decoder,0,default,../Instances/aNpMP/pmed9.txt,200,40,1234,791,1,198237.000000,35.206,55.977,804254,1494.210,4.158,55.972,42.250,52.625
decoder,2,active,../Instances/aNpMP/pmed9.txt,200,40,1234,791,1,198237.000000,18.768,29.784,804254,942.086,4.123,59.570,42.250,54.000
decoder,4,active,../Instances/aNpMP/pmed4.txt,100,20,1234,3256,1,95489.000000,13.279,22.597,3247925,886.608,4.051,90.371,42.250,58.500
decoder,8,active,../Instances/aNpMP/pmed9.txt,200,40,1234,791,1,198237.000000,7.630,12.041,804254,555.127,4.059,96.308,42.250,61.125
decoder,4,active,../Instances/aNpMP/pmed8.txt,200,20,1234,1601,1,101029.000000,2.161,18.412,1598045,746.387,4.084,73.649,42.125,59.000
decoder,12,active,../Instances/aNpMP/pmed36.txt,800,10,1234,833,1,70897.000000,5.179,9.523,828249,509.049,4.033,114.165,42.250,63.125
decoder,6,active,../Instances/aNpMP/pmed4.txt,100,20,1234,3256,1,95489.000000,11.383,19.450,3247925,863.587,4.057,116.689,42.125,57.875
decoder,1,default,../Instances/aNpMP/pmed2.txt,100,10,1234,7878,1,39421.000000,22.116,61.163,7823093,1660.251,3.960,61.153,42.250,56.750
decoder,1,default,../Instances/aNpMP/pmed22.txt,500,10,1234,1298,2,62699.000000,13.341,57.186,1289649,1583.385,4.113,57.236,39.500,55.625
decoder,12,active,../Instances/aNpMP/pmed26.txt,600,5,1234,2534,2,22734.000000,0.233,16.149,2504589,807.977,4.050,193.473,42.500,61.750
decoder,4,active,../Instances/aNpMP/pmed5.txt,100,33,1234,1979,2,117405.000000,4.703,20.050,1993199,779.980,4.085,80.198,42.500,58.375
decoder,1,default,../Instances/aNpMP/pmed23.txt,500,50,1234,246,2,325222.000000,56.382,56.605,255365,1512.809,4.155,56.662,42.500,52.750
decoder,0,default,../Instances/aNpMP/pmed17.txt,400,10,1234,1731,2,53504.000000,8.879,56.569,1719404,1576.511,4.156,56.595,42.500,56.750
decoder,0,default,../Instances/aNpMP/pmed18.txt,400,40,1234,375,2,244328.000000,52.880,55.059,384192,1480.969,4.166,55.090,42.375,53.125
decoder,0,default,../Instances/aNpMP/pmed20.txt,400,133,1234,109,2,905518.000000,50.449,52.696,123586,1397.439,4.163,52.726,42.500,52.125
decoder,4,active,../Instances/aNpMP/pmed9.txt,200,40,1234,791,2,198237.000000,10.614,16.821,804254,675.872,4.108,67.287,42.500,58.250
decoder,1,default,../Instances/aNpMP/pmed27.txt,600,10,1234,1147,2,57828.000000,4.743,56.093,1139277,1564.924,4.122,56.185,42.500,57.000
decoder,2,active,../Instances/aNpMP/pmed32.txt,700,10,1234,953,2,67115.000000,14.024,29.716,947083,1069.914,4.099,59.582,42.500,58.000
decoder,0,default,../Instances/aNpMP/pmed31.txt,700,5,1234,2143,2,23386.000000,2.793,58.583,2118281,1656.362,4.167,58.725,42.500,60.000
decoder,8,active,../Instances/aNpMP/pmed40.txt,900,90,1234,76,2,775798.000000,9.017,9.128,84207,465.579,4.051,73.228,42.375,62.500
decoder,12,active,../Instances/aNpMP/pmed36.txt,800,10,1234,833,2,70897.000000,5.145,9.511,828249,522.379,4.031,114.154,42.500,63.000
decoder,8,active,../Instances/aNpMP/pmed36.txt,800,10,1234,833,2,70897.000000,6.116,11.347,828249,595.640,4.042,90.970,42.375,64.125
decoder,2,active,../Instances/aNpMP/pmed28.txt,600,60,1234,167,2,384219.000000,27.771,27.931,177084,900.298,4.144,55.961,42.500,54.250
decoder,2,active,../Instances/aNpMP/pmed39.txt,900,10,1234,707,2,66233.000000,28.058,28.501,702891,1029.125,4.099,57.263,42.500,58.000
decoder,4,active,../Instances/aNpMP/pmed39.txt,900,10,1234,707,2,66233.000000,14.876,15.107,702891,692.836,4.077,60.695,42.500,63.125
decoder,6,active,../Instances/aNpMP/pmed13.txt,300,30,1234,708,2,149739.000000,5.972,12.552,715138,590.773,4.083,75.329,42.500,59.000
decoder,4,active,../Instances/aNpMP/pmed35.txt,800,5,1234,1815,2,23810.000000,1.487,17.637,1794217,815.507,4.047,70.745,42.500,64.125
decoder,2,active,../Instances/aNpMP/pmed6.txt,200,5,1234,8951,2,19103.000000,0.189,39.907,8844585,1400.043,3.879,79.811,42.625,60.125
decoder,4,active,../Instances/aNpMP/pmed3.txt,100,10,1234,8063,2,43354.000000,0.256,34.512,8005511,1311.036,4.018,138.047,42.500,59.000
decoder,0,default,../Instances/aNpMP/pmed10.txt,200,67,1234,491,2,266370.000000,55.480,55.480,514301,1477.695,4.164,55.481,42.500,52.875
decoder,8,active,../Instances/aNpMP/pmed19.txt,400,80,1234,192,2,494003.000000,9.084,9.269,205753,437.505,4.058,74.183,42.500,61.750
decoder,8,active,../Instances/aNpMP/pmed6.txt,200,5,1234,8951,2,19103.000000,0.165,38.359,8844585,1708.148,4.046,306.749,42.500,61.000
decoder,1,default,../Instances/aNpMP/pmed1.txt,100,5,1234,18964,2,15008.000000,0.106,69.386,18737429,2136.161,3.716,69.345,42.500,62.125
decoder,12,active,../Instances/aNpMP/pmed37.txt,800,80,1234,99,2,676372.000000,6.940,6.940,107894,387.796,4.027,83.300,42.500,63.125
decoder,1,default,../Instances/aNpMP/pmed5.txt,100,33,1234,1979,2,117405.000000,13.101,56.770,1993199,1511.793,4.108,56.764,42.500,53.125
decoder,6,active,../Instances/aNpMP/pmed7.txt,200,10,1234,4098,2,45052.000000,16.281,20.910,4069590,952.642,4.047,125.468,42.500,59.875
decoder,0,default,../Instances/aNpMP/pmed21.txt,500,5,1234,3280,2,21646.000000,0.507,59.058,3241637,1713.717,4.156,59.109,42.500,61.500
decoder,12,active,../Instances/aNpMP/pmed9.txt,200,40,1234,791,2,198237.000000,6.564,10.373,804254,498.949,4.055,124.297,42.500,60.750
decoder,1,default,../Instances/aNpMP/pmed12.txt,300,10,1234,2439,2,53140.000000,1.228,60.863,2421807,1674.229,4.088,60.873,42.500,56.625
decoder,6,active,../Instances/aNpMP/pmed30.txt,600,200,1234,47,2,1602075.000000,9.579,9.781,58534,463.492,4.090,58.785,42.375,58.875
decoder,2,active,../Instances/aNpMP/pmed31.txt,700,5,1234,2143,2,23386.000000,1.551,30.857,2118281,1122.948,4.052,61.849,42.500,60.875
decoder,6,active,../Instances/aNpMP/pmed39.txt,900,10,1234,707,2,66233.000000,10.821,10.988,702891,580.278,4.047,66.198,42.500,62.000
decoder,6,active,../Instances/aNpMP/pmed31.txt,700,5,1234,2143,2,23386.000000,0.758,15.473,2118281,788.673,4.034,92.981,42.375,62.250
decoder,0,default,../Instances/aNpMP/pmed15.txt,300,100,1234,200,2,558328.000000,52.009,52.769,219499,1399.412,4.161,52.781,42.500,52.375
decoder,8,active,../Instances/aNpMP/pmed33.txt,700,70,1234,114,2,519852.000000,7.968,8.468,123045,424.337,4.049,67.879,42.500,61.750
decoder,8,active,../Instances/aNpMP/pmed16.txt,400,5,1234,4063,2,18964.000000,0.386,21.028,4015241,982.914,4.034,168.251,42.500,62.500
decoder,4,active,../Instances/aNpMP/pmed12.txt,300,10,1234,2439,2,53140.000000,0.397,20.025,2421807,839.246,4.054,80.116,42.500,61.375
decoder,2,active,../Instances/aNpMP/pmed16.txt,400,5,1234,4063,2,18964.000000,0.634,32.928,4015241,1182.026,3.997,65.890,42.500,60.500
decoder,6,active,../Instances/aNpMP/pmed27.txt,600,10,1234,1147,2,57828.000000,1.099,12.574,1139277,629.873,4.050,75.541,42.500,61.250
decoder,2,active,../Instances/aNpMP/pmed2.txt,100,10,1234,7878,2,39421.000000,13.678,37.604,7823093,1222.302,3.903,75.208,42.500,57.750
decoder,8,active,../Instances/aNpMP/pmed7.txt,200,10,1234,4098,2,45052.000000,16.966,21.828,4069590,989.287,4.041,174.626,42.500,61.625
decoder,4,active,../Instances/aNpMP/pmed29.txt,600,120,1234,86,2,860281.000000,14.718,14.883,97868,606.182,4.125,59.630,42.500,59.500
decoder,4,active,../Instances/aNpMP/pmed13.txt,300,30,1234,708,2,149739.000000,7.983,16.693,715138,671.704,4.105,66.785,42.500,59.250
decoder,1,default,../Instances/aNpMP/pmed4.txt,100,20,1234,3256,2,95489.000000,34.535,58.960,3247925,1576.626,4.076,58.954,42.500,53.500
decoder,4,active,../Instances/aNpMP/pmed21.txt,500,5,1234,3280,2,21646.000000,0.186,22.418,3241637,996.011,4.037,89.736,42.375,62.750
decoder,1,default,../Instances/aNpMP/pmed40.txt,900,90,1234,76,2,775798.000000,54.372,55.064,84207,1468.443,4.157,55.321,42.500,52.875
decoder,4,active,../Instances/aNpMP/pmed19.txt,400,80,1234,192,2,494003.000000,14.403,14.698,205753,586.084,4.126,58.837,42.375,58.375
decoder,12,active,../Instances/aNpMP/pmed3.txt,100,10,1234,8063,2,43354.000000,0.295,41.866,8005511,1810.708,4.091,501.593,42.500,59.375
decoder,2,active,../Instances/aNpMP/pmed33.txt,700,70,1234,114,2,519852.000000,24.572,26.122,123045,838.905,4.135,52.379,42.500,54.625
decoder,6,active,../Instances/aNpMP/pmed12.txt,300,10,1234,2439,2,53140.000000,0.340,17.564,2421807,819.779,4.055,105.394,42.500,59.625
decoder,6,active,../Instances/aNpMP/pmed10.txt,200,67,1234,491,2,266370.000000,12.326,12.326,514301,558.900,4.089,73.965,42.500,58.875
decoder,4,active,../Instances/aNpMP/pmed11.txt,300,5,1234,6020,2,17749.000000,0.118,27.094,5948757,1134.579,3.995,108.390,42.375,62.500
decoder,12,active,../Instances/aNpMP/pmed22.txt,500,10,1234,1298,2,62699.000000,2.781,11.379,1289649,587.489,4.046,136.333,42.500,62.125
decoder,8,active,../Instances/aNpMP/pmed15.txt,300,100,1234,200,2,558328.000000,9.467,9.605,219499,448.404,4.062,76.742,42.500,61.250
decoder,1,default,../Instances/aNpMP/pmed10.txt,200,67,1234,491,2,266370.000000,56.027,56.027,514301,1483.783,4.148,56.028,42.375,52.500
decoder,0,default,../Instances/aNpMP/pmed26.txt,600,5,1234,2534,2,22734.000000,0.909,56.295,2504589,1600.980,4.163,56.388,42.500,60.750
decoder,4,active,../Instances/aNpMP/pmed32.txt,700,10,1234,953,2,67115.000000,7.729,16.246,947083,734.301,4.063,65.123,42.500,62.500
decoder,8,active,../Instances/aNpMP/pmed24.txt,500,100,1234,119,2,692253.000000,8.131,8.929,131964,431.584,4.057,71.489,42.500,61.750
decoder,0,default,../Instances/aNpMP/pmed35.txt,800,5,1234,1815,2,23810.000000,4.631,56.831,1794217,1594.613,4.159,57.021,42.375,59.250
decoder,1,default,../Instances/aNpMP/pmed39.txt,900,10,1234,707,2,66233.000000,54.628,55.503,702891,1535.722,4.134,55.758,42.375,56.000
decoder,12,active,../Instances/aNpMP/pmed35.txt,800,5,1234,1815,2,23810.000000,1.084,13.178,1794217,690.639,4.040,158.079,42.500,62.750
decoder,4,active,../Instances/aNpMP/pmed10.txt,200,67,1234,491,2,266370.000000,16.535,16.535,514301,656.428,4.119,66.145,42.500,58.500
decoder,12,active,../Instances/aNpMP/pmed19.txt,400,80,1234,192,2,494003.000000,7.050,7.192,205753,348.828,4.033,86.195,42.500,61.250
decoder,1,default,../Instances/aNpMP/pmed33.txt,700,70,1234,114,2,519852.000000,47.769,50.814,123045,1355.930,4.155,50.951,42.500,52.250
decoder,2,active,../Instances/aNpMP/pmed13.txt,300,30,1234,708,2,149739.000000,14.037,29.714,715138,945.556,4.126,59.445,42.500,54.375
decoder,6,active,../Instances/aNpMP/pmed26.txt,600,5,1234,2534,2,22734.000000,0.255,16.306,2504589,809.089,4.035,97.936,42.500,61.250
decoder,0,default,../Instances/aNpMP/pmed39.txt,900,10,1234,707,2,66233.000000,53.150,53.988,702891,1493.077,4.148,54.238,42.500,56.500
decoder,8,active,../Instances/aNpMP/pmed26.txt,600,5,1234,2534,2,22734.000000,0.245,15.954,2504589,786.663,4.026,127.723,42.375,63.875
decoder,1,default,../Instances/aNpMP/pmed30.txt,600,200,1234,47,2,1602075.000000,52.503,53.630,58534,1419.812,4.156,53.718,42.500,52.375
decoder,0,default,../Instances/aNpMP/pmed5.txt,100,33,1234,1979,2,117405.000000,12.834,55.646,1993199,1477.343,4.165,55.642,42.500,53.000
decoder,1,default,../Instances/aNpMP/pmed11.txt,300,5,1234,6020,2,17749.000000,0.284,63.526,5948757,1784.777,4.004,63.537,42.500,61.000
decoder,12,active,../Instances/aNpMP/pmed28.txt,600,60,1234,167,2,384219.000000,6.893,6.933,177084,364.767,4.029,83.168,42.500,61.750
decoder,1,default,../Instances/aNpMP/pmed24.txt,500,100,1234,119,2,692253.000000,48.854,53.719,131964,1423.930,4.156,53.774,42.375,52.250
decoder,8,active,../Instances/aNpMP/pmed32.txt,700,10,1234,953,2,67115.000000,5.570,11.706,947083,594.032,4.040,93.791,42.500,63.750
decoder,0,default,../Instances/aNpMP/pmed29.txt,600,120,1234,86,2,860281.000000,55.315,55.940,97868,1483.712,4.154,56.025,42.500,52.375
decoder,0,default,../Instances/aNpMP/pmed36.txt,800,10,1234,833,2,70897.000000,30.360,57.224,828249,1580.235,4.151,57.406,42.500,56.125
decoder,8,active,../Instances/aNpMP/pmed4.txt,100,20,1234,3256,2,95489.000000,11.523,19.621,3247925,870.855,4.064,156.952,42.500,59.750
decoder,1,default,../Instances/aNpMP/pmed32.txt,700,10,1234,953,2,67115.000000,27.383,58.378,947083,1615.343,4.128,58.511,42.500,56.250
decoder,4,active,../Instances/aNpMP/pmed34.txt,700,140,1234,62,2,1047633.000000,14.475,14.703,72307,596.343,4.118,58.949,42.500,59.000
decoder,0,default,../Instances/aNpMP/pmed3.txt,100,10,1234,8063,2,43354.000000,0.482,60.101,8005511,1619.964,4.148,60.084,42.500,56.000
decoder,2,active,../Instances/aNpMP/pmed10.txt,200,67,1234,491,2,266370.000000,29.496,29.496,514301,918.813,4.119,58.992,42.500,53.625
decoder,8,active,../Instances/aNpMP/pmed9.txt,200,40,1234,791,2,198237.000000,7.439,11.776,804254,548.737,4.062,94.206,42.500,61.000
decoder,0,default,../Instances/aNpMP/pmed12.txt,300,10,1234,2439,2,53140.000000,1.158,58.037,2421807,1593.059,4.150,58.040,42.500,56.000
decoder,8,active,../Instances/aNpMP/pmed5.txt,100,33,1234,1979,2,117405.000000,3.846,16.221,1993199,722.353,4.071,129.732,42.500,60.125
decoder,1,default,../Instances/aNpMP/pmed21.txt,500,5,1234,3280,2,21646.000000,0.538,62.529,3241637,1786.909,4.066,62.583,42.500,61.000
decoder,6,active,../Instances/aNpMP/pmed2.txt,100,10,1234,7878,2,39421.000000,10.947,30.464,7823093,1325.919,4.036,182.784,42.500,58.500
decoder,12,active,../Instances/aNpMP/pmed16.txt,400,5,1234,4063,2,18964.000000,0.423,23.445,4015241,1100.753,4.066,280.907,42.500,61.250
decoder,2,active,../Instances/aNpMP/pmed25.txt,500,167,1234,70,2,1148756.000000,18.598,27.368,82563,857.871,4.133,54.785,42.500,54.000
decoder,6,active,../Instances/aNpMP/pmed35.txt,800,5,1234,1815,2,23810.000000,1.177,14.113,1794217,738.067,4.028,84.868,42.500,62.625
decoder,6,active,../Instances/aNpMP/pmed38.txt,900,5,1234,1591,2,25560.000000,1.119,13.513,1572905,713.123,4.026,81.342,42.500,62.625
decoder,12,active,../Instances/aNpMP/pmed32.txt,700,10,1234,953,2,67115.000000,4.588,9.784,947083,517.357,4.034,117.398,42.500,63.125
decoder,12,active,../Instances/aNpMP/pmed31.txt,700,5,1234,2143,2,23386.000000,0.704,14.836,2118281,771.682,4.045,177.905,42.500,62.500
decoder,6,active,../Instances/aNpMP/pmed34.txt,700,140,1234,62,2,1047633.000000,9.951,10.109,72307,497.574,4.087,60.798,42.500,59.375
decoder,2,active,../Instances/aNpMP/pmed18.txt,400,40,1234,375,2,244328.000000,27.563,28.695,384192,923.409,4.119,57.414,42.500,54.000
decoder,12,active,../Instances/aNpMP/pmed29.txt,600,120,1234,86,2,860281.000000,6.726,6.801,97868,343.996,4.027,81.585,42.375,61.750
decoder,1,default,../Instances/aNpMP/pmed6.txt,200,5,1234,8951,2,19103.000000,0.308,64.488,8844585,1787.730,3.934,64.480,42.500,58.750
decoder,4,active,../Instances/aNpMP/pmed26.txt,600,5,1234,2534,2,22734.000000,0.309,19.569,2504589,883.022,4.038,78.375,42.500,63.375
decoder,12,active,../Instances/aNpMP/pmed17.txt,400,10,1234,1731,2,53504.000000,2.122,13.093,1719404,637.293,4.049,156.943,42.500,61.625
decoder,8,active,../Instances/aNpMP/pmed31.txt,700,5,1234,2143,2,23386.000000,0.740,15.357,2118281,771.026,4.030,122.982,42.500,64.375
decoder,4,active,../Instances/aNpMP/pmed20.txt,400,133,1234,109,2,905518.000000,13.601,14.207,123586,564.721,4.126,56.864,42.375,58.375
decoder,2,active,../Instances/aNpMP/pmed14.txt,300,60,1234,353,2,349693.000000,29.642,29.642,369988,925.151,4.134,59.295,42.500,53.750
decoder,2,active,../Instances/aNpMP/pmed40.txt,900,90,1234,76,2,775798.000000,27.884,28.239,84207,908.967,4.134,56.731,42.375,53.875
decoder,2,active,../Instances/aNpMP/pmed3.txt,100,10,1234,8063,2,43354.000000,0.309,39.607,8005511,1288.771,3.908,79.207,42.375,57.375
decoder,6,active,../Instances/aNpMP/pmed37.txt,800,80,1234,99,2,676372.000000,10.358,10.358,107894,516.685,4.086,62.346,42.500,59.750
decoder,4,active,../Instances/aNpMP/pmed24.txt,500,100,1234,119,2,692253.000000,13.136,14.429,131964,581.033,4.111,57.775,42.375,58.375
decoder,6,active,../Instances/aNpMP/pmed6.txt,200,5,1234,8951,2,19103.000000,0.143,33.104,8844585,1490.935,4.028,198.629,42.500,59.250
decoder,4,active,../Instances/aNpMP/pmed31.txt,700,5,1234,2143,2,23386.000000,0.936,18.966,2118281,867.511,4.042,76.008,42.500,64.375
decoder,12,active,../Instances/aNpMP/pmed6.txt,200,5,1234,8951,2,19103.000000,0.182,42.661,8844585,1923.464,4.081,511.142,42.500,60.250
decoder,2,active,../Instances/aNpMP/pmed1.txt,100,5,1234,18964,2,15008.000000,0.077,50.506,18737429,1658.580,3.702,101.003,42.500,60.000
decoder,6,active,../Instances/aNpMP/pmed21.txt,500,5,1234,3280,2,21646.000000,0.152,18.496,3241637,911.046,4.028,111.036,42.500,61.625
decoder,0,default,../Instances/aNpMP/pmed14.txt,300,60,1234,353,2,349693.000000,57.383,57.383,369988,1522.628,4.159,57.392,42.500,52.750
decoder,2,active,../Instances/aNpMP/pmed36.txt,800,10,1234,833,2,70897.000000,16.127,30.222,828249,1084.075,4.107,60.635,42.500,58.125
decoder,6,active,../Instances/aNpMP/pmed18.txt,400,40,1234,375,2,244328.000000,10.542,10.962,384192,517.131,4.085,65.810,42.500,59.000
decoder,0,default,../Instances/aNpMP/pmed6.txt,200,5,1234,8951,2,19103.000000,0.279,58.667,8844585,1625.735,4.154,58.661,42.500,59.375
decoder,1,default,../Instances/aNpMP/pmed29.txt,600,120,1234,86,2,860281.000000,55.132,55.757,97868,1479.484,4.152,55.844,42.500,52.500
decoder,1,default,../Instances/aNpMP/pmed2.txt,100,10,1234,7878,2,39421.000000,22.102,61.152,7823093,1648.649,3.959,61.144,42.500,56.375
decoder,4,active,../Instances/aNpMP/pmed30.txt,600,200,1234,47,2,1602075.000000,14.024,14.321,58534,575.749,4.117,57.374,42.500,58.250
decoder,6,active,../Instances/aNpMP/pmed20.txt,400,133,1234,109,2,905518.000000,9.493,9.909,123586,458.520,4.093,59.494,42.375,58.250
decoder,8,active,../Instances/aNpMP/pmed11.txt,300,5,1234,6020,2,17749.000000,0.115,27.902,5948757,1266.029,4.037,223.225,42.500,61.875
decoder,2,active,../Instances/aNpMP/pmed12.txt,300,10,1234,2439,2,53140.000000,0.635,31.811,2421807,1087.822,4.032,63.622,42.500,57.750
decoder,2,active,../Instances/aNpMP/pmed27.txt,600,10,1234,1147,2,57828.000000,2.575,29.126,1139277,1046.595,4.079,58.336,42.500,58.875
decoder,0,default,../Instances/aNpMP/pmed30.txt,600,200,1234,47,2,1602075.000000,52.623,53.754,58534,1423.702,4.163,53.846,42.500,52.500
decoder,8,active,../Instances/aNpMP/pmed30.txt,600,200,1234,47,2,1602075.000000,8.552,8.735,58534,425.327,4.058,69.968,42.500,61.875
decoder,4,active,../Instances/aNpMP/pmed6.txt,200,5,1234,8951,2,19103.000000,0.154,34.037,8844585,1390.658,3.989,136.145,42.500,60.500
decoder,0,default,../Instances/aNpMP/pmed32.txt,700,10,1234,953,2,67115.000000,26.465,56.328,947083,1563.242,4.167,56.468,42.500,56.875
decoder,6,active,../Instances/aNpMP/pmed33.txt,700,70,1234,114,2,519852.000000,8.970,9.531,123045,458.312,4.069,57.325,42.500,58.750
decoder,1,default,../Instances/aNpMP/pmed25.txt,500,167,1234,70,2,1148756.000000,36.127,53.170,82563,1408.146,4.163,53.229,42.500,52.250
decoder,1,default,../Instances/aNpMP/pmed36.txt,800,10,1234,833,2,70897.000000,31.394,59.105,828249,1633.571,4.136,59.298,42.500,56.250
decoder,6,active,../Instances/aNpMP/pmed8.txt,200,20,1234,1601,2,101029.000000,1.701,14.831,1598045,675.150,4.074,88.993,42.500,58.750
decoder,6,active,../Instances/aNpMP/pmed19.txt,400,80,1234,192,2,494003.000000,10.295,10.503,205753,490.977,4.083,63.050,42.500,58.625
decoder,2,active,../Instances/aNpMP/pmed4.txt,100,20,1234,3256,2,95489.000000,19.420,33.079,3247925,1052.091,4.025,66.146,42.500,55.000
decoder,4,active,../Instances/aNpMP/pmed37.txt,800,80,1234,99,2,676372.000000,15.103,15.103,107894,638.951,4.120,60.603,42.500,59.625
decoder,2,active,../Instances/aNpMP/pmed21.txt,500,5,1234,3280,2,21646.000000,0.290,33.193,3241637,1210.313,4.005,66.429,42.375,60.875
decoder,6,active,../Instances/aNpMP/pmed4.txt,100,20,1234,3256,2,95489.000000,11.362,19.461,3247925,864.084,4.057,116.760,42.500,58.125
decoder,0,default,../Instances/aNpMP/pmed22.txt,500,10,1234,1298,2,62699.000000,12.836,55.131,1289649,1530.383,4.162,55.187,42.500,56.500
decoder,4,active,../Instances/aNpMP/pmed7.txt,200,10,1234,4098,2,45052.000000,18.610,23.991,4069590,992.586,4.035,95.966,42.500,60.875
decoder,4,active,../Instances/aNpMP/pmed18.txt,400,40,1234,375,2,244328.000000,14.681,15.269,384192,621.388,4.113,61.106,42.500,59.250
decoder,12,active,../Instances/aNpMP/pmed4.txt,100,20,1234,3256,2,95489.000000,12.504,21.305,3247925,954.364,4.085,255.224,42.500,59.000
decoder,2,active,../Instances/aNpMP/pmed29.txt,600,120,1234,86,2,860281.000000,28.317,28.634,97868,910.922,4.131,57.352,42.500,54.250
decoder,12,active,../Instances/aNpMP/pmed8.txt,200,20,1234,1601,2,101029.000000,1.480,13.597,1598045,658.500,4.071,162.915,42.500,60.125
decoder,6,active,../Instances/aNpMP/pmed16.txt,400,5,1234,4063,2,18964.000000,0.386,20.715,4015241,972.864,4.037,124.329,42.500,60.625
decoder,4,active,../Instances/aNpMP/pmed16.txt,400,5,1234,4063,2,18964.000000,0.445,23.198,4015241,1004.254,4.017,92.826,42.500,62.875
decoder,8,active,../Instances/aNpMP/pmed23.txt,500,50,1234,246,2,325222.000000,9.760,9.798,255365,477.166,4.055,78.430,42.500,62.250
decoder,12,active,../Instances/aNpMP/pmed12.txt,300,10,1234,2439,2,53140.000000,0.315,17.124,2421807,826.289,4.071,205.146,42.500,60.375
decoder,2,active,../Instances/aNpMP/pmed7.txt,200,10,1234,4098,2,45052.000000,27.126,34.846,4069590,1149.182,4.009,69.690,42.500,58.000
decoder,1,default,../Instances/aNpMP/pmed35.txt,800,5,1234,1815,2,23810.000000,4.815,59.296,1794217,1670.898,4.105,59.487,42.500,59.625
decoder,8,active,../Instances/aNpMP/pmed8.txt,200,20,1234,1601,2,101029.000000,1.587,14.000,1598045,646.899,4.053,111.992,42.500,61.250
decoder,8,active,../Instances/aNpMP/pmed22.txt,500,10,1234,1298,2,62699.000000,3.031,12.584,1289649,619.332,4.042,100.726,42.500,63.000
decoder,8,active,../Instances/aNpMP/pmed14.txt,300,60,1234,353,2,349693.000000,10.541,10.541,369988,492.735,4.064,84.343,42.500,61.500
decoder,0,default,../Instances/aNpMP/pmed27.txt,600,10,1234,1147,2,57828.000000,4.595,54.169,1139277,1504.457,4.163,54.261,42.500,57.125
decoder,12,active,../Instances/aNpMP/pmed7.txt,200,10,1234,4098,2,45052.000000,18.187,23.400,4069590,1084.016,4.076,280.363,42.500,60.250
decoder,12,active,../Instances/aNpMP/pmed11.txt,300,5,1234,6020,2,17749.000000,0.127,32.508,5948757,1477.948,4.077,389.359,42.500,60.875
decoder,8,active,../Instances/aNpMP/pmed10.txt,200,67,1234,491,2,266370.000000,11.244,11.244,514301,516.944,4.062,89.942,42.500,61.875
decoder,4,active,../Instances/aNpMP/pmed8.txt,200,20,1234,1601,2,101029.000000,2.175,18.587,1598045,751.605,4.076,74.345,42.375,59.000
decoder,4,active,../Instances/aNpMP/pmed40.txt,900,90,1234,76,2,775798.000000,14.307,14.488,84207,615.359,4.121,58.210,42.500,59.750
decoder,2,active,../Instances/aNpMP/pmed9.txt,200,40,1234,791,2,198237.000000,18.947,30.073,804254,945.672,4.102,60.133,42.500,53.875
decoder,0,default,../Instances/aNpMP/pmed11.txt,300,5,1234,6020,2,17749.000000,0.268,58.659,5948757,1662.222,4.156,58.667,42.375,61.375
decoder,1,default,../Instances/aNpMP/pmed38.txt,900,5,1234,1591,2,25560.000000,4.797,59.301,1572905,1655.117,4.098,59.552,42.500,59.000
decoder,1,default,../Instances/aNpMP/pmed20.txt,400,133,1234,109,2,905518.000000,50.774,53.041,123586,1400.344,4.161,53.073,42.500,52.125
decoder,0,default,../Instances/aNpMP/pmed7.txt,200,10,1234,4098,2,45052.000000,45.273,58.221,4069590,1572.571,4.155,58.216,42.375,56.250
decoder,0,default,../Instances/aNpMP/pmed40.txt,900,90,1234,76,2,775798.000000,54.076,54.765,84207,1455.421,4.165,55.024,42.375,52.625
decoder,0,default,../Instances/aNpMP/pmed8.txt,200,20,1234,1601,2,101029.000000,6.119,54.787,1598045,1456.936,4.161,54.785,42.500,53.375
decoder,6,active,../Instances/aNpMP/pmed24.txt,500,100,1234,119,2,692253.000000,9.124,10.025,131964,471.005,4.090,60.211,42.375,58.375
decoder,0,default,../Instances/aNpMP/pmed9.txt,200,40,1234,791,2,198237.000000,35.193,55.991,804254,1482.585,4.164,55.991,42.500,52.500
decoder,6,active,../Instances/aNpMP/pmed14.txt,300,60,1234,353,2,349693.000000,11.568,11.568,369988,533.099,4.092,69.424,42.375,58.250
decoder,8,active,../Instances/aNpMP/pmed27.txt,600,10,1234,1147,2,57828.000000,1.033,11.857,1139277,605.490,4.038,94.948,42.500,63.750
decoder,6,active,../Instances/aNpMP/pmed17.txt,400,10,1234,1731,2,53504.000000,2.324,14.180,1719404,692.634,4.058,85.108,42.500,60.375
decoder,4,active,../Instances/aNpMP/pmed1.txt,100,5,1234,18964,2,15008.000000,0.077,53.962,18737429,2003.832,3.948,215.803,42.500,58.875
decoder,8,active,../Instances/aNpMP/pmed37.txt,800,80,1234,99,2,676372.000000,9.456,9.456,107894,473.352,4.052,75.763,42.500,63.125
decoder,2,active,../Instances/aNpMP/pmed23.txt,500,50,1234,246,2,325222.000000,29.273,29.389,255365,938.906,4.115,58.819,42.500,54.125
decoder,1,default,../Instances/aNpMP/pmed9.txt,200,40,1234,791,2,198237.000000,35.684,56.826,804254,1503.251,4.136,56.818,42.500,52.625
decoder,6,active,../Instances/aNpMP/pmed36.txt,800,10,1234,833,2,70897.000000,6.418,11.893,828249,623.050,4.052,71.549,42.500,61.625
decoder,2,active,../Instances/aNpMP/pmed15.txt,300,100,1234,200,2,558328.000000,27.034,27.433,219499,857.802,4.133,54.868,42.500,53.375
decoder,12,active,../Instances/aNpMP/pmed20.txt,400,133,1234,109,2,905518.000000,6.393,6.703,123586,331.783,4.030,80.353,42.500,61.250
decoder,4,active,../Instances/aNpMP/pmed4.txt,100,20,1234,3256,2,95489.000000,13.238,22.472,3247925,866.196,4.058,89.879,42.375,58.250
decoder,1,default,../Instances/aNpMP/pmed7.txt,200,10,1234,4098,2,45052.000000,47.506,61.113,4069590,1649.493,4.049,61.108,42.500,56.375
decoder,6,active,../Instances/aNpMP/pmed11.txt,300,5,1234,6020,2,17749.000000,0.113,26.781,5948757,1214.226,4.033,160.676,42.500,59.875
decoder,8,active,../Instances/aNpMP/pmed2.txt,100,10,1234,7878,2,39421.000000,11.838,33.428,7823093,1443.086,4.046,267.144,42.500,60.375
decoder,4,active,../Instances/aNpMP/pmed27.txt,600,10,1234,1147,2,57828.000000,1.430,16.105,1139277,727.763,4.065,64.515,42.500,63.250
decoder,1,default,../Instances/aNpMP/pmed31.txt,700,5,1234,2143,2,23386.000000,2.930,61.407,2118281,1727.932,4.099,61.541,42.500,59.750
decoder,8,active,../Instances/aNpMP/pmed20.txt,400,133,1234,109,2,905518.000000,8.502,8.877,123586,419.404,4.057,71.042,42.500,61.625
decoder,8,active,../Instances/aNpMP/pmed13.txt,300,30,1234,708,2,149739.000000,5.498,11.599,715138,555.456,4.061,92.805,42.500,61.500
decoder,12,active,../Instances/aNpMP/pmed40.txt,900,90,1234,76,2,775798.000000,6.567,6.648,84207,377.916,4.023,79.872,42.500,62.500
decoder,1,default,../Instances/aNpMP/pmed8.txt,200,20,1234,1601,2,101029.000000,6.203,56.167,1598045,1490.399,4.111,56.160,42.500,53.375
decoder,6,active,../Instances/aNpMP/pmed22.txt,500,10,1234,1298,2,62699.000000,3.016,12.444,1289649,610.067,4.055,74.723,42.500,60.375
decoder,2,active,../Instances/aNpMP/pmed24.txt,500,100,1234,119,2,692253.000000,25.120,27.602,131964,867.973,4.137,55.256,42.500,53.750
decoder,0,default,../Instances/aNpMP/pmed24.txt,500,100,1234,119,2,692253.000000,48.541,53.371,131964,1412.371,4.158,53.424,42.500,52.250
decoder,8,active,../Instances/aNpMP/pmed21.txt,500,5,1234,3280,2,21646.000000,0.163,20.440,3241637,976.117,4.044,163.561,42.500,62.625
decoder,1,default,../Instances/aNpMP/pmed3.txt,100,10,1234,8063,2,43354.000000,0.512,64.931,8005511,1751.002,3.968,64.921,42.500,56.250
decoder,12,active,../Instances/aNpMP/pmed27.txt,600,10,1234,1147,2,57828.000000,0.930,10.817,1139277,566.876,4.040,129.690,42.500,62.250
decoder,1,default,../Instances/aNpMP/pmed17.txt,400,10,1234,1731,2,53504.000000,9.271,59.155,1719404,1642.206,4.111,59.187,42.500,56.625
decoder,2,active,../Instances/aNpMP/pmed11.txt,300,5,1234,6020,2,17749.000000,0.160,36.401,5948757,1295.846,3.932,72.799,42.375,60.250
decoder,12,active,../Instances/aNpMP/pmed24.txt,500,100,1234,119,2,692253.000000,6.139,6.742,131964,347.938,4.034,80.817,42.500,61.375
decoder,12,active,../Instances/aNpMP/pmed5.txt,100,33,1234,1979,2,117405.000000,3.711,15.705,1993199,705.807,4.080,188.130,42.500,59.375
decoder,8,active,../Instances/aNpMP/pmed34.txt,700,140,1234,62,2,1047633.000000,8.936,9.077,72307,452.351,4.055,72.756,42.500,62.125
decoder,0,default,../Instances/aNpMP/pmed2.txt,100,10,1234,7878,2,39421.000000,20.308,56.383,7823093,1515.705,4.151,56.369,42.500,56.250
decoder,6,active,../Instances/aNpMP/pmed5.txt,100,33,1234,1979,2,117405.000000,3.886,16.408,1993199,732.682,4.073,98.447,42.500,57.875
decoder,4,active,../Instances/aNpMP/pmed2.txt,100,10,1234,7878,2,39421.000000,11.617,32.317,7823093,1240.732,4.012,129.265,42.500,59.000
decoder,4,active,../Instances/aNpMP/pmed36.txt,800,10,1234,833,2,70897.000000,8.865,16.500,828249,744.222,4.065,66.188,42.500,62.750
decoder,0,default,../Instances/aNpMP/pmed34.txt,700,140,1234,62,2,1047633.000000,54.390,55.261,72307,1473.632,4.152,55.399,42.500,52.375
decoder,1,default,../Instances/aNpMP/pmed16.txt,400,5,1234,4063,2,18964.000000,1.165,60.344,4015241,1699.026,4.047,60.382,42.500,59.500
decoder,1,default,../Instances/aNpMP/pmed28.txt,600,60,1234,167,2,384219.000000,54.082,54.392,177084,1455.651,4.152,54.486,42.500,52.625
decoder,0,default,../Instances/aNpMP/pmed37.txt,800,80,1234,99,2,676372.000000,56.597,56.597,107894,1512.337,4.159,56.786,42.375,52.500
decoder,6,active,../Instances/aNpMP/pmed29.txt,600,120,1234,86,2,860281.000000,10.213,10.329,97868,489.336,4.087,62.072,42.375,58.500
decoder,0,default,../Instances/aNpMP/pmed4.txt,100,20,1234,3256,2,95489.000000,33.243,56.780,3247925,1514.845,4.155,56.771,42.500,53.250
decoder,12,active,../Instances/aNpMP/pmed15.txt,300,100,1234,200,2,558328.000000,7.163,7.267,219499,363.169,4.038,87.110,42.375,60.750
decoder,8,active,../Instances/aNpMP/pmed28.txt,600,60,1234,167,2,384219.000000,9.150,9.202,177084,456.703,4.056,73.715,42.500,61.750
decoder,2,active,../Instances/aNpMP/pmed8.txt,200,20,1234,1601,2,101029.000000,3.520,30.410,1598045,965.560,4.079,60.816,42.500,54.625
decoder,6,active,../Instances/aNpMP/pmed3.txt,100,10,1234,8063,2,43354.000000,0.233,32.204,8005511,1398.701,4.037,193.225,42.500,58.125
decoder,0,default,../Instances/aNpMP/pmed23.txt,500,50,1234,246,2,325222.000000,55.865,56.088,255365,1503.501,4.163,56.146,42.500,52.875
decoder,12,active,../Instances/aNpMP/pmed21.txt,500,5,1234,3280,2,21646.000000,0.160,20.249,3241637,985.149,4.062,242.649,42.375,61.250
decoder,6,active,../Instances/aNpMP/pmed9.txt,200,40,1234,791,2,198237.000000,8.085,12.713,804254,585.766,4.084,76.283,42.500,59.000
decoder,6,active,../Instances/aNpMP/pmed1.txt,100,5,1234,18964,2,15008.000000,0.082,58.271,18737429,2440.668,4.020,349.625,42.375,58.625
decoder,2,active,../Instances/aNpMP/pmed19.txt,400,80,1234,192,2,494003.000000,27.535,28.100,205753,890.527,4.135,56.234,42.500,54.500
decoder,12,active,../Instances/aNpMP/pmed39.txt,900,10,1234,707,2,66233.000000,8.605,8.737,702891,478.783,4.022,104.939,42.500,63.500
decoder,0,default,../Instances/aNpMP/pmed16.txt,400,5,1234,4063,2,18964.000000,1.096,56.600,4015241,1602.334,4.160,56.629,42.500,60.500
decoder,12,active,../Instances/aNpMP/pmed2.txt,100,10,1234,7878,2,39421.000000,13.539,37.915,7823093,1694.413,4.084,454.034,42.375,59.125
decoder,2,active,../Instances/aNpMP/pmed34.txt,700,140,1234,62,2,1047633.000000,27.763,28.211,72307,904.143,4.143,56.558,42.500,54.375
decoder,2,active,../Instances/aNpMP/pmed30.txt,600,200,1234,47,2,1602075.000000,26.984,27.563,58534,867.678,4.124,55.206,42.500,53.625
decoder,2,active,../Instances/aNpMP/pmed20.txt,400,133,1234,109,2,905518.000000,25.904,27.054,123586,850.409,4.150,54.145,42.500,53.500
decoder,12,active,../Instances/aNpMP/pmed14.txt,300,60,1234,353,2,349693.000000,8.404,8.404,369988,418.352,4.048,100.693,42.375,61.000
decoder,12,active,../Instances/aNpMP/pmed25.txt,500,167,1234,70,2,1148756.000000,4.381,6.471,82563,338.512,4.032,77.612,42.375,61.125
decoder,8,active,../Instances/aNpMP/pmed1.txt,100,5,1234,18964,2,15008.000000,0.092,66.000,18737429,2749.825,4.048,527.799,42.375,60.125
decoder,2,active,../Instances/aNpMP/pmed37.txt,800,80,1234,99,2,676372.000000,28.849,28.849,107894,933.384,4.151,57.892,42.500,55.125
decoder,0,default,../Instances/aNpMP/pmed28.txt,600,60,1234,167,2,384219.000000,53.940,54.250,177084,1449.191,4.166,54.345,42.625,52.875
decoder,1,default,../Instances/aNpMP/pmed13.txt,300,30,1234,708,2,149739.000000,26.906,57.384,715138,1533.261,4.141,57.397,42.500,53.125
decoder,8,active,../Instances/aNpMP/pmed17.txt,400,10,1234,1731,2,53504.000000,2.265,13.756,1719404,668.803,4.038,110.066,42.500,62.875
decoder,8,active,../Instances/aNpMP/pmed25.txt,500,167,1234,70,2,1148756.000000,6.016,8.791,82563,422.242,4.057,70.391,42.500,61.625
decoder,1,default,../Instances/aNpMP/pmed19.txt,400,80,1234,192,2,494003.000000,53.796,54.916,205753,1456.664,4.141,54.939,42.375,52.125
decoder,2,active,../Instances/aNpMP/pmed5.txt,100,33,1234,1979,2,117405.000000,7.198,31.021,1993199,971.473,4.074,62.038,42.500,54.125
decoder,2,active,../Instances/aNpMP/pmed17.txt,400,10,1234,1731,2,53504.000000,4.819,29.966,1719404,1058.418,4.071,59.958,42.500,57.750
decoder,1,default,../Instances/aNpMP/pmed37.txt,800,80,1234,99,2,676372.000000,56.642,56.642,107894,1514.645,4.146,56.821,42.500,52.500
decoder,0,default,../Instances/aNpMP/pmed25.txt,500,167,1234,70,2,1148756.000000,36.207,53.284,82563,1411.677,4.164,53.340,42.500,52.125
decoder,8,active,../Instances/aNpMP/pmed18.txt,400,40,1234,375,2,244328.000000,9.457,9.836,384192,471.851,4.059,78.711,42.500,61.625
decoder,12,active,../Instances/aNpMP/pmed38.txt,900,5,1234,1591,2,25560.000000,1.036,12.510,1572905,669.530,4.038,150.150,42.500,62.750
decoder,4,active,../Instances/aNpMP/pmed17.txt,400,10,1234,1731,2,53504.000000,2.868,17.514,1719404,760.872,4.063,70.091,42.375,61.625
decoder,1,default,../Instances/aNpMP/pmed18.txt,400,40,1234,375,2,244328.000000,53.540,55.736,384192,1486.208,4.134,55.753,42.500,52.750
decoder,8,active,../Instances/aNpMP/pmed29.txt,600,120,1234,86,2,860281.000000,9.137,9.239,97868,452.015,4.060,74.006,42.375,61.875
decoder,12,active,../Instances/aNpMP/pmed30.txt,600,200,1234,47,2,1602075.000000,6.288,6.425,58534,339.648,4.026,77.070,42.500,61.250
decoder,4,active,../Instances/aNpMP/pmed15.txt,300,100,1234,200,2,558328.000000,14.445,14.654,219499,579.537,4.126,58.629,42.375,57.500
decoder,8,active,../Instances/aNpMP/pmed35.txt,800,5,1234,1815,2,23810.000000,1.198,14.504,1794217,740.549,4.035,116.207,42.375,63.750
decoder,2,active,../Instances/aNpMP/pmed22.txt,500,10,1234,1298,2,62699.000000,6.902,29.200,1289649,1046.268,4.078,58.450,42.500,57.625
decoder,8,active,../Instances/aNpMP/pmed39.txt,900,10,1234,707,2,66233.000000,10.405,10.566,702891,560.110,4.037,84.784,42.500,64.500
decoder,2,active,../Instances/aNpMP/pmed26.txt,600,5,1234,2534,2,22734.000000,0.505,30.500,2504589,1113.811,4.026,61.083,42.500,60.875
decoder,4,active,../Instances/aNpMP/pmed38.txt,900,5,1234,1591,2,25560.000000,1.454,17.115,1572905,797.710,4.053,68.725,42.500,64.250
decoder,1,default,../Instances/aNpMP/pmed14.txt,300,60,1234,353,2,349693.000000,57.633,57.634,369988,1533.388,4.139,57.636,42.500,52.625
decoder,1,default,../Instances/aNpMP/pmed15.txt,300,100,1234,200,2,558328.000000,52.324,53.099,219499,1402.815,4.146,53.105,42.500,51.875
decoder,2,active,../Instances/aNpMP/pmed38.txt,900,5,1234,1591,2,25560.000000,2.504,29.083,1572905,1057.563,4.070,58.421,42.375,60.625
decoder,0,default,../Instances/aNpMP/pmed19.txt,400,80,1234,192,2,494003.000000,53.462,54.568,205753,1446.700,4.160,54.597,42.375,52.125
decoder,1,default,../Instances/aNpMP/pmed34.txt,700,140,1234,62,2,1047633.000000,54.497,55.370,72307,1470.277,4.149,55.499,42.375,52.125
decoder,6,active,../Instances/aNpMP/pmed15.txt,300,100,1234,200,2,558328.000000,10.283,10.431,219499,479.169,4.089,62.599,42.375,58.000
decoder,0,default,../Instances/aNpMP/pmed13.txt,300,30,1234,708,2,149739.000000,26.507,56.564,715138,1512.678,4.162,56.574,42.375,52.875
decoder,12,active,../Instances/aNpMP/pmed34.txt,700,140,1234,62,2,1047633.000000,6.574,6.677,72307,348.749,4.028,80.153,42.500,61.875
decoder,6,active,../Instances/aNpMP/pmed40.txt,900,90,1234,76,2,775798.000000,9.974,10.098,84207,504.261,4.078,60.847,42.500,59.000
decoder,0,default,../Instances/aNpMP/pmed38.txt,900,5,1234,1591,2,25560.000000,4.635,57.002,1572905,1595.507,4.154,57.257,42.375,58.875
decoder,12,active,../Instances/aNpMP/pmed1.txt,100,5,1234,18964,2,15008.000000,0.111,79.772,18737429,3357.106,4.084,955.797,42.500,60.125
decoder,0,default,../Instances/aNpMP/pmed33.txt,700,70,1234,114,2,519852.000000,47.881,50.936,123045,1359.258,4.147,51.064,42.625,53.000
decoder,6,active,../Instances/aNpMP/pmed23.txt,500,50,1234,246,2,325222.000000,10.816,10.858,255365,515.567,4.086,65.206,42.375,59.125
decoder,2,active,../Instances/aNpMP/pmed35.txt,800,5,1234,1815,2,23810.000000,2.532,29.349,1794217,1070.263,4.073,58.895,42.500,60.750
decoder,12,active,../Instances/aNpMP/pmed18.txt,400,40,1234,375,2,244328.000000,7.617,7.922,384192,403.889,4.040,94.943,42.500,61.250
decoder,6,active,../Instances/aNpMP/pmed32.txt,700,10,1234,953,2,67115.000000,5.790,12.165,947083,624.262,4.051,73.130,42.500,61.125
decoder,4,active,../Instances/aNpMP/pmed22.txt,500,10,1234,1298,2,62699.000000,3.906,16.237,1289649,724.345,4.058,65.002,42.375,62.000
decoder,0,default,../Instances/aNpMP/pmed1.txt,100,5,1234,18964,2,15008.000000,0.089,56.873,18737429,1587.986,4.147,56.857,42.500,61.000
decoder,4,active,../Instances/aNpMP/pmed23.txt,500,50,1234,246,2,325222.000000,15.304,15.364,255365,621.785,4.119,61.516,42.500,58.875
decoder,12,active,../Instances/aNpMP/pmed23.txt,500,50,1234,246,2,325222.000000,7.525,7.555,255365,371.441,4.035,90.578,42.500,61.500
decoder,4,active,../Instances/aNpMP/pmed33.txt,700,70,1234,114,2,519852.000000,12.864,13.667,123045,558.364,4.112,54.809,42.500,58.500
decoder,8,active,../Instances/aNpMP/pmed3.txt,100,10,1234,8063,2,43354.000000,0.249,34.414,8005511,1490.308,4.055,275.289,42.500,59.750
decoder,6,active,../Instances/aNpMP/pmed28.txt,600,60,1234,167,2,384219.000000,10.184,10.241,177084,488.328,4.080,61.545,42.500,59.500
decoder,4,active,../Instances/aNpMP/pmed25.txt,500,167,1234,70,2,1148756.000000,9.687,14.189,82563,571.769,4.128,56.820,42.500,58.375
decoder,4,active,../Instances/aNpMP/pmed14.txt,300,60,1234,353,2,349693.000000,16.138,16.138,369988,644.844,4.120,64.567,42.375,58.000
decoder,6,active,../Instances/aNpMP/pmed25.txt,500,167,1234,70,2,1148756.000000,6.727,9.844,82563,463.833,4.088,59.127,42.500,58.500
decoder,1,default,../Instances/aNpMP/pmed26.txt,600,5,1234,2534,2,22734.000000,0.937,58.825,2504589,1648.883,4.086,58.917,42.500,59.250
decoder,4,active,../Instances/aNpMP/pmed28.txt,600,60,1234,167,2,384219.000000,14.649,14.732,177084,599.025,4.115,59.022,42.500,59.000
decoder,12,active,../Instances/aNpMP/pmed13.txt,300,30,1234,708,2,149739.000000,4.648,9.780,715138,487.810,4.055,117.176,42.500,60.750
decoder,8,active,../Instances/aNpMP/pmed12.txt,300,10,1234,2439,2,53140.000000,0.320,16.692,2421807,793.530,4.045,133.548,42.375,61.875
decoder,8,active,../Instances/aNpMP/pmed38.txt,900,5,1234,1591,2,25560.000000,1.116,13.420,1572905,689.956,4.027,107.611,42.500,64.875
decoder,12,active,../Instances/aNpMP/pmed10.txt,200,67,1234,491,2,266370.000000,9.514,9.515,514301,460.337,4.054,114.005,42.500,60.750
decoder,12,active,../Instances/aNpMP/pmed33.txt,700,70,1234,114,2,519852.000000,5.977,6.345,123045,326.534,4.018,76.150,42.500,61.375
decoder,12,active,../Instances/aNpMP/pmed3.txt,100,10,1234,8063,3,43354.000000,0.295,42.075,8005511,1805.216,4.097,504.069,39.125,58.250
decoder,8,active,../Instances/aNpMP/pmed19.txt,400,80,1234,192,3,494003.000000,9.085,9.272,205753,443.093,4.055,74.200,42.125,62.000
decoder,0,default,../Instances/aNpMP/pmed20.txt,400,133,1234,109,3,905518.000000,50.656,52.917,123586,1395.892,4.166,52.950,42.125,51.875
decoder,6,active,../Instances/aNpMP/pmed21.txt,500,5,1234,3280,3,21646.000000,0.152,18.546,3241637,912.151,4.035,111.332,42.125,60.625
decoder,4,active,../Instances/aNpMP/pmed40.txt,900,90,1234,76,3,775798.000000,14.279,14.459,84207,615.429,4.124,58.097,42.000,59.625
decoder,8,active,../Instances/aNpMP/pmed34.txt,700,140,1234,62,3,1047633.000000,8.936,9.077,72307,446.021,4.056,72.759,42.125,62.000
decoder,4,active,../Instances/aNpMP/pmed20.txt,400,133,1234,109,3,905518.000000,13.609,14.206,123586,564.429,4.123,56.859,42.125,57.875
decoder,8,active,../Instances/aNpMP/pmed13.txt,300,30,1234,708,3,149739.000000,5.477,11.577,715138,551.267,4.061,92.618,42.125,61.375
decoder,8,active,../Instances/aNpMP/pmed31.txt,700,5,1234,2143,3,23386.000000,0.740,15.321,2118281,767.632,4.032,122.693,42.125,63.875
decoder,4,active,../Instances/aNpMP/pmed2.txt,100,10,1234,7878,3,39421.000000,11.044,30.688,7823093,1189.651,4.006,122.750,42.125,59.000
decoder,12,active,../Instances/aNpMP/pmed28.txt,600,60,1234,167,3,384219.000000,6.915,6.953,177084,367.515,4.028,83.388,42.125,61.750
decoder,2,active,../Instances/aNpMP/pmed38.txt,900,5,1234,1591,3,25560.000000,2.507,29.136,1572905,1061.636,4.067,58.526,42.000,60.125
decoder,0,default,../Instances/aNpMP/pmed32.txt,700,10,1234,953,3,67115.000000,26.632,56.594,947083,1569.051,4.149,56.723,42.125,56.125
decoder,8,active,../Instances/aNpMP/pmed5.txt,100,33,1234,1979,3,117405.000000,3.771,16.049,1993199,718.700,4.070,128.371,42.125,60.125
decoder,6,active,../Instances/aNpMP/pmed36.txt,800,10,1234,833,3,70897.000000,6.409,11.924,828249,621.512,4.048,71.742,42.125,61.375
decoder,6,active,../Instances/aNpMP/pmed4.txt,100,20,1234,3256,3,95489.000000,11.653,19.892,3247925,884.743,4.067,119.356,42.125,58.000
decoder,6,active,../Instances/aNpMP/pmed9.txt,200,40,1234,791,3,198237.000000,8.244,13.003,804254,590.810,4.076,78.020,42.125,58.375
decoder,6,active,../Instances/aNpMP/pmed25.txt,500,167,1234,70,3,1148756.000000,6.779,9.933,82563,463.423,4.086,59.656,42.125,58.375
decoder,2,active,../Instances/aNpMP/pmed28.txt,600,60,1234,167,3,384219.000000,27.969,28.129,177084,900.977,4.133,56.350,42.125,53.750
decoder,8,active,../Instances/aNpMP/pmed18.txt,400,40,1234,375,3,244328.000000,9.426,9.805,384192,473.466,4.058,78.471,42.125,61.625
decoder,0,default,../Instances/aNpMP/pmed10.txt,200,67,1234,491,3,266370.000000,55.576,55.576,514301,1467.828,4.161,55.577,42.125,51.875
decoder,8,active,../Instances/aNpMP/pmed40.txt,900,90,1234,76,3,775798.000000,8.878,8.990,84207,457.651,4.051,72.179,42.125,62.250
decoder,0,default,../Instances/aNpMP/pmed25.txt,500,167,1234,70,3,1148756.000000,36.100,53.149,82563,1401.117,4.155,53.203,42.000,51.625
decoder,8,active,../Instances/aNpMP/pmed2.txt,100,10,1234,7878,3,39421.000000,13.093,36.246,7823093,1535.607,4.059,289.509,42.125,59.500
decoder,2,active,../Instances/aNpMP/pmed15.txt,300,100,1234,200,3,558328.000000,26.964,27.356,219499,858.995,4.139,54.729,42.125,53.875
decoder,12,active,../Instances/aNpMP/pmed27.txt,600,10,1234,1147,3,57828.000000,0.918,10.794,1139277,549.381,4.041,129.407,42.125,62.125
decoder,1,default,../Instances/aNpMP/pmed30.txt,600,200,1234,47,3,1602075.000000,52.465,53.592,58534,1414.624,4.161,53.686,42.125,52.000
decoder,6,active,../Instances/aNpMP/pmed35.txt,800,5,1234,1815,3,23810.000000,1.181,14.117,1794217,727.468,4.032,84.901,42.000,62.125
decoder,2,active,../Instances/aNpMP/pmed11.txt,300,5,1234,6020,3,17749.000000,0.158,36.061,5948757,1289.142,3.941,72.132,42.125,60.125
decoder,6,active,../Instances/aNpMP/pmed17.txt,400,10,1234,1731,3,53504.000000,2.331,14.322,1719404,700.050,4.055,85.966,42.125,60.125
decoder,8,active,../Instances/aNpMP/pmed11.txt,300,5,1234,6020,3,17749.000000,0.119,28.929,5948757,1314.077,4.042,231.442,42.125,61.750
decoder,4,active,../Instances/aNpMP/pmed32.txt,700,10,1234,953,3,67115.000000,7.777,16.310,947083,732.772,4.070,65.382,42.125,62.750
decoder,8,active,../Instances/aNpMP/pmed22.txt,500,10,1234,1298,3,62699.000000,2.944,12.177,1289649,601.209,4.037,97.475,42.125,63.000
decoder,4,active,../Instances/aNpMP/pmed7.txt,200,10,1234,4098,3,45052.000000,18.792,24.148,4069590,998.601,4.038,96.596,42.125,60.875
decoder,4,active,../Instances/aNpMP/pmed5.txt,100,33,1234,1979,3,117405.000000,4.786,20.168,1993199,788.489,4.085,80.672,42.125,58.125
decoder,0,default,../Instances/aNpMP/pmed18.txt,400,40,1234,375,3,244328.000000,52.946,55.123,384192,1469.016,4.162,55.153,42.125,52.625
decoder,2,active,../Instances/aNpMP/pmed34.txt,700,140,1234,62,3,1047633.000000,27.883,28.327,72307,897.352,4.142,56.791,42.125,53.500
decoder,12,active,../Instances/aNpMP/pmed14.txt,300,60,1234,353,3,349693.000000,8.343,8.343,369988,410.743,4.047,99.968,42.125,60.875
decoder,0,default,../Instances/aNpMP/pmed39.txt,900,10,1234,707,3,66233.000000,53.003,53.843,702891,1487.700,4.162,54.101,42.125,55.875
decoder,2,active,../Instances/aNpMP/pmed5.txt,100,33,1234,1979,3,117405.000000,7.344,31.390,1993199,986.905,4.062,62.767,42.125,53.875
decoder,8,active,../Instances/aNpMP/pmed21.txt,500,5,1234,3280,3,21646.000000,0.155,19.229,3241637,934.933,4.035,153.892,42.125,62.750
decoder,0,default,../Instances/aNpMP/pmed40.txt,900,90,1234,76,3,775798.000000,54.069,54.758,84207,1466.520,4.164,55.014,42.125,52.750
decoder,12,active,../Instances/aNpMP/pmed13.txt,300,30,1234,708,3,149739.000000,4.609,9.729,715138,476.216,4.057,116.592,42.000,60.500
decoder,12,active,../Instances/aNpMP/pmed31.txt,700,5,1234,2143,3,23386.000000,0.700,14.732,2118281,744.629,4.049,176.663,42.000,62.250
decoder,4,active,../Instances/aNpMP/pmed27.txt,600,10,1234,1147,3,57828.000000,1.434,16.156,1139277,727.020,4.070,64.722,42.125,62.250
decoder,12,active,../Instances/aNpMP/pmed19.txt,400,80,1234,192,3,494003.000000,7.066,7.209,205753,365.951,4.039,86.398,42.000,61.000
decoder,4,active,../Instances/aNpMP/pmed30.txt,600,200,1234,47,3,1602075.000000,13.882,14.176,58534,568.840,4.125,56.802,42.125,58.000
decoder,1,default,../Instances/aNpMP/pmed37.txt,800,80,1234,99,3,676372.000000,56.763,56.763,107894,1517.053,4.152,56.948,42.000,52.000
decoder,1,default,../Instances/aNpMP/pmed15.txt,300,100,1234,200,3,558328.000000,52.210,52.973,219499,1406.004,4.156,52.987,42.125,51.750
decoder,4,active,../Instances/aNpMP/pmed33.txt,700,70,1234,114,3,519852.000000,12.739,13.540,123045,551.903,4.122,54.302,42.000,58.250
decoder,2,active,../Instances/aNpMP/pmed33.txt,700,70,1234,114,3,519852.000000,24.631,26.182,123045,838.034,4.127,52.498,42.000,53.250
decoder,1,default,../Instances/aNpMP/pmed17.txt,400,10,1234,1731,3,53504.000000,9.328,59.120,1719404,1641.478,4.100,59.148,42.125,56.250
decoder,1,default,../Instances/aNpMP/pmed35.txt,800,5,1234,1815,3,23810.000000,4.853,59.137,1794217,1659.899,4.093,59.321,42.125,58.875
decoder,12,active,../Instances/aNpMP/pmed2.txt,100,10,1234,7878,3,39421.000000,14.262,39.827,7823093,1735.612,4.090,477.171,42.000,59.000
decoder,0,default,../Instances/aNpMP/pmed14.txt,300,60,1234,353,3,349693.000000,57.262,57.262,369988,1524.118,4.167,57.276,42.125,52.625
decoder,0,default,../Instances/aNpMP/pmed12.txt,300,10,1234,2439,3,53140.000000,1.164,58.099,2421807,1590.593,4.154,58.104,42.125,55.875
decoder,0,default,../Instances/aNpMP/pmed2.txt,100,10,1234,7878,3,39421.000000,20.347,56.330,7823093,1527.238,4.168,56.327,42.125,56.000
decoder,4,active,../Instances/aNpMP/pmed14.txt,300,60,1234,353,3,349693.000000,16.066,16.066,369988,638.658,4.118,64.278,42.000,57.750
decoder,1,default,../Instances/aNpMP/pmed14.txt,300,60,1234,353,3,349693.000000,57.479,57.479,369988,1523.207,4.149,57.490,42.000,52.125
decoder,0,default,../Instances/aNpMP/pmed34.txt,700,140,1234,62,3,1047633.000000,54.361,55.242,72307,1466.288,4.153,55.371,42.000,52.000
decoder,12,active,../Instances/aNpMP/pmed17.txt,400,10,1234,1731,3,53504.000000,2.124,13.106,1719404,644.500,4.055,157.041,42.125,61.125
decoder,1,default,../Instances/aNpMP/pmed18.txt,400,40,1234,375,3,244328.000000,53.441,55.633,384192,1482.705,4.138,55.656,42.125,52.500
decoder,12,active,../Instances/aNpMP/pmed15.txt,300,100,1234,200,3,558328.000000,7.227,7.332,219499,348.375,4.039,87.849,42.125,60.500
decoder,12,active,../Instances/aNpMP/pmed9.txt,200,40,1234,791,3,198237.000000,6.539,10.314,804254,486.264,4.071,123.562,42.000,59.875
decoder,1,default,../Instances/aNpMP/pmed9.txt,200,40,1234,791,3,198237.000000,35.791,56.935,804254,1509.278,4.134,56.930,42.125,52.250
decoder,0,default,../Instances/aNpMP/pmed21.txt,500,5,1234,3280,3,21646.000000,0.505,58.753,3241637,1661.242,4.164,58.810,42.000,59.500
decoder,12,active,../Instances/aNpMP/pmed34.txt,700,140,1234,62,3,1047633.000000,6.526,6.628,72307,354.965,4.031,79.567,42.125,61.750
decoder,0,default,../Instances/aNpMP/pmed30.txt,600,200,1234,47,3,1602075.000000,52.632,53.763,58534,1416.872,4.163,53.854,42.125,51.625
decoder,12,active,../Instances/aNpMP/pmed26.txt,600,5,1234,2534,3,22734.000000,0.248,16.793,2504589,827.106,4.058,201.283,42.125,61.125
decoder,12,active,../Instances/aNpMP/pmed8.txt,200,20,1234,1601,3,101029.000000,1.512,13.609,1598045,649.096,4.072,163.041,42.125,59.750
decoder,4,active,../Instances/aNpMP/pmed35.txt,800,5,1234,1815,3,23810.000000,1.483,17.629,1794217,805.540,4.044,70.709,42.125,63.875
decoder,8,active,../Instances/aNpMP/pmed32.txt,700,10,1234,953,3,67115.000000,5.595,11.740,947083,602.472,4.043,94.071,42.125,63.750
decoder,0,default,../Instances/aNpMP/pmed28.txt,600,60,1234,167,3,384219.000000,54.031,54.341,177084,1442.449,4.160,54.432,42.000,52.250
decoder,12,active,../Instances/aNpMP/pmed12.txt,300,10,1234,2439,3,53140.000000,0.307,16.888,2421807,818.630,4.072,202.310,42.125,60.000
decoder,1,default,../Instances/aNpMP/pmed10.txt,200,67,1234,491,3,266370.000000,56.140,56.140,514301,1489.787,4.148,56.140,42.125,52.250
decoder,6,active,../Instances/aNpMP/pmed13.txt,300,30,1234,708,3,149739.000000,5.975,12.509,715138,588.921,4.084,75.071,42.125,58.375
decoder,6,active,../Instances/aNpMP/pmed7.txt,200,10,1234,4098,3,45052.000000,16.974,21.768,4069590,990.388,4.047,130.606,42.000,59.000
decoder,1,default,../Instances/aNpMP/pmed39.txt,900,10,1234,707,3,66233.000000,55.015,55.883,702891,1550.923,4.131,56.138,42.125,55.875
decoder,0,default,../Instances/aNpMP/pmed24.txt,500,100,1234,119,3,692253.000000,48.657,53.493,131964,1432.069,4.151,53.543,42.125,51.875
decoder,8,active,../Instances/aNpMP/pmed30.txt,600,200,1234,47,3,1602075.000000,8.573,8.758,58534,435.557,4.057,70.150,42.125,61.625
decoder,8,active,../Instances/aNpMP/pmed14.txt,300,60,1234,353,3,349693.000000,10.506,10.507,369988,497.267,4.068,84.064,42.125,61.125
decoder,1,default,../Instances/aNpMP/pmed40.txt,900,90,1234,76,3,775798.000000,54.402,55.092,84207,1479.690,4.157,55.349,42.125,51.875
decoder,12,active,../Instances/aNpMP/pmed36.txt,800,10,1234,833,3,70897.000000,5.104,9.433,828249,518.733,4.030,113.193,42.125,62.625
decoder,2,active,../Instances/aNpMP/pmed23.txt,500,50,1234,246,3,325222.000000,29.355,29.471,255365,1010.271,4.131,58.995,42.125,57.000
decoder,1,default,../Instances/aNpMP/pmed5.txt,100,33,1234,1979,3,117405.000000,13.111,57.005,1993199,1566.975,4.096,56.986,42.125,55.000
decoder,2,active,../Instances/aNpMP/pmed22.txt,500,10,1234,1298,3,62699.000000,6.986,29.391,1289649,1049.719,4.071,58.827,42.125,57.500
decoder,12,active,../Instances/aNpMP/pmed25.txt,500,167,1234,70,3,1148756.000000,4.623,6.699,82563,346.498,4.030,80.194,42.125,61.250
decoder,12,active,../Instances/aNpMP/pmed29.txt,600,120,1234,86,3,860281.000000,7.198,7.272,97868,369.688,4.031,86.883,42.125,61.125
decoder,1,default,../Instances/aNpMP/pmed21.txt,500,5,1234,3280,3,21646.000000,0.532,62.344,3241637,1762.875,4.068,62.395,42.125,59.750
decoder,12,active,../Instances/aNpMP/pmed6.txt,200,5,1234,8951,3,19103.000000,0.188,44.292,8844585,1981.858,4.088,530.645,42.250,60.000
decoder,0,default,../Instances/aNpMP/pmed19.txt,400,80,1234,192,3,494003.000000,53.342,54.443,205753,1456.306,4.154,54.465,42.125,52.750
decoder,8,active,../Instances/aNpMP/pmed27.txt,600,10,1234,1147,3,57828.000000,1.060,12.224,1139277,618.093,4.041,97.885,42.000,63.500
decoder,12,active,../Instances/aNpMP/pmed23.txt,500,50,1234,246,3,325222.000000,7.547,7.578,255365,392.154,4.038,90.837,42.125,61.500
decoder,12,active,../Instances/aNpMP/pmed20.txt,400,133,1234,109,3,905518.000000,6.436,6.717,123586,343.045,4.030,80.508,42.000,60.875
decoder,2,active,../Instances/aNpMP/pmed8.txt,200,20,1234,1601,3,101029.000000,3.489,30.551,1598045,966.206,4.065,61.081,42.125,54.250
decoder,6,active,../Instances/aNpMP/pmed30.txt,600,200,1234,47,3,1602075.000000,9.571,9.773,58534,464.319,4.086,58.738,42.000,58.500
decoder,1,default,../Instances/aNpMP/pmed8.txt,200,20,1234,1601,3,101029.000000,6.273,56.497,1598045,1512.293,4.106,56.488,42.000,53.375
decoder,1,default,../Instances/aNpMP/pmed1.txt,100,5,1234,18964,3,15008.000000,0.106,68.821,18737429,1911.442,3.728,68.807,42.125,59.375
decoder,8,active,../Instances/aNpMP/pmed37.txt,800,80,1234,99,3,676372.000000,9.160,9.160,107894,487.264,4.123,73.456,42.250,62.625
decoder,4,active,../Instances/aNpMP/pmed29.txt,600,120,1234,86,3,860281.000000,14.441,14.605,97868,606.988,4.175,58.510,42.125,58.625
decoder,6,active,../Instances/aNpMP/pmed34.txt,700,140,1234,62,3,1047633.000000,9.881,10.039,72307,506.424,4.151,60.362,42.125,58.875
decoder,6,active,../Instances/aNpMP/pmed12.txt,300,10,1234,2439,3,53140.000000,0.307,16.608,2421807,815.572,4.095,99.659,42.125,59.750
decoder,4,active,../Instances/aNpMP/pmed1.txt,100,5,1234,18964,3,15008.000000,0.078,59.223,18737429,2216.582,3.989,236.882,42.125,58.875
decoder,8,active,../Instances/aNpMP/pmed23.txt,500,50,1234,246,3,325222.000000,9.602,9.640,255365,495.750,4.118,77.167,42.125,62.625
decoder,2,active,../Instances/aNpMP/pmed2.txt,100,10,1234,7878,3,39421.000000,13.517,37.564,7823093,1233.744,3.919,75.122,42.125,57.750
decoder,6,active,../Instances/aNpMP/pmed40.txt,900,90,1234,76,3,775798.000000,9.745,9.869,84207,518.823,4.148,59.457,42.125,59.875
decoder,4,active,../Instances/aNpMP/pmed11.txt,300,5,1234,6020,3,17749.000000,0.118,29.204,5948757,1225.359,4.033,116.822,42.125,61.750
decoder,2,active,../Instances/aNpMP/pmed24.txt,500,100,1234,119,3,692253.000000,24.751,27.222,131964,880.262,4.170,54.499,42.125,54.125
decoder,0,default,../Instances/aNpMP/pmed7.txt,200,10,1234,4098,3,45052.000000,44.743,57.614,4069590,1563.004,4.174,57.613,42.125,56.625
decoder,12,active,../Instances/aNpMP/pmed33.txt,700,70,1234,114,3,519852.000000,5.813,6.181,123045,359.098,4.118,74.181,42.125,62.125
decoder,6,active,../Instances/aNpMP/pmed32.txt,700,10,1234,953,3,67115.000000,5.577,11.907,947083,638.697,4.106,71.578,42.125,61.375
decoder,4,active,../Instances/aNpMP/pmed34.txt,700,140,1234,62,3,1047633.000000,14.368,14.601,72307,608.422,4.159,58.525,42.125,59.000
decoder,1,default,../Instances/aNpMP/pmed26.txt,600,5,1234,2534,3,22734.000000,0.866,59.070,2504589,1659.770,4.094,59.153,42.250,59.250
decoder,2,active,../Instances/aNpMP/pmed32.txt,700,10,1234,953,3,67115.000000,13.843,29.501,947083,1074.703,4.127,59.133,42.125,58.125
decoder,6,active,../Instances/aNpMP/pmed20.txt,400,133,1234,109,3,905518.000000,9.381,9.801,123586,475.758,4.147,58.836,42.125,58.375
decoder,12,active,../Instances/aNpMP/pmed35.txt,800,5,1234,1815,3,23810.000000,1.042,13.162,1794217,706.441,4.088,157.872,42.125,62.750
decoder,6,active,../Instances/aNpMP/pmed28.txt,600,60,1234,167,3,384219.000000,9.948,10.005,177084,505.437,4.150,60.125,42.125,59.375
decoder,6,active,../Instances/aNpMP/pmed3.txt,100,10,1234,8063,3,43354.000000,0.216,31.806,8005511,1394.398,4.061,190.843,42.125,58.375
decoder,1,default,../Instances/aNpMP/pmed11.txt,300,5,1234,6020,3,17749.000000,0.264,63.870,5948757,1804.658,4.011,63.878,42.125,61.125
decoder,8,active,../Instances/aNpMP/pmed10.txt,200,67,1234,491,3,266370.000000,11.117,11.117,514301,531.493,4.121,88.922,42.125,61.250
decoder,0,default,../Instances/aNpMP/pmed22.txt,500,10,1234,1298,3,62699.000000,12.737,55.172,1289649,1533.938,4.166,55.221,42.125,56.000
decoder,0,default,../Instances/aNpMP/pmed9.txt,200,40,1234,791,3,198237.000000,35.021,55.847,804254,1489.400,4.174,55.847,42.125,52.500
decoder,0,default,../Instances/aNpMP/pmed38.txt,900,5,1234,1591,3,25560.000000,4.490,56.750,1572905,1594.418,4.163,56.983,42.125,59.000
decoder,1,default,../Instances/aNpMP/pmed28.txt,600,60,1234,167,3,384219.000000,54.169,54.484,177084,1463.710,4.162,54.565,42.125,52.375
decoder,6,active,../Instances/aNpMP/pmed37.txt,800,80,1234,99,3,676372.000000,10.227,10.227,107894,530.672,4.150,61.541,42.125,59.375
decoder,4,active,../Instances/aNpMP/pmed26.txt,600,5,1234,2534,3,22734.000000,0.277,18.531,2504589,864.415,4.068,74.217,42.125,63.750
decoder,2,active,../Instances/aNpMP/pmed3.txt,100,10,1234,8063,3,43354.000000,0.288,39.452,8005511,1287.678,3.911,78.898,42.250,57.375
decoder,12,active,../Instances/aNpMP/pmed24.txt,500,100,1234,119,3,692253.000000,5.987,6.584,131964,369.423,4.120,78.938,42.125,61.875
decoder,12,active,../Instances/aNpMP/pmed37.txt,800,80,1234,99,3,676372.000000,6.755,6.755,107894,406.484,4.119,81.103,42.125,62.750
decoder,0,default,../Instances/aNpMP/pmed15.txt,300,100,1234,200,3,558328.000000,51.970,52.730,219499,1403.334,4.159,52.729,42.125,51.875
decoder,6,active,../Instances/aNpMP/pmed24.txt,500,100,1234,119,3,692253.000000,8.963,9.853,131964,484.867,4.152,59.175,42.125,58.250
decoder,2,active,../Instances/aNpMP/pmed20.txt,400,133,1234,109,3,905518.000000,25.674,26.831,123586,850.655,4.166,53.691,42.125,53.125
decoder,2,active,../Instances/aNpMP/pmed14.txt,300,60,1234,353,3,349693.000000,29.505,29.505,369988,933.510,4.161,59.024,42.000,53.500
decoder,0,default,../Instances/aNpMP/pmed5.txt,100,33,1234,1979,3,117405.000000,12.690,55.685,1993199,1486.204,4.163,55.671,42.125,52.625
decoder,2,active,../Instances/aNpMP/pmed35.txt,800,5,1234,1815,3,23810.000000,2.361,29.295,1794217,1081.114,4.065,58.761,42.125,60.375
decoder,2,active,../Instances/aNpMP/pmed1.txt,100,5,1234,18964,3,15008.000000,0.070,50.675,18737429,1662.988,3.719,101.340,42.125,58.875
decoder,8,active,../Instances/aNpMP/pmed26.txt,600,5,1234,2534,3,22734.000000,0.242,17.042,2504589,856.356,4.073,136.387,42.125,63.375
decoder,12,active,../Instances/aNpMP/pmed30.txt,600,200,1234,47,3,1602075.000000,6.132,6.264,58534,361.325,4.121,75.136,42.125,62.375
decoder,1,default,../Instances/aNpMP/pmed20.txt,400,133,1234,109,3,905518.000000,50.349,52.600,123586,1396.979,4.173,52.630,42.125,51.875
decoder,12,active,../Instances/aNpMP/pmed16.txt,400,5,1234,4063,3,18964.000000,0.378,22.265,4015241,1074.609,4.098,266.809,42.125,60.500
decoder,2,active,../Instances/aNpMP/pmed39.txt,900,10,1234,707,3,66233.000000,27.801,28.238,702891,1034.829,4.131,56.715,42.125,58.250
decoder,12,active,../Instances/aNpMP/pmed11.txt,300,5,1234,6020,3,17749.000000,0.122,32.194,5948757,1479.736,4.099,385.745,42.125,60.625
decoder,12,active,../Instances/aNpMP/pmed32.txt,700,10,1234,953,3,67115.000000,4.586,9.782,947083,549.071,4.096,117.335,42.125,63.375
decoder,6,active,../Instances/aNpMP/pmed33.txt,700,70,1234,114,3,519852.000000,8.656,9.208,123045,471.642,4.152,55.378,42.125,59.000
decoder,1,default,../Instances/aNpMP/pmed13.txt,300,30,1234,708,3,149739.000000,26.673,57.144,715138,1539.076,4.143,57.149,42.125,52.875
decoder,0,default,../Instances/aNpMP/pmed23.txt,500,50,1234,246,3,325222.000000,56.083,56.304,255365,1508.742,4.155,56.347,42.000,52.375
decoder,8,active,../Instances/aNpMP/pmed12.txt,300,10,1234,2439,3,53140.000000,0.308,17.297,2421807,826.166,4.087,138.378,42.125,61.625
decoder,4,active,../Instances/aNpMP/pmed17.txt,400,10,1234,1731,3,53504.000000,2.725,17.437,1719404,774.995,4.087,69.775,42.125,61.625
decoder,12,active,../Instances/aNpMP/pmed7.txt,200,10,1234,4098,3,45052.000000,18.894,24.280,4069590,1123.826,4.106,290.824,42.125,60.125
decoder,1,default,../Instances/aNpMP/pmed32.txt,700,10,1234,953,3,67115.000000,27.316,58.255,947083,1617.163,4.137,58.379,42.125,56.500
decoder,2,active,../Instances/aNpMP/pmed10.txt,200,67,1234,491,3,266370.000000,29.198,29.198,514301,925.623,4.155,58.400,42.000,53.625
decoder,12,active,../Instances/aNpMP/pmed4.txt,100,20,1234,3256,3,95489.000000,11.803,20.232,3247925,926.256,4.113,242.396,42.125,59.000
decoder,4,active,../Instances/aNpMP/pmed38.txt,900,5,1234,1591,3,25560.000000,1.317,16.604,1572905,795.979,4.088,66.662,42.125,64.625
decoder,8,active,../Instances/aNpMP/pmed38.txt,900,5,1234,1591,3,25560.000000,1.069,13.604,1572905,722.437,4.079,109.077,42.125,64.875
decoder,1,default,../Instances/aNpMP/pmed38.txt,900,5,1234,1591,3,25560.000000,4.649,58.847,1572905,1652.519,4.119,59.085,42.125,59.000
decoder,4,active,../Instances/aNpMP/pmed15.txt,300,100,1234,200,3,558328.000000,14.239,14.448,219499,591.524,4.172,57.808,42.125,58.000
decoder,2,active,../Instances/aNpMP/pmed30.txt,600,200,1234,47,3,1602075.000000,26.711,27.291,58534,863.756,4.157,54.659,42.125,53.250
decoder,1,default,../Instances/aNpMP/pmed22.txt,500,10,1234,1298,3,62699.000000,13.207,56.921,1289649,1598.812,4.128,56.972,42.125,56.000
decoder,1,default,../Instances/aNpMP/pmed34.txt,700,140,1234,62,3,1047633.000000,54.338,55.211,72307,1476.699,4.162,55.332,42.125,52.250
decoder,8,active,../Instances/aNpMP/pmed7.txt,200,10,1234,4098,3,45052.000000,17.777,22.917,4069590,1057.759,4.080,183.332,42.125,61.125
decoder,1,default,../Instances/aNpMP/pmed4.txt,100,20,1234,3256,3,95489.000000,34.503,59.089,3247925,1591.462,4.091,59.086,42.125,53.500
decoder,8,active,../Instances/aNpMP/pmed15.txt,300,100,1234,200,3,558328.000000,9.058,9.191,219499,447.862,4.128,73.539,42.125,61.500
decoder,2,active,../Instances/aNpMP/pmed26.txt,600,5,1234,2534,3,22734.000000,0.466,30.224,2504589,1113.369,4.054,60.531,42.125,60.750
decoder,2,active,../Instances/aNpMP/pmed27.txt,600,10,1234,1147,3,57828.000000,2.426,28.795,1139277,1052.766,4.114,57.676,42.125,58.500
decoder,2,active,../Instances/aNpMP/pmed25.txt,500,167,1234,70,3,1148756.000000,18.375,27.040,82563,856.996,4.169,54.133,42.125,53.500
decoder,4,active,../Instances/aNpMP/pmed31.txt,700,5,1234,2143,3,23386.000000,0.867,18.703,2118281,872.193,4.066,74.931,42.125,63.750
decoder,6,active,../Instances/aNpMP/pmed29.txt,600,120,1234,86,3,860281.000000,10.019,10.133,97868,506.877,4.149,60.886,42.125,59.000
decoder,1,default,../Instances/aNpMP/pmed3.txt,100,10,1234,8063,3,43354.000000,0.472,64.660,8005511,1753.993,3.975,64.653,42.125,55.875
decoder,12,active,../Instances/aNpMP/pmed18.txt,400,40,1234,375,3,244328.000000,7.510,7.814,384192,405.322,4.117,93.633,42.125,61.500
decoder,0,default,../Instances/aNpMP/pmed4.txt,100,20,1234,3256,3,95489.000000,33.018,56.487,3247925,1515.138,4.176,56.482,42.125,53.125
decoder,6,active,../Instances/aNpMP/pmed11.txt,300,5,1234,6020,3,17749.000000,0.102,25.377,5948757,1181.119,4.058,152.282,42.000,60.000
decoder,2,active,../Instances/aNpMP/pmed12.txt,300,10,1234,2439,3,53140.000000,0.592,31.300,2421807,1065.273,4.075,62.612,42.125,57.750
decoder,8,active,../Instances/aNpMP/pmed20.txt,400,133,1234,109,3,905518.000000,8.316,8.690,123586,431.936,4.127,69.549,42.125,62.000
decoder,8,active,../Instances/aNpMP/pmed28.txt,600,60,1234,167,3,384219.000000,9.004,9.056,177084,475.883,4.122,72.532,42.125,62.250
decoder,1,default,../Instances/aNpMP/pmed19.txt,400,80,1234,192,3,494003.000000,53.758,54.868,205753,1468.859,4.144,54.884,42.125,52.000
decoder,4,active,../Instances/aNpMP/pmed10.txt,200,67,1234,491,3,266370.000000,16.276,16.277,514301,667.218,4.162,65.113,42.125,58.250
decoder,6,active,../Instances/aNpMP/pmed39.txt,900,10,1234,707,3,66233.000000,10.687,10.857,702891,596.513,4.107,65.384,42.125,61.750
decoder,4,active,../Instances/aNpMP/pmed12.txt,300,10,1234,2439,3,53140.000000,0.383,20.562,2421807,866.679,4.095,82.258,42.125,60.750
decoder,8,active,../Instances/aNpMP/pmed1.txt,100,5,1234,18964,3,15008.000000,0.086,65.821,18737429,2772.073,4.055,526.510,42.125,60.625
decoder,0,default,../Instances/aNpMP/pmed3.txt,100,10,1234,8063,3,43354.000000,0.440,59.626,8005511,1628.735,4.174,59.619,42.125,56.625
decoder,4,active,../Instances/aNpMP/pmed28.txt,600,60,1234,167,3,384219.000000,14.474,14.557,177084,610.996,4.163,58.312,42.125,59.125
decoder,0,default,../Instances/aNpMP/pmed37.txt,800,80,1234,99,3,676372.000000,56.258,56.258,107894,1516.498,4.170,56.429,42.125,52.875
decoder,0,default,../Instances/aNpMP/pmed13.txt,300,30,1234,708,3,149739.000000,26.427,56.568,715138,1522.166,4.153,56.564,42.125,53.000
decoder,0,default,../Instances/aNpMP/pmed31.txt,700,5,1234,2143,3,23386.000000,2.667,58.616,2118281,1669.516,4.174,58.742,42.125,59.500
decoder,4,active,../Instances/aNpMP/pmed4.txt,100,20,1234,3256,3,95489.000000,13.342,22.833,3247925,897.330,4.093,91.329,42.125,58.500
decoder,8,active,../Instances/aNpMP/pmed36.txt,800,10,1234,833,3,70897.000000,5.832,10.960,828249,601.586,4.091,87.861,42.125,64.875
decoder,0,default,../Instances/aNpMP/pmed17.txt,400,10,1234,1731,3,53504.000000,8.766,56.581,1719404,1580.013,4.170,56.606,42.125,56.875
decoder,2,active,../Instances/aNpMP/pmed13.txt,300,30,1234,708,3,149739.000000,13.991,29.832,715138,953.720,4.120,59.658,42.125,54.375
decoder,4,active,../Instances/aNpMP/pmed19.txt,400,80,1234,192,3,494003.000000,14.310,14.604,205753,611.751,4.162,58.447,42.125,58.625
decoder,8,active,../Instances/aNpMP/pmed35.txt,800,5,1234,1815,3,23810.000000,1.117,14.340,1794217,755.782,4.077,114.881,42.125,64.375
decoder,1,default,../Instances/aNpMP/pmed31.txt,700,5,1234,2143,3,23386.000000,2.787,61.173,2118281,1732.035,4.108,61.296,42.125,59.500
decoder,1,default,../Instances/aNpMP/pmed2.txt,100,10,1234,7878,3,39421.000000,21.950,60.863,7823093,1661.960,3.966,60.854,42.125,56.625
decoder,0,default,../Instances/aNpMP/pmed11.txt,300,5,1234,6020,3,17749.000000,0.243,58.583,5948757,1687.650,4.164,58.587,42.125,61.500
decoder,2,active,../Instances/aNpMP/pmed40.txt,900,90,1234,76,3,775798.000000,27.532,27.882,84207,908.908,4.168,56.000,42.125,54.250
decoder,8,active,../Instances/aNpMP/pmed33.txt,700,70,1234,114,3,519852.000000,7.805,8.302,123045,435.569,4.123,66.541,42.125,62.250
decoder,8,active,../Instances/aNpMP/pmed16.txt,400,5,1234,4063,3,18964.000000,0.353,20.770,4015241,1009.614,4.060,166.169,42.125,62.750
decoder,6,active,../Instances/aNpMP/pmed8.txt,200,20,1234,1601,3,101029.000000,1.596,14.704,1598045,698.130,4.112,88.228,42.125,59.000
decoder,8,active,../Instances/aNpMP/pmed6.txt,200,5,1234,8951,3,19103.000000,0.160,39.101,8844585,1770.196,4.063,312.789,42.125,61.125
decoder,0,default,../Instances/aNpMP/pmed8.txt,200,20,1234,1601,3,101029.000000,6.025,55.574,1598045,1495.565,4.169,55.569,42.125,53.875
decoder,4,active,../Instances/aNpMP/pmed13.txt,300,30,1234,708,3,149739.000000,7.786,16.516,715138,684.674,4.143,66.076,42.125,59.375
decoder,8,active,../Instances/aNpMP/pmed25.txt,500,167,1234,70,3,1148756.000000,5.852,8.635,82563,439.905,4.129,69.133,42.125,62.000
decoder,8,active,../Instances/aNpMP/pmed17.txt,400,10,1234,1731,3,53504.000000,2.176,14.091,1719404,706.566,4.088,112.752,42.125,62.625
decoder,6,active,../Instances/aNpMP/pmed18.txt,400,40,1234,375,3,244328.000000,10.388,10.814,384192,534.985,4.140,64.912,42.125,58.875
decoder,6,active,../Instances/aNpMP/pmed19.txt,400,80,1234,192,3,494003.000000,10.171,10.382,205753,508.687,4.144,62.322,42.125,58.375
decoder,12,active,../Instances/aNpMP/pmed21.txt,500,5,1234,3280,3,21646.000000,0.155,20.838,3241637,1026.274,4.098,249.725,42.125,61.250
decoder,2,active,../Instances/aNpMP/pmed4.txt,100,20,1234,3256,3,95489.000000,19.239,32.809,3247925,1059.762,4.048,65.611,42.125,55.500
decoder,6,active,../Instances/aNpMP/pmed23.txt,500,50,1234,246,3,325222.000000,10.603,10.645,255365,532.109,4.149,63.931,42.125,59.000
decoder,4,active,../Instances/aNpMP/pmed3.txt,100,10,1234,8063,3,43354.000000,0.238,34.331,8005511,1308.427,4.037,137.321,42.125,58.375
decoder,8,active,../Instances/aNpMP/pmed39.txt,900,10,1234,707,3,66233.000000,10.086,10.245,702891,564.531,4.093,82.188,42.125,64.875
decoder,12,active,../Instances/aNpMP/pmed39.txt,900,10,1234,707,3,66233.000000,8.452,8.585,702891,491.461,4.098,103.113,42.125,63.500
decoder,1,default,../Instances/aNpMP/pmed7.txt,200,10,1234,4098,3,45052.000000,47.818,61.606,4069590,1689.274,4.056,61.598,42.125,56.375
decoder,0,default,../Instances/aNpMP/pmed26.txt,600,5,1234,2534,3,22734.000000,0.826,56.159,2504589,1594.982,4.174,56.243,42.125,59.750
decoder,1,default,../Instances/aNpMP/pmed6.txt,200,5,1234,8951,3,19103.000000,0.288,65.544,8844585,1825.032,3.957,65.543,42.125,58.750
decoder,2,active,../Instances/aNpMP/pmed36.txt,800,10,1234,833,3,70897.000000,15.926,30.145,828249,1095.431,4.117,60.457,42.125,57.875
decoder,12,active,../Instances/aNpMP/pmed1.txt,100,5,1234,18964,3,15008.000000,0.103,80.016,18737429,3424.528,4.092,958.478,42.125,60.125
decoder,1,default,../Instances/aNpMP/pmed29.txt,600,120,1234,86,3,860281.000000,55.216,55.841,97868,1501.788,4.167,55.925,42.125,52.875
decoder,0,default,../Instances/aNpMP/pmed29.txt,600,120,1234,86,3,860281.000000,54.875,55.497,97868,1487.428,4.172,55.581,42.125,52.500
decoder,12,active,../Instances/aNpMP/pmed10.txt,200,67,1234,491,3,266370.000000,9.470,9.470,514301,486.867,4.121,113.400,42.125,61.000
decoder,4,active,../Instances/aNpMP/pmed39.txt,900,10,1234,707,3,66233.000000,14.652,14.884,702891,706.116,4.122,59.781,42.125,62.625
decoder,6,active,../Instances/aNpMP/pmed15.txt,300,100,1234,200,3,558328.000000,10.141,10.289,219499,497.411,4.150,61.745,42.125,58.375
decoder,8,active,../Instances/aNpMP/pmed8.txt,200,20,1234,1601,3,101029.000000,1.513,14.299,1598045,679.598,4.102,114.356,42.125,60.875
decoder,4,active,../Instances/aNpMP/pmed16.txt,400,5,1234,4063,3,18964.000000,0.414,23.519,4015241,1018.686,4.050,94.104,42.125,62.250
decoder,2,active,../Instances/aNpMP/pmed7.txt,200,10,1234,4098,3,45052.000000,26.873,34.598,4069590,1157.734,4.033,69.200,42.125,58.000
decoder,8,active,../Instances/aNpMP/pmed4.txt,100,20,1234,3256,3,95489.000000,11.834,20.257,3247925,926.368,4.097,162.044,42.125,59.875
decoder,2,active,../Instances/aNpMP/pmed21.txt,500,5,1234,3280,3,21646.000000,0.266,32.979,3241637,1219.291,4.029,66.000,42.125,61.000
decoder,4,active,../Instances/aNpMP/pmed37.txt,800,80,1234,99,3,676372.000000,14.812,14.812,107894,646.232,4.170,59.424,42.125,59.625
decoder,2,active,../Instances/aNpMP/pmed37.txt,800,80,1234,99,3,676372.000000,28.665,28.665,107894,932.673,4.166,57.504,42.125,54.125
decoder,6,active,../Instances/aNpMP/pmed6.txt,200,5,1234,8951,3,19103.000000,0.136,32.957,8844585,1512.134,4.047,197.751,42.125,59.375
decoder,1,default,../Instances/aNpMP/pmed23.txt,500,50,1234,246,3,325222.000000,56.182,56.405,255365,1528.257,4.166,56.458,42.125,52.875
decoder,2,active,../Instances/aNpMP/pmed16.txt,400,5,1234,4063,3,18964.000000,0.586,32.635,4015241,1193.356,4.000,65.291,42.125,60.625
decoder,0,default,../Instances/aNpMP/pmed33.txt,700,70,1234,114,3,519852.000000,47.651,50.691,123045,1363.416,4.170,50.816,42.125,52.500
decoder,6,active,../Instances/aNpMP/pmed31.txt,700,5,1234,2143,3,23386.000000,0.704,15.345,2118281,804.385,4.078,92.200,42.250,62.250
decoder,6,active,../Instances/aNpMP/pmed2.txt,100,10,1234,7878,3,39421.000000,10.839,30.350,7823093,1347.258,4.058,182.101,42.125,58.625
decoder,8,active,../Instances/aNpMP/pmed29.txt,600,120,1234,86,3,860281.000000,8.975,9.077,97868,473.026,4.124,72.705,42.125,62.500
decoder,2,active,../Instances/aNpMP/pmed9.txt,200,40,1234,791,3,198237.000000,18.591,29.588,804254,950.793,4.147,59.180,42.125,54.000
decoder,0,default,../Instances/aNpMP/pmed36.txt,800,10,1234,833,3,70897.000000,30.247,57.029,828249,1592.379,4.168,57.203,42.125,56.125
decoder,4,active,../Instances/aNpMP/pmed23.txt,500,50,1234,246,3,325222.000000,15.106,15.165,255365,633.434,4.168,60.719,42.125,59.000
decoder,6,active,../Instances/aNpMP/pmed22.txt,500,10,1234,1298,3,62699.000000,2.908,12.461,1289649,634.966,4.094,74.818,42.125,60.625
decoder,1,default,../Instances/aNpMP/pmed33.txt,700,70,1234,114,3,519852.000000,47.819,50.858,123045,1430.893,4.155,50.976,42.125,53.000
decoder,12,active,../Instances/aNpMP/pmed22.txt,500,10,1234,1298,3,62699.000000,2.584,11.107,1289649,594.410,4.099,133.122,42.000,61.750
decoder,12,active,../Instances/aNpMP/pmed38.txt,900,5,1234,1591,3,25560.000000,0.989,12.717,1572905,696.721,4.093,152.619,42.125,63.000
decoder,12,active,../Instances/aNpMP/pmed5.txt,100,33,1234,1979,3,117405.000000,3.678,16.170,1993199,748.334,4.122,193.718,42.125,59.375
decoder,6,active,../Instances/aNpMP/pmed10.txt,200,67,1234,491,3,266370.000000,12.152,12.153,514301,576.577,4.141,72.920,42.125,58.750
decoder,0,default,../Instances/aNpMP/pmed27.txt,600,10,1234,1147,3,57828.000000,4.462,54.114,1139277,1515.352,4.171,54.199,42.125,57.125
decoder,2,active,../Instances/aNpMP/pmed19.txt,400,80,1234,192,3,494003.000000,27.254,27.818,205753,893.344,4.164,55.664,42.125,53.750
decoder,6,active,../Instances/aNpMP/pmed27.txt,600,10,1234,1147,3,57828.000000,1.019,12.362,1139277,646.107,4.103,74.261,42.125,61.125
decoder,1,default,../Instances/aNpMP/pmed24.txt,500,100,1234,119,3,692253.000000,48.531,53.381,131964,1434.593,4.169,53.433,42.125,52.375
decoder,6,active,../Instances/aNpMP/pmed1.txt,100,5,1234,18964,3,15008.000000,0.075,58.142,18737429,2450.167,4.027,348.822,42.000,58.500
decoder,8,active,../Instances/aNpMP/pmed24.txt,500,100,1234,119,3,692253.000000,7.962,8.759,131964,449.846,4.123,70.127,42.125,62.500
decoder,2,active,../Instances/aNpMP/pmed17.txt,400,10,1234,1731,3,53504.000000,4.647,29.938,1719404,1073.175,4.086,59.897,42.125,58.125
decoder,1,default,../Instances/aNpMP/pmed25.txt,500,167,1234,70,3,1148756.000000,36.227,53.334,82563,1429.643,4.164,53.382,42.125,52.375
decoder,4,active,../Instances/aNpMP/pmed9.txt,200,40,1234,791,3,198237.000000,10.561,16.805,804254,695.421,4.144,67.220,42.000,58.500
decoder,8,active,../Instances/aNpMP/pmed9.txt,200,40,1234,791,3,198237.000000,7.431,11.840,804254,566.706,4.115,94.706,42.125,61.125
decoder,4,active,../Instances/aNpMP/pmed8.txt,200,20,1234,1601,3,101029.000000,2.004,18.474,1598045,770.382,4.123,73.899,42.125,58.625
decoder,1,default,../Instances/aNpMP/pmed16.txt,400,5,1234,4063,3,18964.000000,1.080,60.444,4015241,1702.090,4.052,60.468,42.125,59.500
decoder,0,default,../Instances/aNpMP/pmed1.txt,100,5,1234,18964,3,15008.000000,0.083,56.454,18737429,1589.574,4.156,56.438,42.125,61.375
decoder,4,active,../Instances/aNpMP/pmed18.txt,400,40,1234,375,3,244328.000000,14.417,15.002,384192,628.628,4.160,60.039,42.125,59.000
decoder,0,default,../Instances/aNpMP/pmed35.txt,800,5,1234,1815,3,23810.000000,4.551,56.850,1794217,1603.449,4.156,57.017,42.125,59.375
decoder,0,default,../Instances/aNpMP/pmed6.txt,200,5,1234,8951,3,19103.000000,0.261,58.552,8844585,1635.619,4.169,58.550,42.125,59.125
decoder,4,active,../Instances/aNpMP/pmed6.txt,200,5,1234,8951,3,19103.000000,0.139,33.790,8844585,1395.973,4.005,135.152,42.125,60.750
decoder,8,active,../Instances/aNpMP/pmed3.txt,100,10,1234,8063,3,43354.000000,0.237,34.855,8005511,1540.334,4.071,278.813,42.125,60.250
decoder,6,active,../Instances/aNpMP/pmed38.txt,900,5,1234,1591,3,25560.000000,1.079,13.610,1572905,734.844,4.077,81.903,42.125,63.000
decoder,6,active,../Instances/aNpMP/pmed16.txt,400,5,1234,4063,3,18964.000000,0.359,20.793,4015241,991.642,4.066,124.790,42.125,60.625
decoder,1,default,../Instances/aNpMP/pmed27.txt,600,10,1234,1147,3,57828.000000,4.687,56.192,1139277,1572.823,4.125,56.274,42.125,57.375
decoder,2,active,../Instances/aNpMP/pmed29.txt,600,120,1234,86,3,860281.000000,28.144,28.465,97868,915.807,4.154,57.006,42.125,53.625
decoder,2,active,../Instances/aNpMP/pmed18.txt,400,40,1234,375,3,244328.000000,27.324,28.442,384192,934.190,4.154,56.911,42.125,54.250
decoder,4,active,../Instances/aNpMP/pmed22.txt,500,10,1234,1298,3,62699.000000,3.783,16.288,1289649,749.910,4.109,65.210,42.125,62.250
decoder,4,active,../Instances/aNpMP/pmed25.txt,500,167,1234,70,3,1148756.000000,9.504,14.005,82563,577.844,4.176,56.079,42.125,58.500
decoder,6,active,../Instances/aNpMP/pmed14.txt,300,60,1234,353,3,349693.000000,11.509,11.509,369988,550.369,4.143,69.066,42.125,58.750
decoder,2,active,../Instances/aNpMP/pmed6.txt,200,5,1234,8951,3,19103.000000,0.174,40.247,8844585,1400.037,3.903,80.492,42.250,59.625
decoder,12,active,../Instances/aNpMP/pmed40.txt,900,90,1234,76,3,775798.000000,6.368,6.450,84207,377.684,4.113,77.513,42.125,63.500
decoder,4,active,../Instances/aNpMP/pmed36.txt,800,10,1234,833,3,70897.000000,8.595,16.138,828249,754.130,4.121,64.733,42.125,62.750
decoder,4,active,../Instances/aNpMP/pmed21.txt,500,5,1234,3280,3,21646.000000,0.167,21.125,3241637,977.531,4.058,84.559,42.125,63.625
decoder,0,default,../Instances/aNpMP/pmed16.txt,400,5,1234,4063,3,18964.000000,1.013,56.565,4015241,1632.048,4.169,56.591,42.125,61.375
decoder,6,active,../Instances/aNpMP/pmed26.txt,600,5,1234,2534,3,22734.000000,0.238,16.251,2504589,825.900,4.062,97.594,42.125,61.750
decoder,2,active,../Instances/aNpMP/pmed31.txt,700,5,1234,2143,3,23386.000000,1.441,30.682,2118281,1138.472,4.071,61.486,42.125,62.000
decoder,1,default,../Instances/aNpMP/pmed12.txt,300,10,1234,2439,3,53140.000000,1.114,60.606,2421807,1680.610,4.099,60.614,42.125,56.625
decoder,4,active,../Instances/aNpMP/pmed24.txt,500,100,1234,119,3,692253.000000,12.889,14.186,131964,587.371,4.165,56.799,42.125,58.625
decoder,6,active,../Instances/aNpMP/pmed5.txt,100,33,1234,1979,3,117405.000000,3.718,16.326,1993199,752.821,4.115,97.954,42.125,58.375
decoder,1,default,../Instances/aNpMP/pmed36.txt,800,10,1234,833,3,70897.000000,31.300,59.072,828249,1640.723,4.148,59.250,42.125,56.375
decoder,0,default,../Instances/aNpMP/pmed1.txt,100,5,1234,18964,4,15008.000000,0.082,56.256,18737429,1576.415,4.171,56.250,39.750,60.500
decoder,8,active,../Instances/aNpMP/pmed5.txt,100,33,1234,1979,4,117405.000000,3.598,15.817,1993199,727.758,4.109,126.520,42.750,60.250
decoder,4,active,../Instances/aNpMP/pmed2.txt,100,10,1234,7878,4,39421.000000,11.033,30.961,7823093,1209.932,4.028,123.844,42.750,59.375
decoder,4,active,../Instances/aNpMP/pmed13.txt,300,30,1234,708,4,149739.000000,7.802,16.597,715138,692.850,4.145,66.401,42.750,60.000
decoder,6,active,../Instances/aNpMP/pmed40.txt,900,90,1234,76,4,775798.000000,9.771,9.895,84207,523.746,4.140,59.609,42.750,60.125
decoder,4,active,../Instances/aNpMP/pmed28.txt,600,60,1234,167,4,384219.000000,14.344,14.427,177084,606.686,4.169,57.797,42.750,59.625
decoder,4,active,../Instances/aNpMP/pmed32.txt,700,10,1234,953,4,67115.000000,7.494,15.963,947083,744.515,4.115,63.986,42.750,62.875
decoder,0,default,../Instances/aNpMP/pmed23.txt,500,50,1234,246,4,325222.000000,56.146,56.368,255365,1523.937,4.153,56.406,42.625,52.625
decoder,6,active,../Instances/aNpMP/pmed6.txt,200,5,1234,8951,4,19103.000000,0.136,33.025,8844585,1500.539,4.048,198.157,42.750,59.500
decoder,0,default,../Instances/aNpMP/pmed37.txt,800,80,1234,99,4,676372.000000,56.527,56.527,107894,1533.581,4.166,56.697,42.750,53.125
decoder,2,active,../Instances/aNpMP/pmed32.txt,700,10,1234,953,4,67115.000000,13.878,29.495,947083,1076.941,4.127,59.120,42.750,58.375
decoder,8,active,../Instances/aNpMP/pmed3.txt,100,10,1234,8063,4,43354.000000,0.249,37.033,8005511,1593.168,4.073,296.240,42.750,60.500
decoder,0,default,../Instances/aNpMP/pmed27.txt,600,10,1234,1147,4,57828.000000,4.485,54.505,1139277,1532.503,4.168,54.582,42.750,58.000
decoder,6,active,../Instances/aNpMP/pmed39.txt,900,10,1234,707,4,66233.000000,10.844,11.015,702891,603.404,4.102,66.330,42.750,62.375
decoder,12,active,../Instances/aNpMP/pmed39.txt,900,10,1234,707,4,66233.000000,8.518,8.651,702891,506.129,4.094,103.860,42.750,63.875
decoder,12,active,../Instances/aNpMP/pmed2.txt,100,10,1234,7878,4,39421.000000,14.202,39.785,7823093,1763.502,4.102,476.607,42.750,60.000
decoder,1,default,../Instances/aNpMP/pmed34.txt,700,140,1234,62,4,1047633.000000,54.316,55.191,72307,1487.929,4.165,55.311,42.750,53.375
decoder,6,active,../Instances/aNpMP/pmed34.txt,700,140,1234,62,4,1047633.000000,9.820,9.978,72307,504.332,4.145,59.998,42.875,59.875
decoder,8,active,../Instances/aNpMP/pmed11.txt,300,5,1234,6020,4,17749.000000,0.113,29.633,5948757,1368.258,4.060,237.045,42.750,62.625
decoder,1,default,../Instances/aNpMP/pmed3.txt,100,10,1234,8063,4,43354.000000,0.472,64.783,8005511,1774.613,3.973,64.769,42.875,57.375
decoder,12,active,../Instances/aNpMP/pmed28.txt,600,60,1234,167,4,384219.000000,6.755,6.800,177084,384.675,4.116,81.536,42.750,62.750
decoder,6,active,../Instances/aNpMP/pmed33.txt,700,70,1234,114,4,519852.000000,8.736,9.290,123045,473.653,4.147,55.866,42.750,59.500
decoder,2,active,../Instances/aNpMP/pmed16.txt,400,5,1234,4063,4,18964.000000,0.587,33.145,4015241,1211.995,3.996,66.300,42.625,60.750
decoder,4,active,../Instances/aNpMP/pmed33.txt,700,70,1234,114,4,519852.000000,12.580,13.384,123045,574.804,4.171,53.669,42.750,60.125
decoder,8,active,../Instances/aNpMP/pmed1.txt,100,5,1234,18964,4,15008.000000,0.092,70.842,18737429,2974.538,4.056,566.694,42.750,61.125
decoder,8,active,../Instances/aNpMP/pmed24.txt,500,100,1234,119,4,692253.000000,8.248,9.071,131964,454.905,4.114,72.474,42.750,62.875
decoder,12,active,../Instances/aNpMP/pmed8.txt,200,20,1234,1601,4,101029.000000,1.382,13.225,1598045,665.057,4.108,158.467,42.750,60.750
decoder,2,active,../Instances/aNpMP/pmed35.txt,800,5,1234,1815,4,23810.000000,2.358,29.522,1794217,1104.663,4.074,59.212,42.750,62.000
decoder,6,active,../Instances/aNpMP/pmed28.txt,600,60,1234,167,4,384219.000000,10.019,10.077,177084,508.294,4.143,60.547,42.750,59.625
decoder,2,active,../Instances/aNpMP/pmed12.txt,300,10,1234,2439,4,53140.000000,0.593,31.577,2421807,1076.230,4.053,63.147,42.750,58.000
decoder,4,active,../Instances/aNpMP/pmed26.txt,600,5,1234,2534,4,22734.000000,0.288,19.482,2504589,905.786,4.067,78.014,42.750,63.875
decoder,0,default,../Instances/aNpMP/pmed17.txt,400,10,1234,1731,4,53504.000000,8.756,56.398,1719404,1579.803,4.177,56.427,42.750,57.375
decoder,0,default,../Instances/aNpMP/pmed25.txt,500,167,1234,70,4,1148756.000000,36.071,53.229,82563,1424.578,4.167,53.277,42.750,52.500
decoder,12,active,../Instances/aNpMP/pmed5.txt,100,33,1234,1979,4,117405.000000,3.535,15.522,1993199,719.626,4.118,185.987,42.750,59.875
decoder,0,default,../Instances/aNpMP/pmed19.txt,400,80,1234,192,4,494003.000000,53.405,54.512,205753,1466.582,4.171,54.537,42.750,52.875
decoder,2,active,../Instances/aNpMP/pmed33.txt,700,70,1234,114,4,519852.000000,24.277,25.827,123045,841.900,4.174,51.784,42.750,54.375
decoder,8,active,../Instances/aNpMP/pmed15.txt,300,100,1234,200,4,558328.000000,9.119,9.253,219499,449.974,4.123,74.031,42.750,62.000
decoder,4,active,../Instances/aNpMP/pmed22.txt,500,10,1234,1298,4,62699.000000,3.741,15.975,1289649,731.645,4.101,63.954,42.750,62.375
decoder,12,active,../Instances/aNpMP/pmed13.txt,300,30,1234,708,4,149739.000000,4.482,9.603,715138,506.174,4.112,115.077,42.750,61.500
decoder,6,active,../Instances/aNpMP/pmed27.txt,600,10,1234,1147,4,57828.000000,1.021,12.389,1139277,652.013,4.097,74.419,42.750,61.625
decoder,0,default,../Instances/aNpMP/pmed30.txt,600,200,1234,47,4,1602075.000000,52.634,53.764,58534,1436.407,4.160,53.840,42.750,52.750
decoder,0,default,../Instances/aNpMP/pmed22.txt,500,10,1234,1298,4,62699.000000,12.761,55.109,1289649,1536.975,4.174,55.161,42.750,56.750
decoder,2,active,../Instances/aNpMP/pmed8.txt,200,20,1234,1601,4,101029.000000,3.286,30.274,1598045,976.751,4.100,60.541,42.750,55.000
decoder,12,active,../Instances/aNpMP/pmed18.txt,400,40,1234,375,4,244328.000000,7.469,7.774,384192,406.991,4.115,93.177,42.625,62.000
decoder,2,active,../Instances/aNpMP/pmed14.txt,300,60,1234,353,4,349693.000000,29.775,29.775,369988,949.260,4.143,59.558,42.750,53.875
decoder,12,active,../Instances/aNpMP/pmed40.txt,900,90,1234,76,4,775798.000000,6.372,6.453,84207,395.620,4.112,77.558,42.750,63.625
decoder,2,active,../Instances/aNpMP/pmed6.txt,200,5,1234,8951,4,19103.000000,0.173,40.252,8844585,1399.428,3.894,80.499,42.750,59.875
decoder,6,active,../Instances/aNpMP/pmed15.txt,300,100,1234,200,4,558328.000000,10.210,10.360,219499,499.537,4.142,62.173,42.750,58.875
decoder,0,default,../Instances/aNpMP/pmed16.txt,400,5,1234,4063,4,18964.000000,1.012,56.393,4015241,1629.705,4.173,56.423,42.750,61.500
decoder,8,active,../Instances/aNpMP/pmed4.txt,100,20,1234,3256,4,95489.000000,11.929,20.479,3247925,930.941,4.096,163.784,42.750,60.125
decoder,8,active,../Instances/aNpMP/pmed29.txt,600,120,1234,86,4,860281.000000,8.974,9.076,97868,467.690,4.123,72.691,42.750,62.750
decoder,2,active,../Instances/aNpMP/pmed1.txt,100,5,1234,18964,4,15008.000000,0.070,50.818,18737429,1680.579,3.697,101.608,42.750,59.250
decoder,1,default,../Instances/aNpMP/pmed39.txt,900,10,1234,707,4,66233.000000,54.563,55.439,702891,1546.530,4.140,55.671,42.750,57.000
decoder,8,active,../Instances/aNpMP/pmed18.txt,400,40,1234,375,4,244328.000000,9.261,9.639,384192,485.069,4.115,77.141,42.750,62.375
decoder,4,active,../Instances/aNpMP/pmed15.txt,300,100,1234,200,4,558328.000000,14.368,14.579,219499,594.588,4.157,58.322,42.625,58.500
decoder,1,default,../Instances/aNpMP/pmed4.txt,100,20,1234,3256,4,95489.000000,34.515,59.070,3247925,1589.551,4.090,59.066,42.750,53.875
decoder,1,default,../Instances/aNpMP/pmed30.txt,600,200,1234,47,4,1602075.000000,52.727,53.860,58534,1442.607,4.156,53.935,42.750,52.500
decoder,12,active,../Instances/aNpMP/pmed38.txt,900,5,1234,1591,4,25560.000000,0.974,12.442,1572905,664.966,4.089,149.321,42.750,63.250
decoder,0,default,../Instances/aNpMP/pmed8.txt,200,20,1234,1601,4,101029.000000,6.088,55.609,1598045,1500.256,4.163,55.600,42.625,53.625
decoder,4,active,../Instances/aNpMP/pmed20.txt,400,133,1234,109,4,905518.000000,13.548,14.145,123586,577.929,4.163,56.610,42.750,58.625
decoder,2,active,../Instances/aNpMP/pmed29.txt,600,120,1234,86,4,860281.000000,27.983,28.300,97868,913.000,4.169,56.685,42.750,54.250
decoder,6,active,../Instances/aNpMP/pmed29.txt,600,120,1234,86,4,860281.000000,9.951,10.064,97868,504.774,4.153,60.476,42.750,59.500
decoder,4,active,../Instances/aNpMP/pmed9.txt,200,40,1234,791,4,198237.000000,10.510,16.692,804254,691.319,4.150,66.775,42.750,59.125
decoder,0,default,../Instances/aNpMP/pmed28.txt,600,60,1234,167,4,384219.000000,53.733,54.043,177084,1459.570,4.173,54.128,42.750,53.125
decoder,1,default,../Instances/aNpMP/pmed22.txt,500,10,1234,1298,4,62699.000000,13.158,56.929,1289649,1590.523,4.133,56.983,42.750,57.000
decoder,12,active,../Instances/aNpMP/pmed30.txt,600,200,1234,47,4,1602075.000000,6.148,6.281,58534,345.293,4.120,75.339,42.625,62.625
decoder,6,active,../Instances/aNpMP/pmed36.txt,800,10,1234,833,4,70897.000000,6.262,11.742,828249,642.898,4.105,70.638,42.750,62.125
decoder,1,default,../Instances/aNpMP/pmed37.txt,800,80,1234,99,4,676372.000000,56.538,56.538,107894,1520.323,4.174,56.714,42.750,53.250
decoder,0,default,../Instances/aNpMP/pmed3.txt,100,10,1234,8063,4,43354.000000,0.442,59.797,8005511,1643.932,4.165,59.786,42.750,56.875
decoder,12,active,../Instances/aNpMP/pmed12.txt,300,10,1234,2439,4,53140.000000,0.295,16.960,2421807,838.081,4.103,203.234,42.750,60.750
decoder,12,active,../Instances/aNpMP/pmed32.txt,700,10,1234,953,4,67115.000000,4.532,9.698,947083,543.988,4.092,116.343,42.750,63.750
decoder,4,active,../Instances/aNpMP/pmed4.txt,100,20,1234,3256,4,95489.000000,13.447,23.035,3247925,905.949,4.081,92.131,42.625,58.750
decoder,8,active,../Instances/aNpMP/pmed14.txt,300,60,1234,353,4,349693.000000,10.352,10.352,369988,509.257,4.118,82.826,42.750,62.250
decoder,1,default,../Instances/aNpMP/pmed1.txt,100,5,1234,18964,4,15008.000000,0.097,68.162,18737429,1925.623,3.744,68.157,42.750,61.375
decoder,2,active,../Instances/aNpMP/pmed4.txt,100,20,1234,3256,4,95489.000000,19.064,32.624,3247925,1056.435,4.058,65.247,42.750,55.875
decoder,0,default,../Instances/aNpMP/pmed39.txt,900,10,1234,707,4,66233.000000,52.975,53.814,702891,1504.480,4.163,54.044,42.750,57.125
decoder,6,active,../Instances/aNpMP/pmed13.txt,300,30,1234,708,4,149739.000000,5.834,12.405,715138,611.973,4.127,74.441,42.750,59.500
decoder,2,active,../Instances/aNpMP/pmed5.txt,100,33,1234,1979,4,117405.000000,7.096,30.794,1993199,988.404,4.097,61.585,42.750,55.375
decoder,2,active,../Instances/aNpMP/pmed3.txt,100,10,1234,8063,4,43354.000000,0.284,39.381,8005511,1293.446,3.913,78.746,42.750,58.000
decoder,8,active,../Instances/aNpMP/pmed37.txt,800,80,1234,99,4,676372.000000,9.140,9.140,107894,482.880,4.121,73.297,42.750,63.375
decoder,6,active,../Instances/aNpMP/pmed17.txt,400,10,1234,1731,4,53504.000000,2.116,13.604,1719404,691.894,4.090,81.658,42.750,61.125
decoder,2,active,../Instances/aNpMP/pmed10.txt,200,67,1234,491,4,266370.000000,29.148,29.148,514301,929.369,4.153,58.296,42.750,54.250
decoder,12,active,../Instances/aNpMP/pmed24.txt,500,100,1234,119,4,692253.000000,5.982,6.577,131964,359.888,4.119,78.856,42.750,62.500
decoder,1,default,../Instances/aNpMP/pmed15.txt,300,100,1234,200,4,558328.000000,52.215,52.979,219499,1415.279,4.155,52.982,42.625,52.625
decoder,4,active,../Instances/aNpMP/pmed37.txt,800,80,1234,99,4,676372.000000,14.951,14.951,107894,642.945,4.159,59.974,42.750,59.875
decoder,6,active,../Instances/aNpMP/pmed7.txt,200,10,1234,4098,4,45052.000000,16.786,21.635,4069590,1006.196,4.077,129.813,42.625,60.125
decoder,2,active,../Instances/aNpMP/pmed28.txt,600,60,1234,167,4,384219.000000,27.934,28.096,177084,915.022,4.144,56.263,42.750,54.875
decoder,0,default,../Instances/aNpMP/pmed32.txt,700,10,1234,953,4,67115.000000,26.371,56.347,947083,1570.332,4.167,56.468,42.750,57.250
decoder,12,active,../Instances/aNpMP/pmed15.txt,300,100,1234,200,4,558328.000000,7.053,7.157,219499,372.518,4.120,85.762,42.750,62.000
decoder,4,active,../Instances/aNpMP/pmed34.txt,700,140,1234,62,4,1047633.000000,14.209,14.437,72307,604.263,4.172,57.878,42.750,59.625
decoder,8,active,../Instances/aNpMP/pmed31.txt,700,5,1234,2143,4,23386.000000,0.729,16.031,2118281,823.271,4.072,128.363,42.875,64.375
decoder,6,active,../Instances/aNpMP/pmed4.txt,100,20,1234,3256,4,95489.000000,11.268,19.269,3247925,880.436,4.087,115.607,42.750,59.000
decoder,1,default,../Instances/aNpMP/pmed11.txt,300,5,1234,6020,4,17749.000000,0.263,63.805,5948757,1859.013,4.019,63.817,42.750,62.250
decoder,2,active,../Instances/aNpMP/pmed7.txt,200,10,1234,4098,4,45052.000000,27.090,34.862,4069590,1170.726,4.030,69.723,42.750,58.625
decoder,12,active,../Instances/aNpMP/pmed3.txt,100,10,1234,8063,4,43354.000000,0.264,39.685,8005511,1793.956,4.100,475.534,42.750,59.875
decoder,2,active,../Instances/aNpMP/pmed15.txt,300,100,1234,200,4,558328.000000,26.834,27.225,219499,866.258,4.150,54.451,42.875,55.000
decoder,4,active,../Instances/aNpMP/pmed31.txt,700,5,1234,2143,4,23386.000000,0.886,19.150,2118281,891.188,4.074,76.730,42.750,64.375
decoder,0,default,../Instances/aNpMP/pmed2.txt,100,10,1234,7878,4,39421.000000,20.253,56.221,7823093,1540.476,4.174,56.217,42.875,57.500
decoder,2,active,../Instances/aNpMP/pmed37.txt,800,80,1234,99,4,676372.000000,28.699,28.699,107894,933.673,4.164,57.571,42.750,54.875
decoder,0,default,../Instances/aNpMP/pmed6.txt,200,5,1234,8951,4,19103.000000,0.261,59.062,8844585,1651.522,4.150,59.046,42.750,61.125
decoder,2,active,../Instances/aNpMP/pmed25.txt,500,167,1234,70,4,1148756.000000,18.418,27.086,82563,870.343,4.164,54.222,42.750,54.375
decoder,1,default,../Instances/aNpMP/pmed29.txt,600,120,1234,86,4,860281.000000,54.889,55.512,97868,1484.930,4.174,55.598,42.750,53.125
decoder,1,default,../Instances/aNpMP/pmed27.txt,600,10,1234,1147,4,57828.000000,4.629,56.151,1139277,1570.610,4.134,56.234,42.875,57.750
decoder,6,active,../Instances/aNpMP/pmed24.txt,500,100,1234,119,4,692253.000000,8.949,9.842,131964,489.310,4.152,59.107,42.750,59.500
decoder,8,active,../Instances/aNpMP/pmed25.txt,500,167,1234,70,4,1148756.000000,5.863,8.641,82563,434.804,4.126,69.176,42.750,62.375
decoder,0,default,../Instances/aNpMP/pmed12.txt,300,10,1234,2439,4,53140.000000,1.082,58.372,2421807,1634.655,4.175,58.384,42.750,57.500
decoder,6,active,../Instances/aNpMP/pmed37.txt,800,80,1234,99,4,676372.000000,10.278,10.278,107894,540.625,4.144,61.845,42.750,60.125
decoder,4,active,../Instances/aNpMP/pmed6.txt,200,5,1234,8951,4,19103.000000,0.151,36.316,8844585,1492.664,4.019,145.269,42.750,61.125
decoder,0,default,../Instances/aNpMP/pmed20.txt,400,133,1234,109,4,905518.000000,50.272,52.517,123586,1410.971,4.176,52.545,42.750,53.250
decoder,12,active,../Instances/aNpMP/pmed4.txt,100,20,1234,3256,4,95489.000000,11.793,20.190,3247925,923.103,4.109,241.900,42.750,60.000
decoder,12,active,../Instances/aNpMP/pmed22.txt,500,10,1234,1298,4,62699.000000,2.628,11.248,1289649,601.459,4.094,134.807,42.750,62.625
decoder,4,active,../Instances/aNpMP/pmed11.txt,300,5,1234,6020,4,17749.000000,0.108,26.780,5948757,1154.706,4.018,107.136,42.750,63.125
decoder,4,active,../Instances/aNpMP/pmed40.txt,900,90,1234,76,4,775798.000000,14.151,14.332,84207,634.338,4.164,57.568,42.750,61.000
decoder,8,active,../Instances/aNpMP/pmed35.txt,800,5,1234,1815,4,23810.000000,1.120,14.337,1794217,755.133,4.070,114.878,42.750,65.125
decoder,0,default,../Instances/aNpMP/pmed36.txt,800,10,1234,833,4,70897.000000,30.462,57.349,828249,1594.269,4.149,57.505,42.750,57.250
decoder,12,active,../Instances/aNpMP/pmed37.txt,800,80,1234,99,4,676372.000000,6.757,6.757,107894,408.369,4.112,81.131,42.750,63.750
decoder,1,default,../Instances/aNpMP/pmed13.txt,300,30,1234,708,4,149739.000000,26.826,57.316,715138,1541.800,4.147,57.325,42.750,53.875
decoder,8,active,../Instances/aNpMP/pmed23.txt,500,50,1234,246,4,325222.000000,9.691,9.731,255365,497.851,4.116,77.865,42.750,62.500
decoder,6,active,../Instances/aNpMP/pmed25.txt,500,167,1234,70,4,1148756.000000,6.594,9.722,82563,482.385,4.155,58.391,42.750,59.250
decoder,12,active,../Instances/aNpMP/pmed35.txt,800,5,1234,1815,4,23810.000000,1.054,13.597,1794217,736.329,4.089,163.101,42.750,63.250
decoder,8,active,../Instances/aNpMP/pmed12.txt,300,10,1234,2439,4,53140.000000,0.310,17.943,2421807,856.685,4.075,143.294,42.750,62.500
decoder,8,active,../Instances/aNpMP/pmed20.txt,400,133,1234,109,4,905518.000000,8.302,8.674,123586,438.439,4.123,69.423,42.750,62.625
decoder,2,active,../Instances/aNpMP/pmed38.txt,900,5,1234,1591,4,25560.000000,2.354,29.066,1572905,1091.318,4.082,58.369,42.750,62.625
decoder,1,default,../Instances/aNpMP/pmed6.txt,200,5,1234,8951,4,19103.000000,0.284,65.027,8844585,1821.790,3.952,65.020,42.750,60.750
decoder,6,active,../Instances/aNpMP/pmed26.txt,600,5,1234,2534,4,22734.000000,0.236,16.159,2504589,822.634,4.069,97.048,42.750,62.375
decoder,8,active,../Instances/aNpMP/pmed28.txt,600,60,1234,167,4,384219.000000,9.021,9.073,177084,478.329,4.119,72.671,42.750,63.125
decoder,2,active,../Instances/aNpMP/pmed9.txt,200,40,1234,791,4,198237.000000,18.763,29.844,804254,962.461,4.133,59.681,42.750,54.750
decoder,1,default,../Instances/aNpMP/pmed14.txt,300,60,1234,353,4,349693.000000,57.561,57.561,369988,1547.694,4.161,57.571,42.750,53.125
decoder,2,active,../Instances/aNpMP/pmed39.txt,900,10,1234,707,4,66233.000000,27.725,28.164,702891,1029.339,4.140,56.572,42.750,59.000
decoder,8,active,../Instances/aNpMP/pmed7.txt,200,10,1234,4098,4,45052.000000,16.905,21.765,4069590,1006.938,4.065,174.119,42.750,62.375
decoder,6,active,../Instances/aNpMP/pmed22.txt,500,10,1234,1298,4,62699.000000,2.876,12.352,1289649,632.467,4.092,74.172,42.750,61.875
decoder,1,default,../Instances/aNpMP/pmed40.txt,900,90,1234,76,4,775798.000000,54.285,54.976,84207,1486.689,4.168,55.210,42.750,53.500
decoder,4,active,../Instances/aNpMP/pmed23.txt,500,50,1234,246,4,325222.000000,15.112,15.174,255365,632.116,4.164,60.750,42.750,59.750
decoder,12,active,../Instances/aNpMP/pmed26.txt,600,5,1234,2534,4,22734.000000,0.232,16.654,2504589,842.105,4.089,199.624,42.750,62.375
decoder,12,active,../Instances/aNpMP/pmed9.txt,200,40,1234,791,4,198237.000000,6.357,10.128,804254,508.627,4.110,121.356,42.750,61.625
decoder,4,active,../Instances/aNpMP/pmed5.txt,100,33,1234,1979,4,117405.000000,4.501,19.643,1993199,791.047,4.109,78.567,42.875,59.125
decoder,1,default,../Instances/aNpMP/pmed18.txt,400,40,1234,375,4,244328.000000,53.224,55.417,384192,1503.486,4.155,55.440,42.750,53.625
decoder,2,active,../Instances/aNpMP/pmed13.txt,300,30,1234,708,4,149739.000000,13.892,29.610,715138,958.182,4.148,59.232,42.750,55.500
decoder,0,default,../Instances/aNpMP/pmed34.txt,700,140,1234,62,4,1047633.000000,54.129,55.001,72307,1482.967,4.178,55.126,42.750,53.250
decoder,0,default,../Instances/aNpMP/pmed9.txt,200,40,1234,791,4,198237.000000,35.046,55.844,804254,1497.745,4.178,55.844,42.750,53.375
decoder,0,default,../Instances/aNpMP/pmed38.txt,900,5,1234,1591,4,25560.000000,4.463,56.696,1572905,1617.332,4.170,56.931,42.750,61.250
decoder,6,active,../Instances/aNpMP/pmed3.txt,100,10,1234,8063,4,43354.000000,0.218,31.868,8005511,1402.431,4.053,191.196,42.750,59.250
decoder,0,default,../Instances/aNpMP/pmed7.txt,200,10,1234,4098,4,45052.000000,45.060,57.917,4069590,1590.002,4.160,57.906,42.750,58.000
decoder,12,active,../Instances/aNpMP/pmed1.txt,100,5,1234,18964,4,15008.000000,0.103,80.029,18737429,3399.641,4.085,958.837,42.750,61.125
decoder,8,active,../Instances/aNpMP/pmed39.txt,900,10,1234,707,4,66233.000000,10.126,10.287,702891,559.934,4.082,82.533,42.750,66.125
decoder,1,default,../Instances/aNpMP/pmed10.txt,200,67,1234,491,4,266370.000000,55.656,55.656,514301,1492.046,4.163,55.658,42.750,53.625
decoder,8,active,../Instances/aNpMP/pmed2.txt,100,10,1234,7878,4,39421.000000,11.694,32.777,7823093,1447.392,4.061,262.202,42.750,61.125
decoder,1,default,../Instances/aNpMP/pmed12.txt,300,10,1234,2439,4,53140.000000,1.118,60.861,2421807,1693.929,4.103,60.872,42.750,57.875
decoder,4,active,../Instances/aNpMP/pmed27.txt,600,10,1234,1147,4,57828.000000,1.340,16.157,1139277,751.239,4.105,64.716,42.750,63.500
decoder,8,active,../Instances/aNpMP/pmed8.txt,200,20,1234,1601,4,101029.000000,1.516,14.266,1598045,678.472,4.092,114.123,42.750,62.000
decoder,0,default,../Instances/aNpMP/pmed35.txt,800,5,1234,1815,4,23810.000000,4.512,56.659,1794217,1637.240,4.173,56.836,42.750,61.750
decoder,1,default,../Instances/aNpMP/pmed24.txt,500,100,1234,119,4,692253.000000,48.491,53.333,131964,1432.192,4.169,53.384,42.750,53.375
decoder,4,active,../Instances/aNpMP/pmed7.txt,200,10,1234,4098,4,45052.000000,18.460,23.792,4069590,1002.829,4.058,95.170,42.750,62.000
decoder,0,default,../Instances/aNpMP/pmed18.txt,400,40,1234,375,4,244328.000000,52.832,55.011,384192,1485.805,4.173,55.037,42.750,53.875
decoder,6,active,../Instances/aNpMP/pmed31.txt,700,5,1234,2143,4,23386.000000,0.689,14.790,2118281,783.432,4.066,88.869,42.750,63.000
decoder,6,active,../Instances/aNpMP/pmed11.txt,300,5,1234,6020,4,17749.000000,0.101,25.471,5948757,1187.125,4.045,152.853,42.750,61.250
decoder,2,active,../Instances/aNpMP/pmed31.txt,700,5,1234,2143,4,23386.000000,1.448,30.809,2118281,1154.182,4.061,61.740,42.750,63.000
decoder,4,active,../Instances/aNpMP/pmed21.txt,500,5,1234,3280,4,21646.000000,0.174,22.344,3241637,1018.497,4.055,89.427,42.750,63.875
decoder,1,default,../Instances/aNpMP/pmed19.txt,400,80,1234,192,4,494003.000000,53.741,54.857,205753,1475.604,4.146,54.871,42.750,53.375
decoder,0,default,../Instances/aNpMP/pmed33.txt,700,70,1234,114,4,519852.000000,47.641,50.707,123045,1367.311,4.169,50.830,42.750,53.375
decoder,4,active,../Instances/aNpMP/pmed25.txt,500,167,1234,70,4,1148756.000000,9.511,14.017,82563,578.398,4.175,56.124,42.750,59.500
decoder,6,active,../Instances/aNpMP/pmed14.txt,300,60,1234,353,4,349693.000000,11.405,11.405,369988,551.145,4.146,68.448,42.750,59.375
decoder,0,default,../Instances/aNpMP/pmed21.txt,500,5,1234,3280,4,21646.000000,0.467,59.080,3241637,1752.146,4.168,59.126,42.750,62.375
decoder,12,active,../Instances/aNpMP/pmed6.txt,200,5,1234,8951,4,19103.000000,0.167,42.959,8844585,1954.776,4.091,514.638,42.750,61.000
decoder,6,active,../Instances/aNpMP/pmed16.txt,400,5,1234,4063,4,18964.000000,0.359,20.596,4015241,988.133,4.053,123.603,42.750,62.125
decoder,4,active,../Instances/aNpMP/pmed35.txt,800,5,1234,1815,4,23810.000000,1.361,16.977,1794217,810.902,4.068,68.093,42.750,65.875
decoder,0,default,../Instances/aNpMP/pmed14.txt,300,60,1234,353,4,349693.000000,57.295,57.296,369988,1539.931,4.162,57.297,42.750,53.625
decoder,8,active,../Instances/aNpMP/pmed36.txt,800,10,1234,833,4,70897.000000,5.962,11.254,828249,607.139,4.087,90.191,42.750,65.125
decoder,12,active,../Instances/aNpMP/pmed23.txt,500,50,1234,246,4,325222.000000,7.407,7.437,255365,409.133,4.113,89.142,42.750,63.000
decoder,1,default,../Instances/aNpMP/pmed32.txt,700,10,1234,953,4,67115.000000,27.362,58.408,947083,1625.611,4.140,58.534,42.750,57.500
decoder,12,active,../Instances/aNpMP/pmed11.txt,300,5,1234,6020,4,17749.000000,0.118,31.066,5948757,1430.923,4.090,372.312,42.875,61.375
decoder,4,active,../Instances/aNpMP/pmed17.txt,400,10,1234,1731,4,53504.000000,2.763,17.642,1719404,779.963,4.086,70.593,42.750,62.875
decoder,0,default,../Instances/aNpMP/pmed5.txt,100,33,1234,1979,4,117405.000000,12.642,55.456,1993199,1489.050,4.176,55.451,42.750,54.250
decoder,8,active,../Instances/aNpMP/pmed17.txt,400,10,1234,1731,4,53504.000000,2.181,14.088,1719404,706.784,4.082,112.736,42.750,63.625
decoder,4,active,../Instances/aNpMP/pmed36.txt,800,10,1234,833,4,70897.000000,8.599,16.145,828249,753.819,4.120,64.763,42.750,63.750
decoder,8,active,../Instances/aNpMP/pmed6.txt,200,5,1234,8951,4,19103.000000,0.148,36.756,8844585,1660.802,4.049,293.986,42.750,62.250
decoder,1,default,../Instances/aNpMP/pmed16.txt,400,5,1234,4063,4,18964.000000,1.082,60.536,4015241,1768.128,4.053,60.562,42.750,62.375
decoder,6,active,../Instances/aNpMP/pmed2.txt,100,10,1234,7878,4,39421.000000,10.996,30.905,7823093,1367.075,4.053,185.428,42.750,59.625
decoder,6,active,../Instances/aNpMP/pmed9.txt,200,40,1234,791,4,198237.000000,7.895,12.575,804254,594.324,4.128,75.460,42.750,60.000
decoder,1,default,../Instances/aNpMP/pmed33.txt,700,70,1234,114,4,519852.000000,47.730,50.781,123045,1364.304,4.173,50.913,42.750,53.750
decoder,6,active,../Instances/aNpMP/pmed1.txt,100,5,1234,18964,4,15008.000000,0.076,58.029,18737429,2440.943,4.029,348.175,42.750,59.750
decoder,12,active,../Instances/aNpMP/pmed34.txt,700,140,1234,62,4,1047633.000000,6.431,6.536,72307,383.980,4.109,78.441,42.875,64.125
decoder,4,active,../Instances/aNpMP/pmed29.txt,600,120,1234,86,4,860281.000000,14.447,14.612,97868,618.755,4.169,58.538,42.750,60.500
decoder,12,active,../Instances/aNpMP/pmed19.txt,400,80,1234,192,4,494003.000000,6.928,7.070,205753,384.150,4.118,84.724,42.875,62.500
decoder,8,active,../Instances/aNpMP/pmed34.txt,700,140,1234,62,4,1047633.000000,8.757,8.898,72307,467.223,4.123,71.311,42.750,63.250
decoder,2,active,../Instances/aNpMP/pmed19.txt,400,80,1234,192,4,494003.000000,27.621,28.195,205753,900.704,4.140,56.407,42.750,54.625
decoder,1,default,../Instances/aNpMP/pmed2.txt,100,10,1234,7878,4,39421.000000,21.908,60.908,7823093,1658.730,3.972,60.904,42.750,57.625
decoder,12,active,../Instances/aNpMP/pmed36.txt,800,10,1234,833,4,70897.000000,4.981,9.331,828249,514.144,4.091,111.977,42.750,64.250
decoder,2,active,../Instances/aNpMP/pmed36.txt,800,10,1234,833,4,70897.000000,16.035,30.126,828249,1105.948,4.122,60.424,42.750,59.125
decoder,6,active,../Instances/aNpMP/pmed5.txt,100,33,1234,1979,4,117405.000000,3.674,16.070,1993199,742.721,4.111,96.419,42.750,59.250
decoder,0,default,../Instances/aNpMP/pmed11.txt,300,5,1234,6020,4,17749.000000,0.242,58.647,5948757,1747.461,4.170,58.656,42.750,62.875
decoder,8,active,../Instances/aNpMP/pmed33.txt,700,70,1234,114,4,519852.000000,7.808,8.305,123045,440.558,4.120,66.572,42.875,63.000
decoder,2,active,../Instances/aNpMP/pmed20.txt,400,133,1234,109,4,905518.000000,25.889,27.049,123586,864.744,4.148,54.114,42.750,54.250
decoder,4,active,../Instances/aNpMP/pmed19.txt,400,80,1234,192,4,494003.000000,14.263,14.560,205753,605.459,4.165,58.272,42.750,59.375
decoder,6,active,../Instances/aNpMP/pmed12.txt,300,10,1234,2439,4,53140.000000,0.312,17.296,2421807,830.554,4.091,103.789,42.750,60.250
decoder,1,default,../Instances/aNpMP/pmed28.txt,600,60,1234,167,4,384219.000000,53.954,54.264,177084,1464.736,4.163,54.346,42.750,53.750
decoder,4,active,../Instances/aNpMP/pmed1.txt,100,5,1234,18964,4,15008.000000,0.072,53.314,18737429,2002.655,3.954,213.230,42.750,60.125
decoder,8,active,../Instances/aNpMP/pmed32.txt,700,10,1234,953,4,67115.000000,5.430,11.647,947083,628.723,4.084,93.273,42.750,65.250
decoder,8,active,../Instances/aNpMP/pmed40.txt,900,90,1234,76,4,775798.000000,8.713,8.825,84207,471.184,4.120,70.834,42.750,64.000
decoder,1,default,../Instances/aNpMP/pmed38.txt,900,5,1234,1591,4,25560.000000,4.656,58.820,1572905,1704.844,4.120,59.059,42.750,61.625
decoder,12,active,../Instances/aNpMP/pmed25.txt,500,167,1234,70,4,1148756.000000,4.335,6.399,82563,341.302,4.117,76.706,42.750,63.000
decoder,8,active,../Instances/aNpMP/pmed26.txt,600,5,1234,2534,4,22734.000000,0.241,16.878,2504589,850.386,4.069,135.107,42.750,64.125
decoder,1,default,../Instances/aNpMP/pmed9.txt,200,40,1234,791,4,198237.000000,35.503,56.591,804254,1530.774,4.151,56.592,42.875,53.875
decoder,8,active,../Instances/aNpMP/pmed27.txt,600,10,1234,1147,4,57828.000000,0.993,12.278,1139277,629.867,4.085,98.251,42.750,64.375
decoder,0,default,../Instances/aNpMP/pmed13.txt,300,30,1234,708,4,149739.000000,26.545,56.811,715138,1543.137,4.148,56.805,42.750,54.375
decoder,2,active,../Instances/aNpMP/pmed18.txt,400,40,1234,375,4,244328.000000,27.361,28.479,384192,929.116,4.147,56.989,42.750,55.250
decoder,1,default,../Instances/aNpMP/pmed5.txt,100,33,1234,1979,4,117405.000000,12.910,56.557,1993199,1538.436,4.123,56.555,42.750,54.250
decoder,12,active,../Instances/aNpMP/pmed31.txt,700,5,1234,2143,4,23386.000000,0.659,14.708,2118281,787.476,4.084,176.356,42.750,63.250
decoder,6,active,../Instances/aNpMP/pmed30.txt,600,200,1234,47,4,1602075.000000,9.465,9.671,58534,484.434,4.150,58.119,42.750,59.875
decoder,0,default,../Instances/aNpMP/pmed10.txt,200,67,1234,491,4,266370.000000,55.402,55.403,514301,1494.923,4.178,55.405,42.750,53.500
decoder,1,default,../Instances/aNpMP/pmed35.txt,800,5,1234,1815,4,23810.000000,4.684,59.127,1794217,1715.150,4.114,59.306,42.875,61.625
decoder,6,active,../Instances/aNpMP/pmed38.txt,900,5,1234,1591,4,25560.000000,1.039,13.163,1572905,716.084,4.075,79.227,42.750,63.750
decoder,2,active,../Instances/aNpMP/pmed40.txt,900,90,1234,76,4,775798.000000,27.573,27.927,84207,916.154,4.165,56.090,42.750,55.375
decoder,6,active,../Instances/aNpMP/pmed21.txt,500,5,1234,3280,4,21646.000000,0.142,18.268,3241637,924.532,4.061,109.668,42.750,62.250
decoder,1,default,../Instances/aNpMP/pmed23.txt,500,50,1234,246,4,325222.000000,56.287,56.510,255365,1530.608,4.155,56.555,42.750,53.750
decoder,8,active,../Instances/aNpMP/pmed22.txt,500,10,1234,1298,4,62699.000000,2.921,12.551,1289649,638.728,4.086,100.448,42.750,63.750
decoder,2,active,../Instances/aNpMP/pmed24.txt,500,100,1234,119,4,692253.000000,25.010,27.490,131964,883.679,4.152,55.032,42.750,54.875
decoder,8,active,../Instances/aNpMP/pmed16.txt,400,5,1234,4063,4,18964.000000,0.368,21.576,4015241,1031.378,4.061,172.624,42.750,63.375
decoder,2,active,../Instances/aNpMP/pmed34.txt,700,140,1234,62,4,1047633.000000,27.583,28.028,72307,910.118,4.177,56.187,42.750,55.250
decoder,6,active,../Instances/aNpMP/pmed32.txt,700,10,1234,953,4,67115.000000,5.583,11.891,947083,643.833,4.098,71.478,42.750,62.500
decoder,4,active,../Instances/aNpMP/pmed18.txt,400,40,1234,375,4,244328.000000,14.539,15.137,384192,632.254,4.145,60.568,42.750,60.125
decoder,4,active,../Instances/aNpMP/pmed39.txt,900,10,1234,707,4,66233.000000,14.779,15.011,702891,705.894,4.122,60.291,42.750,63.625
decoder,12,active,../Instances/aNpMP/pmed20.txt,400,133,1234,109,4,905518.000000,6.319,6.600,123586,354.848,4.120,79.093,42.750,62.500
decoder,12,active,../Instances/aNpMP/pmed27.txt,600,10,1234,1147,4,57828.000000,0.868,10.566,1139277,561.087,4.095,126.695,42.750,63.000
decoder,1,default,../Instances/aNpMP/pmed21.txt,500,5,1234,3280,4,21646.000000,0.490,62.506,3241637,1854.451,4.066,62.549,42.750,62.000
decoder,4,active,../Instances/aNpMP/pmed8.txt,200,20,1234,1601,4,101029.000000,1.984,18.447,1598045,768.407,4.114,73.790,42.750,60.125
decoder,1,default,../Instances/aNpMP/pmed20.txt,400,133,1234,109,4,905518.000000,50.419,52.669,123586,1414.122,4.168,52.696,42.750,53.250
decoder,0,default,../Instances/aNpMP/pmed29.txt,600,120,1234,86,4,860281.000000,55.178,55.809,97868,1500.277,4.164,55.888,42.750,53.500
decoder,2,active,../Instances/aNpMP/pmed26.txt,600,5,1234,2534,4,22734.000000,0.470,30.319,2504589,1130.922,4.052,60.721,42.750,62.750
decoder,12,active,../Instances/aNpMP/pmed10.txt,200,67,1234,491,4,266370.000000,9.331,9.331,514301,476.573,4.116,111.848,42.875,62.125
decoder,12,active,../Instances/aNpMP/pmed17.txt,400,10,1234,1731,4,53504.000000,2.008,13.020,1719404,662.210,4.095,156.027,42.750,62.250
decoder,0,default,../Instances/aNpMP/pmed24.txt,500,100,1234,119,4,692253.000000,48.320,53.149,131964,1434.511,4.177,53.202,42.750,53.375
decoder,12,active,../Instances/aNpMP/pmed29.txt,600,120,1234,86,4,860281.000000,6.591,6.666,97868,381.531,4.118,79.963,42.750,63.000
decoder,6,active,../Instances/aNpMP/pmed8.txt,200,20,1234,1601,4,101029.000000,1.605,14.835,1598045,694.612,4.110,89.005,42.750,59.125
decoder,8,active,../Instances/aNpMP/pmed13.txt,300,30,1234,708,4,149739.000000,5.323,11.366,715138,570.186,4.107,90.927,42.750,62.500
decoder,4,active,../Instances/aNpMP/pmed14.txt,300,60,1234,353,4,349693.000000,15.984,15.984,369988,660.048,4.156,63.946,42.750,59.375
decoder,1,default,../Instances/aNpMP/pmed31.txt,700,5,1234,2143,4,23386.000000,2.780,61.143,2118281,1772.478,4.112,61.270,42.750,61.500
decoder,2,active,../Instances/aNpMP/pmed23.txt,500,50,1234,246,4,325222.000000,28.860,28.976,255365,945.579,4.163,58.006,42.875,55.125
decoder,1,default,../Instances/aNpMP/pmed26.txt,600,5,1234,2534,4,22734.000000,0.879,58.883,2504589,1707.085,4.090,58.965,42.750,61.750
decoder,4,active,../Instances/aNpMP/pmed30.txt,600,200,1234,47,4,1602075.000000,13.732,14.029,58534,583.479,4.175,56.204,42.750,59.875
decoder,12,active,../Instances/aNpMP/pmed7.txt,200,10,1234,4098,4,45052.000000,18.198,23.464,4069590,1098.136,4.097,281.098,42.750,60.875
decoder,4,active,../Instances/aNpMP/pmed3.txt,100,10,1234,8063,4,43354.000000,0.236,33.944,8005511,1310.230,4.028,135.768,42.750,60.375
decoder,2,active,../Instances/aNpMP/pmed30.txt,600,200,1234,47,4,1602075.000000,26.706,27.287,58534,883.191,4.169,54.658,42.750,54.875
decoder,1,default,../Instances/aNpMP/pmed7.txt,200,10,1234,4098,4,45052.000000,47.226,60.781,4069590,1667.833,4.068,60.784,42.750,57.625
decoder,4,active,../Instances/aNpMP/pmed12.txt,300,10,1234,2439,4,53140.000000,0.382,20.697,2421807,875.685,4.082,82.798,42.750,61.750
decoder,8,active,../Instances/aNpMP/pmed21.txt,500,5,1234,3280,4,21646.000000,0.151,20.174,3241637,988.989,4.069,161.445,42.750,63.625
decoder,0,default,../Instances/aNpMP/pmed26.txt,600,5,1234,2534,4,22734.000000,0.826,56.178,2504589,1653.960,4.170,56.261,42.875,62.250
decoder,8,active,../Instances/aNpMP/pmed9.txt,200,40,1234,791,4,198237.000000,7.439,11.843,804254,575.097,4.108,94.746,42.750,62.000
decoder,8,active,../Instances/aNpMP/pmed30.txt,600,200,1234,47,4,1602075.000000,8.389,8.570,58534,444.177,4.125,68.652,42.750,62.750
decoder,1,default,../Instances/aNpMP/pmed36.txt,800,10,1234,833,4,70897.000000,31.294,59.003,828249,1641.480,4.144,59.177,42.750,57.125
decoder,6,active,../Instances/aNpMP/pmed20.txt,400,133,1234,109,4,905518.000000,9.291,9.704,123586,476.851,4.154,58.260,42.750,59.250
decoder,12,active,../Instances/aNpMP/pmed21.txt,500,5,1234,3280,4,21646.000000,0.152,21.072,3241637,1033.772,4.094,252.539,42.875,61.875
decoder,0,default,../Instances/aNpMP/pmed31.txt,700,5,1234,2143,4,23386.000000,2.666,58.613,2118281,1705.657,4.174,58.738,42.750,61.875
decoder,0,default,../Instances/aNpMP/pmed15.txt,300,100,1234,200,4,558328.000000,51.951,52.711,219499,1416.686,4.163,52.715,42.750,53.125
decoder,0,default,../Instances/aNpMP/pmed40.txt,900,90,1234,76,4,775798.000000,54.223,54.913,84207,1478.064,4.166,55.146,42.750,53.250
decoder,8,active,../Instances/aNpMP/pmed10.txt,200,67,1234,491,4,266370.000000,11.072,11.072,514301,527.738,4.116,88.575,42.750,62.000
decoder,8,active,../Instances/aNpMP/pmed19.txt,400,80,1234,192,4,494003.000000,8.962,9.148,205753,452.715,4.122,73.210,42.750,62.250
decoder,2,active,../Instances/aNpMP/pmed22.txt,500,10,1234,1298,4,62699.000000,6.715,28.866,1289649,1045.691,4.111,57.788,42.875,58.375
decoder,6,active,../Instances/aNpMP/pmed19.txt,400,80,1234,192,4,494003.000000,10.018,10.226,205753,500.702,4.151,61.389,42.750,59.250
decoder,4,active,../Instances/aNpMP/pmed38.txt,900,5,1234,1591,4,25560.000000,1.326,16.693,1572905,796.758,4.086,67.019,42.750,65.000
decoder,12,active,../Instances/aNpMP/pmed16.txt,400,5,1234,4063,4,18964.000000,0.397,23.494,4015241,1117.842,4.092,281.504,42.875,61.625
decoder,4,active,../Instances/aNpMP/pmed24.txt,500,100,1234,119,4,692253.000000,12.802,14.088,131964,587.061,4.170,56.408,42.750,60.125
decoder,12,active,../Instances/aNpMP/pmed33.txt,700,70,1234,114,4,519852.000000,5.810,6.178,123045,339.991,4.115,74.137,42.750,62.875
decoder,6,active,../Instances/aNpMP/pmed35.txt,800,5,1234,1815,4,23810.000000,1.073,13.634,1794217,733.779,4.065,81.984,42.750,63.000
decoder,12,active,../Instances/aNpMP/pmed14.txt,300,60,1234,353,4,349693.000000,8.109,8.110,369988,429.154,4.119,97.232,42.750,62.000
decoder,4,active,../Instances/aNpMP/pmed10.txt,200,67,1234,491,4,266370.000000,16.313,16.314,514301,669.572,4.159,65.260,42.750,58.875
decoder,6,active,../Instances/aNpMP/pmed23.txt,500,50,1234,246,4,325222.000000,10.618,10.660,255365,530.756,4.148,64.020,42.875,59.625
decoder,1,default,../Instances/aNpMP/pmed17.txt,400,10,1234,1731,4,53504.000000,9.127,58.925,1719404,1646.415,4.117,58.953,42.750,57.375
decoder,2,active,../Instances/aNpMP/pmed11.txt,300,5,1234,6020,4,17749.000000,0.145,35.694,5948757,1301.188,3.964,71.402,42.750,61.250
decoder,6,active,../Instances/aNpMP/pmed10.txt,200,67,1234,491,4,266370.000000,12.274,12.274,514301,577.809,4.133,73.648,42.750,59.000
decoder,6,active,../Instances/aNpMP/pmed18.txt,400,40,1234,375,4,244328.000000,10.412,10.836,384192,536.013,4.135,65.042,42.750,59.375
decoder,0,default,../Instances/aNpMP/pmed4.txt,100,20,1234,3256,4,95489.000000,33.019,56.564,3247925,1516.721,4.170,56.556,42.750,53.750
decoder,8,active,../Instances/aNpMP/pmed38.txt,900,5,1234,1591,4,25560.000000,1.076,13.712,1572905,726.591,4.076,109.934,42.750,65.125
decoder,2,active,../Instances/aNpMP/pmed21.txt,500,5,1234,3280,4,21646.000000,0.269,33.093,3241637,1216.768,4.039,66.237,42.750,61.875
decoder,1,default,../Instances/aNpMP/pmed8.txt,200,20,1234,1601,4,101029.000000,6.135,56.579,1598045,1531.438,4.127,56.581,42.750,54.000
decoder,4,active,../Instances/aNpMP/pmed16.txt,400,5,1234,4063,4,18964.000000,0.399,22.781,4015241,1006.219,4.046,91.156,42.750,62.750
decoder,2,active,../Instances/aNpMP/pmed2.txt,100,10,1234,7878,4,39421.000000,13.558,37.597,7823093,1240.448,3.915,75.189,42.750,58.250
decoder,2,active,../Instances/aNpMP/pmed17.txt,400,10,1234,1731,4,53504.000000,4.667,30.063,1719404,1089.096,4.087,60.151,42.750,58.750
decoder,1,default,../Instances/aNpMP/pmed25.txt,500,167,1234,70,4,1148756.000000,36.178,53.279,82563,1424.780,4.167,53.330,42.750,52.625
decoder,2,active,../Instances/aNpMP/pmed27.txt,600,10,1234,1147,4,57828.000000,2.396,28.766,1139277,1053.843,4.119,57.620,42.750,58.875
decoder,8,active,../Instances/aNpMP/pmed25.txt,500,167,1234,70,5,1148756.000000,5.827,8.596,82563,438.585,4.136,68.822,39.875,61.250
decoder,1,default,../Instances/aNpMP/pmed2.txt,100,10,1234,7878,5,39421.000000,21.889,60.921,7823093,1660.206,3.962,60.908,42.875,56.250
decoder,0,default,../Instances/aNpMP/pmed32.txt,700,10,1234,953,5,67115.000000,26.338,56.234,947083,1564.243,4.173,56.359,42.875,56.500
decoder,12,active,../Instances/aNpMP/pmed24.txt,500,100,1234,119,5,692253.000000,5.994,6.592,131964,346.832,4.121,79.026,42.875,62.000
decoder,4,active,../Instances/aNpMP/pmed33.txt,700,70,1234,114,5,519852.000000,12.663,13.475,123045,573.882,4.163,54.027,42.875,58.875
decoder,12,active,../Instances/aNpMP/pmed23.txt,500,50,1234,246,5,325222.000000,7.430,7.459,255365,404.756,4.116,89.378,42.750,62.125
decoder,8,active,../Instances/aNpMP/pmed13.txt,300,30,1234,708,5,149739.000000,5.331,11.376,715138,566.586,4.111,90.998,42.875,61.750
decoder,0,default,../Instances/aNpMP/pmed9.txt,200,40,1234,791,5,198237.000000,35.055,55.864,804254,1487.199,4.177,55.866,42.875,52.750
decoder,2,active,../Instances/aNpMP/pmed2.txt,100,10,1234,7878,5,39421.000000,13.520,37.626,7823093,1233.493,3.915,75.242,42.875,57.500
decoder,12,active,../Instances/aNpMP/pmed16.txt,400,5,1234,4063,5,18964.000000,0.385,23.352,4015241,1104.786,4.096,279.838,42.750,61.125
decoder,4,active,../Instances/aNpMP/pmed7.txt,200,10,1234,4098,5,45052.000000,18.633,24.057,4069590,1012.663,4.058,96.231,42.875,61.625
decoder,0,default,../Instances/aNpMP/pmed8.txt,200,20,1234,1601,5,101029.000000,6.028,55.484,1598045,1490.069,4.161,55.475,42.875,53.875
decoder,1,default,../Instances/aNpMP/pmed15.txt,300,100,1234,200,5,558328.000000,52.510,53.284,219499,1416.235,4.146,53.282,42.875,52.375
decoder,6,active,../Instances/aNpMP/pmed38.txt,900,5,1234,1591,5,25560.000000,1.073,13.524,1572905,729.632,4.083,81.391,42.875,62.875
decoder,8,active,../Instances/aNpMP/pmed39.txt,900,10,1234,707,5,66233.000000,10.100,10.258,702891,563.548,4.090,82.279,42.875,65.125
decoder,8,active,../Instances/aNpMP/pmed27.txt,600,10,1234,1147,5,57828.000000,0.990,12.121,1139277,629.557,4.090,97.054,42.875,63.875
decoder,12,active,../Instances/aNpMP/pmed15.txt,300,100,1234,200,5,558328.000000,7.064,7.168,219499,367.845,4.120,85.891,42.875,61.750
decoder,12,active,../Instances/aNpMP/pmed38.txt,900,5,1234,1591,5,25560.000000,0.968,12.344,1572905,663.331,4.090,148.142,42.875,63.125
decoder,6,active,../Instances/aNpMP/pmed5.txt,100,33,1234,1979,5,117405.000000,3.755,16.398,1993199,757.485,4.113,98.383,42.750,58.500
decoder,1,default,../Instances/aNpMP/pmed21.txt,500,5,1234,3280,5,21646.000000,0.490,62.372,3241637,1795.629,4.075,62.418,42.875,61.125
decoder,4,active,../Instances/aNpMP/pmed4.txt,100,20,1234,3256,5,95489.000000,13.511,23.073,3247925,892.777,4.090,92.290,42.875,58.625
decoder,1,default,../Instances/aNpMP/pmed4.txt,100,20,1234,3256,5,95489.000000,34.379,58.901,3247925,1592.524,4.082,58.891,42.875,53.875
decoder,12,active,../Instances/aNpMP/pmed11.txt,300,5,1234,6020,5,17749.000000,0.119,32.207,5948757,1474.343,4.097,385.929,42.875,60.875
decoder,12,active,../Instances/aNpMP/pmed7.txt,200,10,1234,4098,5,45052.000000,18.757,24.180,4069590,1118.957,4.099,289.703,42.875,60.875
decoder,12,active,../Instances/aNpMP/pmed12.txt,300,10,1234,2439,5,53140.000000,0.289,16.791,2421807,839.691,4.096,201.175,43.000,61.375
decoder,2,active,../Instances/aNpMP/pmed1.txt,100,5,1234,18964,5,15008.000000,0.070,50.499,18737429,1660.347,3.723,100.996,42.875,60.000
decoder,2,active,../Instances/aNpMP/pmed27.txt,600,10,1234,1147,5,57828.000000,2.424,28.841,1139277,1055.179,4.113,57.769,42.875,59.250
decoder,8,active,../Instances/aNpMP/pmed17.txt,400,10,1234,1731,5,53504.000000,2.098,13.542,1719404,682.267,4.081,108.357,42.875,63.500
decoder,6,active,../Instances/aNpMP/pmed4.txt,100,20,1234,3256,5,95489.000000,11.194,19.296,3247925,879.904,4.091,115.768,42.875,58.375
decoder,6,active,../Instances/aNpMP/pmed8.txt,200,20,1234,1601,5,101029.000000,1.562,14.478,1598045,685.302,4.112,86.873,43.000,59.375
decoder,6,active,../Instances/aNpMP/pmed25.txt,500,167,1234,70,5,1148756.000000,6.649,9.803,82563,483.469,4.147,58.875,42.875,59.000
decoder,12,active,../Instances/aNpMP/pmed27.txt,600,10,1234,1147,5,57828.000000,0.865,10.645,1139277,565.439,4.096,127.617,42.875,62.750
decoder,4,active,../Instances/aNpMP/pmed18.txt,400,40,1234,375,5,244328.000000,14.489,15.076,384192,627.111,4.156,60.331,42.875,59.375
decoder,0,default,../Instances/aNpMP/pmed35.txt,800,5,1234,1815,5,23810.000000,4.525,56.860,1794217,1599.314,4.150,57.023,42.750,59.250
decoder,8,active,../Instances/aNpMP/pmed18.txt,400,40,1234,375,5,244328.000000,9.279,9.659,384192,483.736,4.116,77.296,42.875,62.250
decoder,4,active,../Instances/aNpMP/pmed20.txt,400,133,1234,109,5,905518.000000,13.489,14.086,123586,570.878,4.164,56.371,42.875,58.000
decoder,8,active,../Instances/aNpMP/pmed23.txt,500,50,1234,246,5,325222.000000,9.616,9.654,255365,488.621,4.121,77.260,42.750,62.125
decoder,1,default,../Instances/aNpMP/pmed34.txt,700,140,1234,62,5,1047633.000000,54.264,55.137,72307,1470.819,4.173,55.265,42.750,52.250
decoder,0,default,../Instances/aNpMP/pmed40.txt,900,90,1234,76,5,775798.000000,54.070,54.758,84207,1466.576,4.165,54.992,42.875,52.500
decoder,2,active,../Instances/aNpMP/pmed7.txt,200,10,1234,4098,5,45052.000000,26.936,34.633,4069590,1143.323,4.024,69.265,42.750,57.625
decoder,2,active,../Instances/aNpMP/pmed11.txt,300,5,1234,6020,5,17749.000000,0.146,35.792,5948757,1302.168,3.964,71.596,42.875,60.875
decoder,8,active,../Instances/aNpMP/pmed36.txt,800,10,1234,833,5,70897.000000,5.935,11.062,828249,607.190,4.089,88.615,42.875,65.000
decoder,2,active,../Instances/aNpMP/pmed36.txt,800,10,1234,833,5,70897.000000,15.952,30.167,828249,1098.722,4.120,60.503,42.875,57.875
decoder,8,active,../Instances/aNpMP/pmed10.txt,200,67,1234,491,5,266370.000000,11.096,11.096,514301,534.035,4.118,88.765,42.875,61.625
decoder,12,active,../Instances/aNpMP/pmed33.txt,700,70,1234,114,5,519852.000000,5.807,6.174,123045,361.443,4.118,74.087,42.750,62.375
decoder,2,active,../Instances/aNpMP/pmed40.txt,900,90,1234,76,5,775798.000000,27.560,27.915,84207,904.284,4.165,56.064,43.000,53.750
decoder,12,active,../Instances/aNpMP/pmed26.txt,600,5,1234,2534,5,22734.000000,0.224,16.058,2504589,824.202,4.088,192.454,42.875,62.000
decoder,4,active,../Instances/aNpMP/pmed26.txt,600,5,1234,2534,5,22734.000000,0.283,18.771,2504589,874.089,4.065,75.176,42.875,64.125
decoder,8,active,../Instances/aNpMP/pmed3.txt,100,10,1234,8063,5,43354.000000,0.241,36.029,8005511,1557.737,4.071,287.972,42.750,60.125
decoder,8,active,../Instances/aNpMP/pmed37.txt,800,80,1234,99,5,676372.000000,9.167,9.167,107894,484.462,4.120,73.511,42.875,63.500
decoder,1,default,../Instances/aNpMP/pmed24.txt,500,100,1234,119,5,692253.000000,48.512,53.358,131964,1428.572,4.169,53.406,42.875,52.750
decoder,6,active,../Instances/aNpMP/pmed31.txt,700,5,1234,2143,5,23386.000000,0.681,14.885,2118281,790.216,4.070,89.432,42.750,62.500
decoder,4,active,../Instances/aNpMP/pmed23.txt,500,50,1234,246,5,325222.000000,15.079,15.139,255365,632.919,4.165,60.609,42.875,59.500
decoder,12,active,../Instances/aNpMP/pmed9.txt,200,40,1234,791,5,198237.000000,6.382,10.150,804254,502.492,4.114,121.603,42.875,61.000
decoder,2,active,../Instances/aNpMP/pmed10.txt,200,67,1234,491,5,266370.000000,29.116,29.117,514301,924.074,4.156,58.233,42.750,53.875
decoder,12,active,../Instances/aNpMP/pmed19.txt,400,80,1234,192,5,494003.000000,6.922,7.065,205753,385.190,4.120,84.653,42.750,61.750
decoder,12,active,../Instances/aNpMP/pmed20.txt,400,133,1234,109,5,905518.000000,6.304,6.584,123586,352.846,4.122,78.900,42.875,61.750
decoder,12,active,../Instances/aNpMP/pmed5.txt,100,33,1234,1979,5,117405.000000,3.573,15.561,1993199,717.118,4.121,186.431,42.750,59.250
decoder,0,default,../Instances/aNpMP/pmed28.txt,600,60,1234,167,5,384219.000000,53.943,54.257,177084,1459.323,4.171,54.337,42.875,52.500
decoder,2,active,../Instances/aNpMP/pmed13.txt,300,30,1234,708,5,149739.000000,13.906,29.669,715138,949.778,4.143,59.348,42.875,54.500
decoder,8,active,../Instances/aNpMP/pmed12.txt,300,10,1234,2439,5,53140.000000,0.311,17.521,2421807,842.172,4.083,140.130,42.875,62.000
decoder,6,active,../Instances/aNpMP/pmed1.txt,100,5,1234,18964,5,15008.000000,0.076,57.576,18737429,2425.288,4.031,345.436,43.000,59.125
decoder,4,active,../Instances/aNpMP/pmed34.txt,700,140,1234,62,5,1047633.000000,14.220,14.453,72307,612.962,4.167,57.939,42.875,60.375
decoder,8,active,../Instances/aNpMP/pmed22.txt,500,10,1234,1298,5,62699.000000,2.821,12.091,1289649,620.752,4.085,96.758,42.875,63.875
decoder,0,default,../Instances/aNpMP/pmed37.txt,800,80,1234,99,5,676372.000000,56.507,56.507,107894,1522.643,4.169,56.677,42.875,52.875
decoder,6,active,../Instances/aNpMP/pmed13.txt,300,30,1234,708,5,149739.000000,5.744,12.290,715138,593.951,4.132,73.751,42.875,59.000
decoder,1,default,../Instances/aNpMP/pmed20.txt,400,133,1234,109,5,905518.000000,50.642,52.903,123586,1415.161,4.167,52.928,42.875,52.500
decoder,0,default,../Instances/aNpMP/pmed23.txt,500,50,1234,246,5,325222.000000,55.730,55.951,255365,1505.800,4.175,56.002,42.875,52.875
decoder,0,default,../Instances/aNpMP/pmed4.txt,100,20,1234,3256,5,95489.000000,33.044,56.555,3247925,1516.399,4.172,56.545,42.875,53.750
decoder,8,active,../Instances/aNpMP/pmed7.txt,200,10,1234,4098,5,45052.000000,16.851,21.711,4069590,1002.527,4.069,173.677,42.875,61.875
decoder,4,active,../Instances/aNpMP/pmed1.txt,100,5,1234,18964,5,15008.000000,0.071,53.467,18737429,2007.445,3.965,213.857,42.875,59.875
decoder,2,active,../Instances/aNpMP/pmed4.txt,100,20,1234,3256,5,95489.000000,19.078,32.685,3247925,1062.161,4.051,65.364,43.000,56.250
decoder,1,default,../Instances/aNpMP/pmed6.txt,200,5,1234,8951,5,19103.000000,0.283,64.662,8844585,1804.942,3.949,64.655,42.875,60.000
decoder,6,active,../Instances/aNpMP/pmed9.txt,200,40,1234,791,5,198237.000000,8.037,12.728,804254,602.326,4.130,76.375,42.875,59.000
decoder,8,active,../Instances/aNpMP/pmed24.txt,500,100,1234,119,5,692253.000000,7.975,8.775,131964,449.650,4.124,70.244,42.875,62.375
decoder,2,active,../Instances/aNpMP/pmed39.txt,900,10,1234,707,5,66233.000000,27.717,28.161,702891,1031.148,4.139,56.561,42.875,58.375
decoder,4,active,../Instances/aNpMP/pmed6.txt,200,5,1234,8951,5,19103.000000,0.139,33.995,8844585,1414.878,4.000,135.974,42.875,61.125
decoder,2,active,../Instances/aNpMP/pmed30.txt,600,200,1234,47,5,1602075.000000,26.633,27.213,58534,870.213,4.165,54.508,43.000,54.375
decoder,2,active,../Instances/aNpMP/pmed14.txt,300,60,1234,353,5,349693.000000,29.767,29.767,369988,946.170,4.135,59.528,42.875,53.875
decoder,2,active,../Instances/aNpMP/pmed3.txt,100,10,1234,8063,5,43354.000000,0.287,39.232,8005511,1288.656,3.925,78.460,42.875,57.750
decoder,6,active,../Instances/aNpMP/pmed32.txt,700,10,1234,953,5,67115.000000,5.456,11.688,947083,635.633,4.094,70.259,42.875,62.125
decoder,0,default,../Instances/aNpMP/pmed1.txt,100,5,1234,18964,5,15008.000000,0.081,56.237,18737429,1595.889,4.173,56.229,42.875,61.875
decoder,12,active,../Instances/aNpMP/pmed1.txt,100,5,1234,18964,5,15008.000000,0.109,86.515,18737429,3653.335,4.094,1036.748,42.875,60.625
decoder,2,active,../Instances/aNpMP/pmed37.txt,800,80,1234,99,5,676372.000000,28.569,28.569,107894,935.570,4.176,57.320,43.000,55.625
decoder,1,default,../Instances/aNpMP/pmed39.txt,900,10,1234,707,5,66233.000000,54.582,55.445,702891,1544.670,4.137,55.680,42.875,57.000
decoder,0,default,../Instances/aNpMP/pmed2.txt,100,10,1234,7878,5,39421.000000,20.179,56.128,7823093,1528.053,4.173,56.125,42.875,56.875
decoder,1,default,../Instances/aNpMP/pmed13.txt,300,30,1234,708,5,149739.000000,26.933,57.522,715138,1547.426,4.135,57.525,42.750,53.125
decoder,1,default,../Instances/aNpMP/pmed28.txt,600,60,1234,167,5,384219.000000,54.123,54.434,177084,1467.986,4.149,54.513,42.750,52.875
decoder,1,default,../Instances/aNpMP/pmed11.txt,300,5,1234,6020,5,17749.000000,0.262,63.454,5948757,1801.251,4.012,63.462,42.875,61.375
decoder,0,default,../Instances/aNpMP/pmed19.txt,400,80,1234,192,5,494003.000000,53.363,54.465,205753,1458.386,4.151,54.480,42.875,52.625
decoder,1,default,../Instances/aNpMP/pmed9.txt,200,40,1234,791,5,198237.000000,35.552,56.666,804254,1515.072,4.152,56.668,42.875,52.875
decoder,12,active,../Instances/aNpMP/pmed21.txt,500,5,1234,3280,5,21646.000000,0.149,20.338,3241637,1004.631,4.092,243.582,42.875,61.625
decoder,8,active,../Instances/aNpMP/pmed29.txt,600,120,1234,86,5,860281.000000,8.956,9.057,97868,470.379,4.123,72.548,42.875,62.875
decoder,1,default,../Instances/aNpMP/pmed12.txt,300,10,1234,2439,5,53140.000000,1.135,61.014,2421807,1687.447,4.090,61.019,42.875,56.625
decoder,0,default,../Instances/aNpMP/pmed18.txt,400,40,1234,375,5,244328.000000,52.894,55.098,384192,1485.197,4.168,55.122,42.750,52.875
decoder,2,active,../Instances/aNpMP/pmed38.txt,900,5,1234,1591,5,25560.000000,2.328,28.947,1572905,1072.662,4.096,58.135,42.875,61.375
decoder,12,active,../Instances/aNpMP/pmed36.txt,800,10,1234,833,5,70897.000000,4.945,9.280,828249,537.134,4.094,111.376,42.875,63.875
decoder,0,default,../Instances/aNpMP/pmed36.txt,800,10,1234,833,5,70897.000000,30.208,56.941,828249,1581.209,4.176,57.117,42.875,56.000
decoder,12,active,../Instances/aNpMP/pmed32.txt,700,10,1234,953,5,67115.000000,4.547,9.716,947083,543.212,4.097,116.547,42.875,63.000
decoder,4,active,../Instances/aNpMP/pmed17.txt,400,10,1234,1731,5,53504.000000,2.776,17.837,1719404,787.091,4.103,71.381,42.875,61.750
decoder,6,active,../Instances/aNpMP/pmed12.txt,300,10,1234,2439,5,53140.000000,0.306,16.831,2421807,813.788,4.088,100.993,42.875,59.500
decoder,0,default,../Instances/aNpMP/pmed10.txt,200,67,1234,491,5,266370.000000,55.314,55.314,514301,1472.114,4.166,55.308,42.875,52.625
decoder,6,active,../Instances/aNpMP/pmed14.txt,300,60,1234,353,5,349693.000000,11.396,11.396,369988,549.888,4.149,68.392,42.750,58.750
decoder,0,default,../Instances/aNpMP/pmed15.txt,300,100,1234,200,5,558328.000000,51.913,52.673,219499,1400.949,4.168,52.681,42.750,52.125
decoder,8,active,../Instances/aNpMP/pmed14.txt,300,60,1234,353,5,349693.000000,10.428,10.429,369988,504.473,4.125,83.438,42.875,61.375
decoder,12,active,../Instances/aNpMP/pmed25.txt,500,167,1234,70,5,1148756.000000,4.291,6.422,82563,359.196,4.124,76.932,42.750,62.000
decoder,6,active,../Instances/aNpMP/pmed23.txt,500,50,1234,246,5,325222.000000,10.742,10.784,255365,537.165,4.142,64.759,42.750,58.375
decoder,1,default,../Instances/aNpMP/pmed14.txt,300,60,1234,353,5,349693.000000,57.364,57.365,369988,1531.340,4.162,57.376,42.875,52.125
decoder,8,active,../Instances/aNpMP/pmed1.txt,100,5,1234,18964,5,15008.000000,0.091,68.158,18737429,2851.477,4.064,545.246,42.875,59.750
decoder,12,active,../Instances/aNpMP/pmed4.txt,100,20,1234,3256,5,95489.000000,12.216,20.955,3247925,957.502,4.110,251.066,42.875,59.875
decoder,2,active,../Instances/aNpMP/pmed12.txt,300,10,1234,2439,5,53140.000000,0.582,31.243,2421807,1060.076,4.065,62.489,42.875,58.000
decoder,6,active,../Instances/aNpMP/pmed3.txt,100,10,1234,8063,5,43354.000000,0.228,33.354,8005511,1456.937,4.064,200.112,42.875,58.500
decoder,2,active,../Instances/aNpMP/pmed33.txt,700,70,1234,114,5,519852.000000,24.257,25.806,123045,841.234,4.174,51.742,42.875,54.625
decoder,4,active,../Instances/aNpMP/pmed10.txt,200,67,1234,491,5,266370.000000,16.474,16.474,514301,673.485,4.148,65.893,42.750,58.375
decoder,12,active,../Instances/aNpMP/pmed35.txt,800,5,1234,1815,5,23810.000000,1.011,13.178,1794217,720.199,4.088,158.060,42.875,62.875
decoder,2,active,../Instances/aNpMP/pmed19.txt,400,80,1234,192,5,494003.000000,27.156,27.718,205753,884.701,4.170,55.469,42.875,53.875
decoder,6,active,../Instances/aNpMP/pmed26.txt,600,5,1234,2534,5,22734.000000,0.225,15.553,2504589,794.582,4.063,93.403,42.750,62.000
decoder,4,active,../Instances/aNpMP/pmed8.txt,200,20,1234,1601,5,101029.000000,1.979,18.247,1598045,760.280,4.120,72.987,42.875,59.625
decoder,1,default,../Instances/aNpMP/pmed37.txt,800,80,1234,99,5,676372.000000,56.526,56.526,107894,1512.329,4.173,56.701,42.750,52.625
decoder,0,default,../Instances/aNpMP/pmed21.txt,500,5,1234,3280,5,21646.000000,0.468,58.972,3241637,1685.417,4.176,59.025,42.875,60.250
decoder,8,active,../Instances/aNpMP/pmed33.txt,700,70,1234,114,5,519852.000000,7.977,8.474,123045,447.156,4.119,67.823,42.875,62.250
decoder,1,default,../Instances/aNpMP/pmed19.txt,400,80,1234,192,5,494003.000000,53.544,54.654,205753,1458.718,4.164,54.680,42.750,52.125
decoder,4,active,../Instances/aNpMP/pmed29.txt,600,120,1234,86,5,860281.000000,14.548,14.714,97868,611.728,4.171,58.943,42.875,58.500
decoder,6,active,../Instances/aNpMP/pmed40.txt,900,90,1234,76,5,775798.000000,9.715,9.838,84207,518.774,4.150,59.268,42.750,59.500
decoder,1,default,../Instances/aNpMP/pmed26.txt,600,5,1234,2534,5,22734.000000,0.874,58.867,2504589,1661.396,4.081,58.941,42.875,59.250
decoder,0,default,../Instances/aNpMP/pmed5.txt,100,33,1234,1979,5,117405.000000,12.700,55.573,1993199,1487.722,4.173,55.566,42.750,53.000
decoder,12,active,../Instances/aNpMP/pmed39.txt,900,10,1234,707,5,66233.000000,8.453,8.586,702891,497.546,4.098,103.142,42.875,63.375
decoder,12,active,../Instances/aNpMP/pmed17.txt,400,10,1234,1731,5,53504.000000,2.029,13.153,1719404,667.305,4.099,157.614,42.750,61.500
decoder,0,default,../Instances/aNpMP/pmed14.txt,300,60,1234,353,5,349693.000000,56.958,56.958,369988,1521.116,4.172,56.967,42.750,52.375
decoder,12,active,../Instances/aNpMP/pmed34.txt,700,140,1234,62,5,1047633.000000,6.434,6.538,72307,362.771,4.120,78.434,42.875,62.500
decoder,1,default,../Instances/aNpMP/pmed17.txt,400,10,1234,1731,5,53504.000000,9.138,59.039,1719404,1645.843,4.112,59.064,42.750,56.125
decoder,0,default,../Instances/aNpMP/pmed29.txt,600,120,1234,86,5,860281.000000,55.299,55.923,97868,1492.697,4.151,55.992,42.875,52.250
decoder,12,active,../Instances/aNpMP/pmed40.txt,900,90,1234,76,5,775798.000000,6.384,6.465,84207,385.230,4.118,77.687,42.875,63.250
decoder,8,active,../Instances/aNpMP/pmed35.txt,800,5,1234,1815,5,23810.000000,1.112,14.307,1794217,745.630,4.077,114.643,42.875,64.375
decoder,12,active,../Instances/aNpMP/pmed22.txt,500,10,1234,1298,5,62699.000000,2.595,11.176,1289649,598.451,4.098,133.965,42.875,62.125
decoder,0,default,../Instances/aNpMP/pmed12.txt,300,10,1234,2439,5,53140.000000,1.067,57.696,2421807,1594.245,4.171,57.704,42.875,56.750
decoder,4,active,../Instances/aNpMP/pmed5.txt,100,33,1234,1979,5,117405.000000,4.467,19.588,1993199,784.473,4.111,78.347,42.875,58.375
decoder,0,default,../Instances/aNpMP/pmed20.txt,400,133,1234,109,5,905518.000000,50.257,52.503,123586,1396.213,4.177,52.532,42.875,52.125
decoder,1,default,../Instances/aNpMP/pmed40.txt,900,90,1234,76,5,775798.000000,54.364,55.056,84207,1477.150,4.162,55.284,42.875,52.500
decoder,2,active,../Instances/aNpMP/pmed9.txt,200,40,1234,791,5,198237.000000,18.751,29.843,804254,945.223,4.133,59.684,42.750,53.625
decoder,6,active,../Instances/aNpMP/pmed39.txt,900,10,1234,707,5,66233.000000,10.854,11.023,702891,604.556,4.107,66.384,42.750,61.750
decoder,2,active,../Instances/aNpMP/pmed29.txt,600,120,1234,86,5,860281.000000,28.201,28.518,97868,914.112,4.149,57.115,42.750,53.625
decoder,8,active,../Instances/aNpMP/pmed20.txt,400,133,1234,109,5,905518.000000,8.586,8.972,123586,448.576,4.124,71.676,42.750,61.375
decoder,2,active,../Instances/aNpMP/pmed24.txt,500,100,1234,119,5,692253.000000,24.929,27.439,131964,877.205,4.159,54.926,42.875,53.125
decoder,12,active,../Instances/aNpMP/pmed14.txt,300,60,1234,353,5,349693.000000,8.233,8.233,369988,433.229,4.120,98.649,42.875,61.250
decoder,4,active,../Instances/aNpMP/pmed14.txt,300,60,1234,353,5,349693.000000,15.863,15.864,369988,650.212,4.162,63.467,42.875,58.125
decoder,8,active,../Instances/aNpMP/pmed31.txt,700,5,1234,2143,5,23386.000000,0.693,15.454,2118281,789.144,4.066,123.635,42.875,63.875
decoder,6,active,../Instances/aNpMP/pmed2.txt,100,10,1234,7878,5,39421.000000,10.950,30.610,7823093,1358.757,4.049,183.655,42.750,58.375
decoder,6,active,../Instances/aNpMP/pmed22.txt,500,10,1234,1298,5,62699.000000,2.970,12.690,1289649,643.798,4.097,76.204,42.875,61.375
decoder,4,active,../Instances/aNpMP/pmed11.txt,300,5,1234,6020,5,17749.000000,0.117,28.938,5948757,1215.500,4.025,115.764,42.875,62.250
decoder,2,active,../Instances/aNpMP/pmed32.txt,700,10,1234,953,5,67115.000000,13.956,29.792,947083,1089.213,4.106,59.705,43.000,58.625
decoder,8,active,../Instances/aNpMP/pmed5.txt,100,33,1234,1979,5,117405.000000,3.615,16.073,1993199,732.531,4.103,128.473,42.875,60.375
decoder,4,active,../Instances/aNpMP/pmed35.txt,800,5,1234,1815,5,23810.000000,1.410,17.676,1794217,836.190,4.080,70.888,43.000,64.000
decoder,0,default,../Instances/aNpMP/pmed39.txt,900,10,1234,707,5,66233.000000,52.900,53.738,702891,1489.295,4.163,53.975,42.875,56.375
decoder,2,active,../Instances/aNpMP/pmed21.txt,500,5,1234,3280,5,21646.000000,0.266,32.901,3241637,1206.773,4.043,65.858,42.875,61.000
decoder,0,default,../Instances/aNpMP/pmed6.txt,200,5,1234,8951,5,19103.000000,0.261,58.832,8844585,1634.126,4.143,58.817,42.750,59.375
decoder,2,active,../Instances/aNpMP/pmed20.txt,400,133,1234,109,5,905518.000000,25.793,26.944,123586,855.765,4.167,53.919,42.875,53.750
decoder,2,active,../Instances/aNpMP/pmed23.txt,500,50,1234,246,5,325222.000000,28.801,28.915,255365,936.845,4.165,57.889,42.750,54.125
decoder,8,active,../Instances/aNpMP/pmed40.txt,900,90,1234,76,5,775798.000000,8.774,8.886,84207,475.002,4.119,71.335,42.875,63.000
decoder,8,active,../Instances/aNpMP/pmed11.txt,300,5,1234,6020,5,17749.000000,0.114,29.603,5948757,1363.650,4.066,236.819,42.875,61.750
decoder,4,active,../Instances/aNpMP/pmed9.txt,200,40,1234,791,5,198237.000000,10.485,16.724,804254,688.126,4.146,66.900,42.875,59.250
decoder,12,active,../Instances/aNpMP/pmed30.txt,600,200,1234,47,5,1602075.000000,6.137,6.269,58534,345.304,4.120,75.201,42.875,62.625
decoder,6,active,../Instances/aNpMP/pmed35.txt,800,5,1234,1815,5,23810.000000,1.050,13.350,1794217,727.158,4.073,80.288,42.875,63.000
decoder,6,active,../Instances/aNpMP/pmed27.txt,600,10,1234,1147,5,57828.000000,1.024,12.396,1139277,645.428,4.098,74.468,42.875,61.625
decoder,12,active,../Instances/aNpMP/pmed8.txt,200,20,1234,1601,5,101029.000000,1.387,13.224,1598045,662.025,4.111,158.434,42.875,60.500
decoder,2,active,../Instances/aNpMP/pmed26.txt,600,5,1234,2534,5,22734.000000,0.460,30.393,2504589,1124.241,4.048,60.865,42.750,61.500
decoder,0,default,../Instances/aNpMP/pmed24.txt,500,100,1234,119,5,692253.000000,48.518,53.393,131964,1427.493,4.157,53.438,42.875,52.625
decoder,6,active,../Instances/aNpMP/pmed29.txt,600,120,1234,86,5,860281.000000,9.988,10.101,97868,504.565,4.154,60.696,42.750,59.125
decoder,8,active,../Instances/aNpMP/pmed15.txt,300,100,1234,200,5,558328.000000,9.179,9.316,219499,451.252,4.124,74.537,42.875,61.625
decoder,6,active,../Instances/aNpMP/pmed28.txt,600,60,1234,167,5,384219.000000,9.963,10.020,177084,503.751,4.151,60.212,42.875,59.000
decoder,1,default,../Instances/aNpMP/pmed5.txt,100,33,1234,1979,5,117405.000000,12.913,56.723,1993199,1509.411,4.111,56.713,42.875,53.000
decoder,6,active,../Instances/aNpMP/pmed18.txt,400,40,1234,375,5,244328.000000,10.349,10.768,384192,528.209,4.143,64.638,42.875,59.125
decoder,1,default,../Instances/aNpMP/pmed31.txt,700,5,1234,2143,5,23386.000000,2.784,61.455,2118281,1733.878,4.105,61.579,43.000,60.000
decoder,0,default,../Instances/aNpMP/pmed30.txt,600,200,1234,47,5,1602075.000000,52.404,53.531,58534,1421.026,4.163,53.611,42.875,52.500
decoder,6,active,../Instances/aNpMP/pmed10.txt,200,67,1234,491,5,266370.000000,12.285,12.285,514301,575.300,4.143,73.714,42.875,58.500
decoder,6,active,../Instances/aNpMP/pmed17.txt,400,10,1234,1731,5,53504.000000,2.142,13.699,1719404,688.934,4.088,82.225,42.875,60.750
decoder,1,default,../Instances/aNpMP/pmed8.txt,200,20,1234,1601,5,101029.000000,6.176,56.819,1598045,1518.674,4.118,56.814,42.875,53.500
decoder,12,active,../Instances/aNpMP/pmed10.txt,200,67,1234,491,5,266370.000000,9.359,9.360,514301,466.509,4.121,112.123,42.750,61.000
decoder,12,active,../Instances/aNpMP/pmed18.txt,400,40,1234,375,5,244328.000000,7.456,7.765,384192,403.589,4.117,93.075,42.875,61.500
decoder,12,active,../Instances/aNpMP/pmed6.txt,200,5,1234,8951,5,19103.000000,0.169,42.176,8844585,1905.716,4.099,505.290,42.750,59.875
decoder,4,active,../Instances/aNpMP/pmed36.txt,800,10,1234,833,5,70897.000000,8.604,16.158,828249,749.093,4.104,64.804,42.875,63.625
decoder,1,default,../Instances/aNpMP/pmed18.txt,400,40,1234,375,5,244328.000000,53.295,55.510,384192,1474.777,4.152,55.527,42.875,52.875
decoder,8,active,../Instances/aNpMP/pmed30.txt,600,200,1234,47,5,1602075.000000,8.416,8.597,58534,441.088,4.129,68.852,42.875,62.000
decoder,8,active,../Instances/aNpMP/pmed2.txt,100,10,1234,7878,5,39421.000000,12.511,35.042,7823093,1513.500,4.078,280.289,42.875,59.875
decoder,6,active,../Instances/aNpMP/pmed37.txt,800,80,1234,99,5,676372.000000,10.265,10.265,107894,535.369,4.143,61.765,42.875,60.125
decoder,2,active,../Instances/aNpMP/pmed8.txt,200,20,1234,1601,5,101029.000000,3.297,30.408,1598045,977.660,4.087,60.797,42.875,55.250
decoder,0,default,../Instances/aNpMP/pmed25.txt,500,167,1234,70,5,1148756.000000,36.087,53.205,82563,1409.847,4.169,53.252,42.875,52.250
decoder,0,default,../Instances/aNpMP/pmed33.txt,700,70,1234,114,5,519852.000000,47.629,50.666,123045,1355.232,4.172,50.791,42.875,52.375
decoder,8,active,../Instances/aNpMP/pmed16.txt,400,5,1234,4063,5,18964.000000,0.372,21.776,4015241,1024.255,4.067,174.231,42.750,62.375
decoder,1,default,../Instances/aNpMP/pmed33.txt,700,70,1234,114,5,519852.000000,47.676,50.712,123045,1359.300,4.161,50.833,42.875,52.750
decoder,8,active,../Instances/aNpMP/pmed26.txt,600,5,1234,2534,5,22734.000000,0.226,15.751,2504589,804.977,4.065,126.090,42.875,64.125
decoder,2,active,../Instances/aNpMP/pmed16.txt,400,5,1234,4063,5,18964.000000,0.592,32.986,4015241,1203.808,4.005,65.991,42.875,60.750
decoder,0,default,../Instances/aNpMP/pmed17.txt,400,10,1234,1731,5,53504.000000,8.722,56.180,1719404,1568.719,4.169,56.203,42.875,56.875
decoder,2,active,../Instances/aNpMP/pmed15.txt,300,100,1234,200,5,558328.000000,26.693,27.085,219499,860.255,4.172,54.185,42.875,53.750
decoder,12,active,../Instances/aNpMP/pmed28.txt,600,60,1234,167,5,384219.000000,6.770,6.809,177084,386.168,4.117,81.632,43.000,62.500
decoder,4,active,../Instances/aNpMP/pmed32.txt,700,10,1234,953,5,67115.000000,7.535,16.117,947083,747.663,4.115,64.597,42.875,62.500
decoder,2,active,../Instances/aNpMP/pmed17.txt,400,10,1234,1731,5,53504.000000,4.684,29.974,1719404,1076.660,4.101,59.980,42.750,58.375
decoder,1,default,../Instances/aNpMP/pmed22.txt,500,10,1234,1298,5,62699.000000,13.262,57.380,1289649,1599.203,4.112,57.418,42.875,56.875
decoder,4,active,../Instances/aNpMP/pmed3.txt,100,10,1234,8063,5,43354.000000,0.238,34.318,8005511,1305.242,4.030,137.262,42.875,59.250
decoder,1,default,../Instances/aNpMP/pmed35.txt,800,5,1234,1815,5,23810.000000,4.677,59.070,1794217,1699.280,4.115,59.244,42.875,61.125
decoder,2,active,../Instances/aNpMP/pmed6.txt,200,5,1234,8951,5,19103.000000,0.173,39.867,8844585,1397.284,3.898,79.732,42.875,60.250
decoder,8,active,../Instances/aNpMP/pmed4.txt,100,20,1234,3256,5,95489.000000,11.416,19.554,3247925,887.386,4.090,156.415,42.875,60.375
decoder,12,active,../Instances/aNpMP/pmed2.txt,100,10,1234,7878,5,39421.000000,14.094,39.511,7823093,1756.421,4.101,473.391,42.875,59.875
decoder,4,active,../Instances/aNpMP/pmed16.txt,400,5,1234,4063,5,18964.000000,0.399,23.010,4015241,1022.202,4.035,92.060,42.875,63.500
decoder,6,active,../Instances/aNpMP/pmed21.txt,500,5,1234,3280,5,21646.000000,0.145,18.717,3241637,946.088,4.054,112.346,42.875,62.000
decoder,8,active,../Instances/aNpMP/pmed21.txt,500,5,1234,3280,5,21646.000000,0.144,19.188,3241637,957.021,4.061,153.558,42.875,64.000
decoder,4,active,../Instances/aNpMP/pmed13.txt,300,30,1234,708,5,149739.000000,7.814,16.600,715138,690.399,4.142,66.411,42.875,60.500
decoder,1,default,../Instances/aNpMP/pmed36.txt,800,10,1234,833,5,70897.000000,31.277,59.044,828249,1643.138,4.137,59.214,42.875,57.125
decoder,6,active,../Instances/aNpMP/pmed15.txt,300,100,1234,200,5,558328.000000,10.193,10.343,219499,500.388,4.143,62.069,43.000,58.875
decoder,6,active,../Instances/aNpMP/pmed19.txt,400,80,1234,192,5,494003.000000,10.051,10.261,205753,504.220,4.147,61.597,42.875,59.125
decoder,12,active,../Instances/aNpMP/pmed13.txt,300,30,1234,708,5,149739.000000,4.542,9.683,715138,510.394,4.111,115.978,42.875,61.625
decoder,1,default,../Instances/aNpMP/pmed1.txt,100,5,1234,18964,5,15008.000000,0.098,68.263,18737429,1913.427,3.739,68.256,42.875,61.250
decoder,4,active,../Instances/aNpMP/pmed39.txt,900,10,1234,707,5,66233.000000,14.692,14.924,702891,704.074,4.117,59.939,42.875,63.500
decoder,1,default,../Instances/aNpMP/pmed25.txt,500,167,1234,70,5,1148756.000000,36.089,53.157,82563,1411.833,4.155,53.201,42.875,52.875
decoder,0,default,../Instances/aNpMP/pmed11.txt,300,5,1234,6020,5,17749.000000,0.246,58.825,5948757,1683.266,4.157,58.826,42.875,62.000
decoder,4,active,../Instances/aNpMP/pmed28.txt,600,60,1234,167,5,384219.000000,14.380,14.464,177084,607.296,4.170,57.946,42.875,59.875
decoder,6,active,../Instances/aNpMP/pmed6.txt,200,5,1234,8951,5,19103.000000,0.139,34.008,8844585,1525.147,4.051,204.054,42.875,59.500
decoder,8,active,../Instances/aNpMP/pmed9.txt,200,40,1234,791,5,198237.000000,7.316,11.649,804254,564.841,4.105,93.181,42.875,62.375
decoder,6,active,../Instances/aNpMP/pmed33.txt,700,70,1234,114,5,519852.000000,8.774,9.328,123045,476.865,4.140,56.100,42.875,59.625
decoder,4,active,../Instances/aNpMP/pmed12.txt,300,10,1234,2439,5,53140.000000,0.383,20.729,2421807,873.064,4.083,82.928,42.875,61.250
decoder,4,active,../Instances/aNpMP/pmed27.txt,600,10,1234,1147,5,57828.000000,1.325,15.989,1139277,742.643,4.106,64.045,42.875,63.125
decoder,6,active,../Instances/aNpMP/pmed11.txt,300,5,1234,6020,5,17749.000000,0.101,25.386,5948757,1180.956,4.047,152.333,42.875,61.125
decoder,4,active,../Instances/aNpMP/pmed19.txt,400,80,1234,192,5,494003.000000,14.360,14.656,205753,607.851,4.162,58.656,42.875,59.875
decoder,6,active,../Instances/aNpMP/pmed7.txt,200,10,1234,4098,5,45052.000000,16.938,21.798,4069590,1009.112,4.070,130.782,42.875,60.375
decoder,1,default,../Instances/aNpMP/pmed10.txt,200,67,1234,491,5,266370.000000,55.838,55.839,514301,1489.137,4.165,55.842,43.000,53.250
decoder,1,default,../Instances/aNpMP/pmed38.txt,900,5,1234,1591,5,25560.000000,4.653,58.875,1572905,1658.877,4.117,59.112,42.875,60.500
decoder,6,active,../Instances/aNpMP/pmed24.txt,500,100,1234,119,5,692253.000000,8.909,9.799,131964,483.941,4.153,58.850,42.875,59.125
decoder,1,default,../Instances/aNpMP/pmed16.txt,400,5,1234,4063,5,18964.000000,1.077,60.334,4015241,1704.685,4.040,60.352,42.750,61.000
decoder,0,default,../Instances/aNpMP/pmed31.txt,700,5,1234,2143,5,23386.000000,2.663,58.574,2118281,1661.942,4.168,58.697,42.875,61.125
decoder,0,default,../Instances/aNpMP/pmed27.txt,600,10,1234,1147,5,57828.000000,4.461,54.099,1139277,1508.772,4.177,54.186,42.875,57.500
decoder,2,active,../Instances/aNpMP/pmed35.txt,800,5,1234,1815,5,23810.000000,2.360,29.199,1794217,1082.828,4.071,58.570,42.875,62.250
decoder,0,default,../Instances/aNpMP/pmed38.txt,900,5,1234,1591,5,25560.000000,4.454,56.695,1572905,1605.235,4.167,56.929,42.875,60.875
decoder,4,active,../Instances/aNpMP/pmed2.txt,100,10,1234,7878,5,39421.000000,11.096,31.165,7823093,1212.827,4.025,124.655,42.875,59.750
decoder,2,active,../Instances/aNpMP/pmed28.txt,600,60,1234,167,5,384219.000000,27.747,27.906,177084,915.025,4.161,55.897,42.875,55.125
decoder,4,active,../Instances/aNpMP/pmed25.txt,500,167,1234,70,5,1148756.000000,9.637,14.198,82563,587.046,4.161,56.842,42.875,59.125
decoder,2,active,../Instances/aNpMP/pmed22.txt,500,10,1234,1298,5,62699.000000,6.709,28.906,1289649,1049.244,4.104,57.862,42.875,58.625
decoder,4,active,../Instances/aNpMP/pmed24.txt,500,100,1234,119,5,692253.000000,12.958,14.256,131964,593.335,4.166,57.078,42.875,59.250
decoder,4,active,../Instances/aNpMP/pmed40.txt,900,90,1234,76,5,775798.000000,14.239,14.421,84207,622.639,4.158,57.917,42.875,60.250
decoder,4,active,../Instances/aNpMP/pmed21.txt,500,5,1234,3280,5,21646.000000,0.168,21.460,3241637,983.099,4.055,85.895,42.875,63.375
decoder,8,active,../Instances/aNpMP/pmed19.txt,400,80,1234,192,5,494003.000000,8.982,9.170,205753,458.937,4.122,73.382,42.875,62.250
decoder,0,default,../Instances/aNpMP/pmed7.txt,200,10,1234,4098,5,45052.000000,45.202,58.216,4069590,1591.772,4.171,58.214,42.750,57.000
decoder,4,active,../Instances/aNpMP/pmed37.txt,800,80,1234,99,5,676372.000000,14.880,14.881,107894,641.037,4.167,59.698,42.875,60.125
decoder,12,active,../Instances/aNpMP/pmed31.txt,700,5,1234,2143,5,23386.000000,0.656,14.644,2118281,764.317,4.086,175.572,42.875,63.000
decoder,2,active,../Instances/aNpMP/pmed31.txt,700,5,1234,2143,5,23386.000000,1.435,30.793,2118281,1143.794,4.078,61.714,42.875,62.250
decoder,0,default,../Instances/aNpMP/pmed16.txt,400,5,1234,4063,5,18964.000000,1.018,56.927,4015241,1636.096,4.164,56.948,42.875,61.625
decoder,6,active,../Instances/aNpMP/pmed34.txt,700,140,1234,62,5,1047633.000000,9.825,9.983,72307,505.473,4.148,60.032,42.875,59.875
decoder,1,default,../Instances/aNpMP/pmed32.txt,700,10,1234,953,5,67115.000000,27.405,58.390,947083,1624.213,4.128,58.509,42.875,57.000
decoder,8,active,../Instances/aNpMP/pmed28.txt,600,60,1234,167,5,384219.000000,9.009,9.061,177084,470.079,4.120,72.564,42.750,62.625
decoder,2,active,../Instances/aNpMP/pmed25.txt,500,167,1234,70,5,1148756.000000,18.383,27.138,82563,867.150,4.157,54.329,42.875,53.875
decoder,12,active,../Instances/aNpMP/pmed37.txt,800,80,1234,99,5,676372.000000,6.759,6.759,107894,404.967,4.116,81.145,42.875,63.375
decoder,0,default,../Instances/aNpMP/pmed13.txt,300,30,1234,708,5,149739.000000,26.490,56.626,715138,1530.101,4.174,56.637,42.875,53.375
decoder,4,active,../Instances/aNpMP/pmed38.txt,900,5,1234,1591,5,25560.000000,1.375,17.197,1572905,813.448,4.084,69.028,43.000,64.250
decoder,6,active,../Instances/aNpMP/pmed16.txt,400,5,1234,4063,5,18964.000000,0.361,20.746,4015241,987.083,4.060,124.502,42.875,60.750
decoder,8,active,../Instances/aNpMP/pmed38.txt,900,5,1234,1591,5,25560.000000,1.084,13.760,1572905,726.139,4.074,110.309,42.875,65.250
decoder,12,active,../Instances/aNpMP/pmed29.txt,600,120,1234,86,5,860281.000000,6.589,6.663,97868,382.242,4.119,79.929,42.875,62.750
decoder,8,active,../Instances/aNpMP/pmed6.txt,200,5,1234,8951,5,19103.000000,0.155,38.234,8844585,1693.385,4.062,305.864,42.750,61.000
decoder,4,active,../Instances/aNpMP/pmed31.txt,700,5,1234,2143,5,23386.000000,0.885,19.115,2118281,888.316,4.067,76.582,42.875,64.500
decoder,12,active,../Instances/aNpMP/pmed3.txt,100,10,1234,8063,5,43354.000000,0.272,39.752,8005511,1747.394,4.099,476.254,42.875,60.000
decoder,6,active,../Instances/aNpMP/pmed36.txt,800,10,1234,833,5,70897.000000,6.296,11.759,828249,646.035,4.099,70.737,42.875,63.000
decoder,6,active,../Instances/aNpMP/pmed30.txt,600,200,1234,47,5,1602075.000000,9.469,9.672,58534,487.889,4.151,58.121,42.875,59.625
decoder,1,default,../Instances/aNpMP/pmed29.txt,600,120,1234,86,5,860281.000000,55.178,55.803,97868,1495.889,4.171,55.889,42.750,52.875
decoder,4,active,../Instances/aNpMP/pmed22.txt,500,10,1234,1298,5,62699.000000,3.801,16.339,1289649,743.892,4.105,65.411,42.750,62.250
decoder,2,active,../Instances/aNpMP/pmed34.txt,700,140,1234,62,5,1047633.000000,27.568,28.012,72307,903.487,4.176,56.156,42.875,53.875
decoder,2,active,../Instances/aNpMP/pmed5.txt,100,33,1234,1979,5,117405.000000,7.068,30.899,1993199,990.740,4.099,61.796,42.875,54.500
decoder,1,default,../Instances/aNpMP/pmed23.txt,500,50,1234,246,5,325222.000000,56.224,56.449,255365,1524.720,4.163,56.500,42.750,53.000
decoder,4,active,../Instances/aNpMP/pmed15.txt,300,100,1234,200,5,558328.000000,14.340,14.550,219499,589.877,4.157,58.212,42.875,58.375
decoder,1,default,../Instances/aNpMP/pmed7.txt,200,10,1234,4098,5,45052.000000,47.738,61.408,4069590,1679.626,4.049,61.395,42.875,56.875
decoder,0,default,../Instances/aNpMP/pmed3.txt,100,10,1234,8063,5,43354.000000,0.441,59.738,8005511,1635.469,4.167,59.728,42.750,56.625
decoder,1,default,../Instances/aNpMP/pmed27.txt,600,10,1234,1147,5,57828.000000,4.644,56.243,1139277,1570.711,4.136,56.330,42.750,57.375
decoder,1,default,../Instances/aNpMP/pmed3.txt,100,10,1234,8063,5,43354.000000,0.478,64.830,8005511,1773.444,3.964,64.814,42.875,56.625
decoder,8,active,../Instances/aNpMP/pmed8.txt,200,20,1234,1601,5,101029.000000,1.478,13.909,1598045,662.407,4.094,111.261,42.875,61.500
decoder,6,active,../Instances/aNpMP/pmed20.txt,400,133,1234,109,5,905518.000000,9.366,9.786,123586,479.185,4.149,58.744,42.875,58.875
decoder,1,default,../Instances/aNpMP/pmed30.txt,600,200,1234,47,5,1602075.000000,52.652,53.789,58534,1436.910,4.164,53.870,42.875,52.375
decoder,0,default,../Instances/aNpMP/pmed22.txt,500,10,1234,1298,5,62699.000000,12.667,54.915,1289649,1532.938,4.170,54.961,42.875,56.625
decoder,4,active,../Instances/aNpMP/pmed30.txt,600,200,1234,47,5,1602075.000000,13.799,14.096,58534,584.524,4.170,56.464,42.875,59.125
decoder,8,active,../Instances/aNpMP/pmed34.txt,700,140,1234,62,5,1047633.000000,8.801,8.942,72307,466.121,4.124,71.636,42.875,62.625
decoder,8,active,../Instances/aNpMP/pmed32.txt,700,10,1234,953,5,67115.000000,5.499,11.753,947083,616.756,4.090,94.069,42.875,64.000
decoder,0,default,../Instances/aNpMP/pmed34.txt,700,140,1234,62,5,1047633.000000,54.183,55.054,72307,1474.357,4.171,55.175,42.750,52.750
decoder,0,default,../Instances/aNpMP/pmed26.txt,600,5,1234,2534,5,22734.000000,0.827,56.229,2504589,1607.263,4.167,56.306,42.875,60.750
decoder,2,active,../Instances/aNpMP/pmed18.txt,400,40,1234,375,5,244328.000000,27.348,28.468,384192,925.432,4.152,56.961,42.875,54.375
decoder,12,active,../Instances/aNpMP/pmed33.txt,700,70,1234,114,6,519852.000000,5.843,6.211,123045,361.458,4.121,74.512,39.875,61.375
decoder,2,active,../Instances/aNpMP/pmed13.txt,300,30,1234,708,6,149739.000000,13.791,29.478,715138,947.585,4.144,58.965,42.750,54.000
decoder,6,active,../Instances/aNpMP/pmed25.txt,500,167,1234,70,6,1148756.000000,6.569,9.693,82563,481.818,4.158,58.215,42.625,58.500
decoder,12,active,../Instances/aNpMP/pmed38.txt,900,5,1234,1591,6,25560.000000,0.995,12.777,1572905,702.053,4.092,153.323,42.750,62.875
decoder,6,active,../Instances/aNpMP/pmed23.txt,500,50,1234,246,6,325222.000000,10.732,10.774,255365,537.983,4.139,64.696,42.750,59.000
decoder,1,default,../Instances/aNpMP/pmed4.txt,100,20,1234,3256,6,95489.000000,34.375,58.826,3247925,1584.220,4.084,58.815,42.750,53.625
decoder,1,default,../Instances/aNpMP/pmed25.txt,500,167,1234,70,6,1148756.000000,36.065,53.137,82563,1416.362,4.160,53.182,42.750,52.125
decoder,0,default,../Instances/aNpMP/pmed32.txt,700,10,1234,953,6,67115.000000,26.414,56.407,947083,1564.785,4.159,56.524,42.625,56.250
decoder,6,active,../Instances/aNpMP/pmed10.txt,200,67,1234,491,6,266370.000000,12.128,12.128,514301,570.556,4.145,72.770,42.750,58.625
decoder,0,default,../Instances/aNpMP/pmed29.txt,600,120,1234,86,6,860281.000000,54.912,55.540,97868,1488.693,4.163,55.617,42.750,52.375
decoder,6,active,../Instances/aNpMP/pmed6.txt,200,5,1234,8951,6,19103.000000,0.137,33.470,8844585,1513.481,4.047,200.816,42.750,59.125
decoder,4,active,../Instances/aNpMP/pmed36.txt,800,10,1234,833,6,70897.000000,8.697,16.320,828249,757.440,4.107,65.453,42.750,63.125
decoder,6,active,../Instances/aNpMP/pmed34.txt,700,140,1234,62,6,1047633.000000,9.805,9.963,72307,504.321,4.148,59.907,42.750,59.625
decoder,6,active,../Instances/aNpMP/pmed4.txt,100,20,1234,3256,6,95489.000000,11.552,19.810,3247925,899.688,4.089,118.845,42.750,58.375
decoder,6,active,../Instances/aNpMP/pmed37.txt,800,80,1234,99,6,676372.000000,10.318,10.318,107894,535.142,4.139,62.080,42.875,59.875
decoder,2,active,../Instances/aNpMP/pmed31.txt,700,5,1234,2143,6,23386.000000,1.430,30.841,2118281,1147.272,4.070,61.800,42.750,62.000
decoder,6,active,../Instances/aNpMP/pmed13.txt,300,30,1234,708,6,149739.000000,5.798,12.423,715138,606.409,4.130,74.548,42.750,59.125
decoder,8,active,../Instances/aNpMP/pmed34.txt,700,140,1234,62,6,1047633.000000,8.762,8.904,72307,468.349,4.124,71.360,42.750,62.625
decoder,0,default,../Instances/aNpMP/pmed25.txt,500,167,1234,70,6,1148756.000000,35.987,52.983,82563,1408.540,4.168,53.030,42.625,52.375
decoder,0,default,../Instances/aNpMP/pmed34.txt,700,140,1234,62,6,1047633.000000,54.386,55.260,72307,1479.630,4.169,55.382,42.750,52.500
decoder,12,active,../Instances/aNpMP/pmed29.txt,600,120,1234,86,6,860281.000000,6.570,6.645,97868,380.641,4.120,79.699,42.750,62.500
decoder,4,active,../Instances/aNpMP/pmed25.txt,500,167,1234,70,6,1148756.000000,9.563,14.097,82563,574.817,4.162,56.441,42.750,58.000
decoder,4,active,../Instances/aNpMP/pmed38.txt,900,5,1234,1591,6,25560.000000,1.317,16.710,1572905,800.208,4.084,67.082,42.750,64.500
decoder,12,active,../Instances/aNpMP/pmed13.txt,300,30,1234,708,6,149739.000000,4.541,9.686,715138,502.363,4.112,116.052,42.625,61.375
decoder,1,default,../Instances/aNpMP/pmed3.txt,100,10,1234,8063,6,43354.000000,0.471,64.725,8005511,1756.298,3.981,64.719,42.750,56.375
decoder,0,default,../Instances/aNpMP/pmed24.txt,500,100,1234,119,6,692253.000000,48.334,53.162,131964,1416.962,4.175,53.213,42.750,52.625
decoder,2,active,../Instances/aNpMP/pmed11.txt,300,5,1234,6020,6,17749.000000,0.148,36.109,5948757,1307.437,3.946,72.216,42.625,60.750
decoder,6,active,../Instances/aNpMP/pmed30.txt,600,200,1234,47,6,1602075.000000,9.435,9.638,58534,480.897,4.154,57.923,42.750,59.250
decoder,1,default,../Instances/aNpMP/pmed36.txt,800,10,1234,833,6,70897.000000,31.284,59.011,828249,1641.845,4.138,59.183,42.750,56.750
decoder,12,active,../Instances/aNpMP/pmed30.txt,600,200,1234,47,6,1602075.000000,6.126,6.265,58534,348.051,4.120,75.134,42.625,62.625
decoder,12,active,../Instances/aNpMP/pmed12.txt,300,10,1234,2439,6,53140.000000,0.295,17.017,2421807,837.112,4.107,203.915,42.625,60.500
decoder,4,active,../Instances/aNpMP/pmed23.txt,500,50,1234,246,6,325222.000000,15.024,15.084,255365,628.942,4.167,60.395,42.750,59.625
decoder,4,active,../Instances/aNpMP/pmed4.txt,100,20,1234,3256,6,95489.000000,13.589,23.238,3247925,903.979,4.085,92.943,42.750,58.750
decoder,6,active,../Instances/aNpMP/pmed38.txt,900,5,1234,1591,6,25560.000000,1.045,13.092,1572905,713.706,4.077,78.803,42.750,63.375
decoder,12,active,../Instances/aNpMP/pmed23.txt,500,50,1234,246,6,325222.000000,7.363,7.392,255365,408.086,4.115,88.622,42.750,62.625
decoder,12,active,../Instances/aNpMP/pmed4.txt,100,20,1234,3256,6,95489.000000,12.208,20.958,3247925,955.543,4.114,251.102,42.625,59.375
decoder,12,active,../Instances/aNpMP/pmed9.txt,200,40,1234,791,6,198237.000000,6.422,10.236,804254,513.042,4.111,122.645,42.750,61.250
decoder,4,active,../Instances/aNpMP/pmed31.txt,700,5,1234,2143,6,23386.000000,0.872,19.063,2118281,891.613,4.075,76.381,42.750,64.125
decoder,0,default,../Instances/aNpMP/pmed12.txt,300,10,1234,2439,6,53140.000000,1.069,57.838,2421807,1597.874,4.173,57.848,42.750,57.125
decoder,1,default,../Instances/aNpMP/pmed22.txt,500,10,1234,1298,6,62699.000000,13.210,57.165,1289649,1593.800,4.116,57.209,42.750,56.750
decoder,0,default,../Instances/aNpMP/pmed31.txt,700,5,1234,2143,6,23386.000000,2.686,58.647,2118281,1660.105,4.160,58.765,42.750,60.625
decoder,12,active,../Instances/aNpMP/pmed21.txt,500,5,1234,3280,6,21646.000000,0.149,20.117,3241637,999.797,4.092,241.098,42.750,61.625
decoder,4,active,../Instances/aNpMP/pmed12.txt,300,10,1234,2439,6,53140.000000,0.371,19.858,2421807,849.702,4.083,79.445,42.750,61.875
decoder,2,active,../Instances/aNpMP/pmed21.txt,500,5,1234,3280,6,21646.000000,0.267,32.882,3241637,1215.197,4.045,65.820,42.750,62.250
decoder,6,active,../Instances/aNpMP/pmed9.txt,200,40,1234,791,6,198237.000000,7.842,12.459,804254,590.911,4.134,74.762,42.750,59.125
decoder,6,active,../Instances/aNpMP/pmed24.txt,500,100,1234,119,6,692253.000000,9.044,9.946,131964,492.026,4.145,59.729,42.625,58.875
decoder,1,default,../Instances/aNpMP/pmed14.txt,300,60,1234,353,6,349693.000000,57.606,57.606,369988,1544.165,4.155,57.611,42.750,52.625
decoder,0,default,../Instances/aNpMP/pmed16.txt,400,5,1234,4063,6,18964.000000,1.032,56.656,4015241,1610.249,4.169,56.680,42.625,60.750
decoder,8,active,../Instances/aNpMP/pmed22.txt,500,10,1234,1298,6,62699.000000,2.828,12.171,1289649,622.553,4.086,97.425,42.625,63.500
decoder,8,active,../Instances/aNpMP/pmed6.txt,200,5,1234,8951,6,19103.000000,0.159,39.516,8844585,1741.517,4.063,316.123,42.750,61.250
decoder,12,active,../Instances/aNpMP/pmed18.txt,400,40,1234,375,6,244328.000000,7.480,7.784,384192,424.135,4.113,93.292,42.750,62.500
decoder,2,active,../Instances/aNpMP/pmed25.txt,500,167,1234,70,6,1148756.000000,18.397,27.176,82563,869.010,4.165,54.406,42.625,53.875
decoder,0,default,../Instances/aNpMP/pmed8.txt,200,20,1234,1601,6,101029.000000,5.942,54.779,1598045,1481.037,4.174,54.778,42.750,53.750
decoder,4,active,../Instances/aNpMP/pmed24.txt,500,100,1234,119,6,692253.000000,12.852,14.153,131964,588.644,4.170,56.666,42.750,58.875
decoder,12,active,../Instances/aNpMP/pmed25.txt,500,167,1234,70,6,1148756.000000,4.316,6.354,82563,354.461,4.124,76.200,42.625,62.500
decoder,6,active,../Instances/aNpMP/pmed29.txt,600,120,1234,86,6,860281.000000,9.992,10.105,97868,511.693,4.152,60.721,42.750,59.250
decoder,1,default,../Instances/aNpMP/pmed28.txt,600,60,1234,167,6,384219.000000,54.023,54.334,177084,1465.699,4.161,54.416,42.750,53.000
decoder,12,active,../Instances/aNpMP/pmed3.txt,100,10,1234,8063,6,43354.000000,0.263,39.749,8005511,1791.908,4.100,476.206,42.750,59.750
decoder,2,active,../Instances/aNpMP/pmed20.txt,400,133,1234,109,6,905518.000000,25.856,27.007,123586,868.241,4.163,54.043,42.750,54.625
decoder,12,active,../Instances/aNpMP/pmed2.txt,100,10,1234,7878,6,39421.000000,13.898,39.187,7823093,1738.860,4.101,469.608,42.750,60.000
decoder,1,default,../Instances/aNpMP/pmed10.txt,200,67,1234,491,6,266370.000000,55.706,55.706,514301,1491.302,4.161,55.709,42.750,53.375
decoder,2,active,../Instances/aNpMP/pmed39.txt,900,10,1234,707,6,66233.000000,27.811,28.250,702891,1038.893,4.133,56.740,42.750,58.875
decoder,2,active,../Instances/aNpMP/pmed40.txt,900,90,1234,76,6,775798.000000,27.523,27.872,84207,913.556,4.169,55.983,42.750,55.125
decoder,0,default,../Instances/aNpMP/pmed11.txt,300,5,1234,6020,6,17749.000000,0.243,58.708,5948757,1710.928,4.172,58.719,42.750,62.375
decoder,8,active,../Instances/aNpMP/pmed35.txt,800,5,1234,1815,6,23810.000000,1.103,14.198,1794217,742.738,4.072,113.762,42.750,65.000
decoder,8,active,../Instances/aNpMP/pmed5.txt,100,33,1234,1979,6,117405.000000,3.658,16.097,1993199,743.324,4.100,128.773,42.750,60.875
decoder,12,active,../Instances/aNpMP/pmed6.txt,200,5,1234,8951,6,19103.000000,0.178,44.716,8844585,2025.710,4.096,535.705,42.750,60.750
decoder,1,default,../Instances/aNpMP/pmed12.txt,300,10,1234,2439,6,53140.000000,1.119,60.712,2421807,1785.226,4.100,60.719,42.750,59.875
decoder,2,active,../Instances/aNpMP/pmed1.txt,100,5,1234,18964,6,15008.000000,0.071,50.467,18737429,1691.745,3.700,100.909,42.750,60.125
decoder,12,active,../Instances/aNpMP/pmed39.txt,900,10,1234,707,6,66233.000000,8.553,8.685,702891,494.752,4.091,104.217,42.750,64.375
decoder,6,active,../Instances/aNpMP/pmed7.txt,200,10,1234,4098,6,45052.000000,16.914,21.780,4069590,1008.555,4.069,130.679,42.750,60.000
decoder,0,default,../Instances/aNpMP/pmed39.txt,900,10,1234,707,6,66233.000000,53.035,53.874,702891,1504.498,4.175,54.115,42.750,57.250
decoder,0,default,../Instances/aNpMP/pmed33.txt,700,70,1234,114,6,519852.000000,47.701,50.739,123045,1369.108,4.165,50.861,42.750,53.125
decoder,1,default,../Instances/aNpMP/pmed29.txt,600,120,1234,86,6,860281.000000,55.412,56.044,97868,1503.201,4.147,56.113,42.750,52.875
decoder,4,active,../Instances/aNpMP/pmed27.txt,600,10,1234,1147,6,57828.000000,1.339,15.995,1139277,742.717,4.102,64.067,42.750,63.000
decoder,0,default,../Instances/aNpMP/pmed7.txt,200,10,1234,4098,6,45052.000000,45.466,58.547,4069590,1608.898,4.144,58.527,42.750,57.125
decoder,8,active,../Instances/aNpMP/pmed25.txt,500,167,1234,70,6,1148756.000000,5.846,8.620,82563,438.466,4.126,69.020,42.750,62.375
decoder,4,active,../Instances/aNpMP/pmed7.txt,200,10,1234,4098,6,45052.000000,18.617,23.992,4069590,1008.518,4.063,95.974,42.750,61.375
decoder,2,active,../Instances/aNpMP/pmed36.txt,800,10,1234,833,6,70897.000000,15.974,30.191,828249,1102.829,4.119,60.555,42.750,58.750
decoder,1,default,../Instances/aNpMP/pmed17.txt,400,10,1234,1731,6,53504.000000,9.117,58.934,1719404,1642.553,4.113,58.960,42.750,57.375
decoder,8,active,../Instances/aNpMP/pmed18.txt,400,40,1234,375,6,244328.000000,9.379,9.761,384192,492.114,4.114,78.090,42.750,62.500
decoder,12,active,../Instances/aNpMP/pmed20.txt,400,133,1234,109,6,905518.000000,6.301,6.580,123586,359.538,4.121,78.836,42.625,62.125
decoder,1,default,../Instances/aNpMP/pmed6.txt,200,5,1234,8951,6,19103.000000,0.285,64.295,8844585,1789.678,3.949,64.290,42.750,59.625
decoder,8,active,../Instances/aNpMP/pmed27.txt,600,10,1234,1147,6,57828.000000,0.995,12.141,1139277,624.795,4.089,97.214,42.750,64.000
decoder,2,active,../Instances/aNpMP/pmed34.txt,700,140,1234,62,6,1047633.000000,27.621,28.073,72307,903.624,4.172,56.273,42.750,54.250
decoder,4,active,../Instances/aNpMP/pmed39.txt,900,10,1234,707,6,66233.000000,14.598,14.826,702891,696.505,4.119,59.549,42.750,63.500
decoder,2,active,../Instances/aNpMP/pmed28.txt,600,60,1234,167,6,384219.000000,27.801,27.962,177084,909.885,4.154,56.004,42.750,54.625
decoder,8,active,../Instances/aNpMP/pmed14.txt,300,60,1234,353,6,349693.000000,10.454,10.454,369988,509.880,4.119,83.640,42.750,62.125
decoder,6,active,../Instances/aNpMP/pmed27.txt,600,10,1234,1147,6,57828.000000,1.016,12.199,1139277,644.733,4.094,73.283,42.750,61.875
decoder,1,default,../Instances/aNpMP/pmed33.txt,700,70,1234,114,6,519852.000000,47.718,50.764,123045,1367.537,4.173,50.892,42.750,53.125
decoder,6,active,../Instances/aNpMP/pmed18.txt,400,40,1234,375,6,244328.000000,10.419,10.844,384192,531.264,4.135,65.089,42.750,59.250
decoder,1,default,../Instances/aNpMP/pmed30.txt,600,200,1234,47,6,1602075.000000,52.393,53.520,58534,1432.673,4.165,53.599,42.750,52.875
decoder,2,active,../Instances/aNpMP/pmed33.txt,700,70,1234,114,6,519852.000000,24.372,25.916,123045,844.006,4.154,51.953,42.750,54.375
decoder,2,active,../Instances/aNpMP/pmed30.txt,600,200,1234,47,6,1602075.000000,26.861,27.435,58534,875.747,4.155,54.944,42.750,54.125
decoder,4,active,../Instances/aNpMP/pmed9.txt,200,40,1234,791,6,198237.000000,10.534,16.754,804254,695.430,4.145,67.017,42.750,59.125
decoder,12,active,../Instances/aNpMP/pmed28.txt,600,60,1234,167,6,384219.000000,6.735,6.774,177084,384.222,4.116,81.262,42.625,62.625
decoder,4,active,../Instances/aNpMP/pmed34.txt,700,140,1234,62,6,1047633.000000,14.212,14.441,72307,607.599,4.176,57.897,42.750,59.375
decoder,8,active,../Instances/aNpMP/pmed33.txt,700,70,1234,114,6,519852.000000,7.794,8.291,123045,439.495,4.122,66.454,42.750,62.625
decoder,8,active,../Instances/aNpMP/pmed15.txt,300,100,1234,200,6,558328.000000,9.066,9.199,219499,447.733,4.126,73.601,42.750,61.750
decoder,6,active,../Instances/aNpMP/pmed16.txt,400,5,1234,4063,6,18964.000000,0.337,19.466,4015241,953.618,4.053,116.820,42.750,61.000
decoder,0,default,../Instances/aNpMP/pmed21.txt,500,5,1234,3280,6,21646.000000,0.471,58.710,3241637,1734.594,4.164,58.757,42.750,61.875
decoder,12,active,../Instances/aNpMP/pmed26.txt,600,5,1234,2534,6,22734.000000,0.235,16.824,2504589,847.043,4.089,201.660,42.750,62.375
decoder,8,active,../Instances/aNpMP/pmed3.txt,100,10,1234,8063,6,43354.000000,0.232,34.488,8005511,1534.874,4.063,275.861,42.750,60.875
decoder,1,default,../Instances/aNpMP/pmed37.txt,800,80,1234,99,6,676372.000000,56.567,56.567,107894,1528.731,4.171,56.741,42.750,53.375
decoder,6,active,../Instances/aNpMP/pmed12.txt,300,10,1234,2439,6,53140.000000,0.313,17.353,2421807,830.699,4.089,104.128,42.750,60.250
decoder,0,default,../Instances/aNpMP/pmed1.txt,100,5,1234,18964,6,15008.000000,0.082,56.275,18737429,1605.137,4.176,56.271,42.750,62.500
decoder,4,active,../Instances/aNpMP/pmed26.txt,600,5,1234,2534,6,22734.000000,0.280,18.761,2504589,870.596,4.049,75.123,42.750,64.375
decoder,2,active,../Instances/aNpMP/pmed7.txt,200,10,1234,4098,6,45052.000000,26.865,34.589,4069590,1155.276,4.036,69.182,42.750,58.625
decoder,1,default,../Instances/aNpMP/pmed23.txt,500,50,1234,246,6,325222.000000,56.299,56.522,255365,1516.638,4.163,56.571,42.750,53.375
decoder,2,active,../Instances/aNpMP/pmed23.txt,500,50,1234,246,6,325222.000000,28.990,29.104,255365,947.745,4.150,58.254,42.750,54.750
decoder,0,default,../Instances/aNpMP/pmed20.txt,400,133,1234,109,6,905518.000000,50.277,52.524,123586,1398.723,4.177,52.553,42.750,52.750
decoder,2,active,../Instances/aNpMP/pmed37.txt,800,80,1234,99,6,676372.000000,28.700,28.700,107894,932.613,4.175,57.579,42.750,54.625
decoder,12,active,../Instances/aNpMP/pmed37.txt,800,80,1234,99,6,676372.000000,6.743,6.743,107894,395.820,4.115,80.968,42.750,63.625
decoder,4,active,../Instances/aNpMP/pmed16.txt,400,5,1234,4063,6,18964.000000,0.402,22.927,4015241,1003.493,4.050,91.741,42.750,62.750
decoder,6,active,../Instances/aNpMP/pmed14.txt,300,60,1234,353,6,349693.000000,11.486,11.486,369988,548.933,4.142,68.931,42.750,59.250
decoder,6,active,../Instances/aNpMP/pmed28.txt,600,60,1234,167,6,384219.000000,10.117,10.175,177084,507.260,4.140,61.135,42.625,59.500
decoder,8,active,../Instances/aNpMP/pmed37.txt,800,80,1234,99,6,676372.000000,9.473,9.473,107894,500.251,4.114,75.797,42.750,62.875
decoder,4,active,../Instances/aNpMP/pmed19.txt,400,80,1234,192,6,494003.000000,14.385,14.682,205753,608.204,4.156,58.753,42.750,58.875
decoder,1,default,../Instances/aNpMP/pmed16.txt,400,5,1234,4063,6,18964.000000,1.083,60.545,4015241,1714.887,4.056,60.571,42.750,61.250
decoder,1,default,../Instances/aNpMP/pmed18.txt,400,40,1234,375,6,244328.000000,53.225,55.414,384192,1494.325,4.149,55.435,42.750,53.375
decoder,0,default,../Instances/aNpMP/pmed22.txt,500,10,1234,1298,6,62699.000000,12.692,55.025,1289649,1536.954,4.169,55.075,42.750,57.000
decoder,12,active,../Instances/aNpMP/pmed14.txt,300,60,1234,353,6,349693.000000,8.229,8.229,369988,431.631,4.117,98.599,42.750,61.875
decoder,6,active,../Instances/aNpMP/pmed11.txt,300,5,1234,6020,6,17749.000000,0.108,27.265,5948757,1255.759,4.056,163.590,42.750,60.250
decoder,1,default,../Instances/aNpMP/pmed19.txt,400,80,1234,192,6,494003.000000,53.580,54.688,205753,1462.561,4.155,54.710,42.750,53.250
decoder,2,active,../Instances/aNpMP/pmed4.txt,100,20,1234,3256,6,95489.000000,19.234,32.927,3247925,1053.004,4.044,65.844,42.750,55.875
decoder,1,default,../Instances/aNpMP/pmed26.txt,600,5,1234,2534,6,22734.000000,0.864,58.647,2504589,1683.081,4.096,58.733,42.750,61.375
decoder,1,default,../Instances/aNpMP/pmed8.txt,200,20,1234,1601,6,101029.000000,6.138,56.449,1598045,1522.636,4.128,56.449,42.750,54.250
decoder,0,default,../Instances/aNpMP/pmed40.txt,900,90,1234,76,6,775798.000000,54.181,54.871,84207,1474.617,4.170,55.108,42.750,53.125
decoder,0,default,../Instances/aNpMP/pmed19.txt,400,80,1234,192,6,494003.000000,53.395,54.506,205753,1456.583,4.166,54.530,42.750,52.750
decoder,12,active,../Instances/aNpMP/pmed22.txt,500,10,1234,1298,6,62699.000000,2.535,11.043,1289649,596.030,4.097,132.384,42.625,62.250
decoder,4,active,../Instances/aNpMP/pmed14.txt,300,60,1234,353,6,349693.000000,16.086,16.086,369988,659.994,4.152,64.355,42.750,58.875
decoder,8,active,../Instances/aNpMP/pmed40.txt,900,90,1234,76,6,775798.000000,8.858,8.969,84207,470.929,4.119,71.924,42.750,63.250
decoder,6,active,../Instances/aNpMP/pmed22.txt,500,10,1234,1298,6,62699.000000,2.999,12.845,1289649,649.938,4.096,77.123,42.625,60.625
decoder,4,active,../Instances/aNpMP/pmed32.txt,700,10,1234,953,6,67115.000000,7.650,16.243,947083,753.172,4.105,65.098,42.750,62.875
decoder,2,active,../Instances/aNpMP/pmed15.txt,300,100,1234,200,6,558328.000000,26.693,27.083,219499,859.920,4.161,54.175,42.750,54.125
decoder,0,default,../Instances/aNpMP/pmed26.txt,600,5,1234,2534,6,22734.000000,0.826,56.077,2504589,1612.802,4.174,56.162,42.750,61.375
decoder,1,default,../Instances/aNpMP/pmed11.txt,300,5,1234,6020,6,17749.000000,0.265,63.381,5948757,1796.412,4.014,63.393,42.750,61.625
decoder,0,default,../Instances/aNpMP/pmed18.txt,400,40,1234,375,6,244328.000000,52.893,55.071,384192,1485.868,4.167,55.094,42.750,53.375
decoder,8,active,../Instances/aNpMP/pmed38.txt,900,5,1234,1591,6,25560.000000,1.044,13.252,1572905,702.205,4.071,106.262,42.750,65.500
decoder,8,active,../Instances/aNpMP/pmed26.txt,600,5,1234,2534,6,22734.000000,0.244,16.913,2504589,851.701,4.069,135.379,42.750,64.000
decoder,2,active,../Instances/aNpMP/pmed29.txt,600,120,1234,86,6,860281.000000,28.033,28.354,97868,912.125,4.162,56.794,42.750,54.625
decoder,0,default,../Instances/aNpMP/pmed35.txt,800,5,1234,1815,6,23810.000000,4.518,56.691,1794217,1620.174,4.171,56.868,42.750,61.000
decoder,1,default,../Instances/aNpMP/pmed15.txt,300,100,1234,200,6,558328.000000,52.003,52.766,219499,1406.170,4.169,52.779,42.750,52.875
decoder,6,active,../Instances/aNpMP/pmed31.txt,700,5,1234,2143,6,23386.000000,0.684,14.999,2118281,785.671,4.064,90.125,42.750,62.500
decoder,12,active,../Instances/aNpMP/pmed1.txt,100,5,1234,18964,6,15008.000000,0.103,79.774,18737429,3385.391,4.087,955.842,42.750,60.750
decoder,8,active,../Instances/aNpMP/pmed23.txt,500,50,1234,246,6,325222.000000,9.690,9.728,255365,493.400,4.115,77.841,42.750,63.375
decoder,2,active,../Instances/aNpMP/pmed19.txt,400,80,1234,192,6,494003.000000,27.330,27.902,205753,890.971,4.163,55.831,42.750,54.500
decoder,4,active,../Instances/aNpMP/pmed35.txt,800,5,1234,1815,6,23810.000000,1.344,17.022,1794217,807.883,4.072,68.268,42.750,64.875
decoder,8,active,../Instances/aNpMP/pmed28.txt,600,60,1234,167,6,384219.000000,9.035,9.087,177084,478.817,4.119,72.766,42.750,63.000
decoder,8,active,../Instances/aNpMP/pmed32.txt,700,10,1234,953,6,67115.000000,5.428,11.576,947083,620.049,4.092,92.736,42.750,64.375
decoder,4,active,../Instances/aNpMP/pmed21.txt,500,5,1234,3280,6,21646.000000,0.177,22.571,3241637,1023.688,4.061,90.342,42.750,63.000
decoder,1,default,../Instances/aNpMP/pmed40.txt,900,90,1234,76,6,775798.000000,54.376,55.068,84207,1486.698,4.161,55.297,42.750,53.375
decoder,4,active,../Instances/aNpMP/pmed10.txt,200,67,1234,491,6,266370.000000,16.577,16.578,514301,673.152,4.150,66.307,42.750,58.750
decoder,4,active,../Instances/aNpMP/pmed33.txt,700,70,1234,114,6,519852.000000,12.560,13.361,123045,565.525,4.172,53.576,42.750,59.625
decoder,0,default,../Instances/aNpMP/pmed38.txt,900,5,1234,1591,6,25560.000000,4.466,56.769,1572905,1601.470,4.176,57.010,42.750,60.875
decoder,8,active,../Instances/aNpMP/pmed4.txt,100,20,1234,3256,6,95489.000000,11.472,19.591,3247925,892.422,4.090,156.676,42.750,60.375
decoder,6,active,../Instances/aNpMP/pmed21.txt,500,5,1234,3280,6,21646.000000,0.142,18.406,3241637,930.167,4.054,110.489,42.750,61.875
decoder,4,active,../Instances/aNpMP/pmed30.txt,600,200,1234,47,6,1602075.000000,13.774,14.070,58534,587.979,4.172,56.369,42.750,59.750
decoder,6,active,../Instances/aNpMP/pmed39.txt,900,10,1234,707,6,66233.000000,10.920,11.091,702891,601.839,4.095,66.787,42.750,62.250
decoder,8,active,../Instances/aNpMP/pmed30.txt,600,200,1234,47,6,1602075.000000,8.407,8.589,58534,445.710,4.125,68.799,42.750,62.500
decoder,2,active,../Instances/aNpMP/pmed18.txt,400,40,1234,375,6,244328.000000,27.355,28.476,384192,925.293,4.154,56.980,42.875,54.500
decoder,0,default,../Instances/aNpMP/pmed30.txt,600,200,1234,47,6,1602075.000000,52.346,53.486,58534,1431.006,4.165,53.564,42.875,52.625
decoder,8,active,../Instances/aNpMP/pmed16.txt,400,5,1234,4063,6,18964.000000,0.368,21.545,4015241,1013.967,4.064,172.392,42.625,62.750
decoder,2,active,../Instances/aNpMP/pmed6.txt,200,5,1234,8951,6,19103.000000,0.177,40.149,8844585,1408.669,3.896,80.296,42.875,60.500
decoder,4,active,../Instances/aNpMP/pmed6.txt,200,5,1234,8951,6,19103.000000,0.139,33.594,8844585,1400.038,4.000,134.381,42.750,61.625
decoder,4,active,../Instances/aNpMP/pmed2.txt,100,10,1234,7878,6,39421.000000,10.959,30.733,7823093,1221.424,4.016,122.925,42.750,60.375
decoder,8,active,../Instances/aNpMP/pmed13.txt,300,30,1234,708,6,149739.000000,5.326,11.385,715138,570.284,4.107,91.110,42.750,62.500
decoder,4,active,../Instances/aNpMP/pmed18.txt,400,40,1234,375,6,244328.000000,14.450,15.040,384192,630.880,4.158,60.189,42.750,59.875
decoder,8,active,../Instances/aNpMP/pmed36.txt,800,10,1234,833,6,70897.000000,5.957,11.187,828249,604.277,4.092,89.675,42.750,64.875
decoder,12,active,../Instances/aNpMP/pmed10.txt,200,67,1234,491,6,266370.000000,9.233,9.233,514301,472.875,4.119,110.683,42.750,61.625
decoder,12,active,../Instances/aNpMP/pmed32.txt,700,10,1234,953,6,67115.000000,4.551,10.030,947083,556.465,4.092,120.144,42.750,63.000
decoder,2,active,../Instances/aNpMP/pmed8.txt,200,20,1234,1601,6,101029.000000,3.281,30.041,1598045,976.192,4.111,60.085,42.750,55.500
decoder,0,default,../Instances/aNpMP/pmed27.txt,600,10,1234,1147,6,57828.000000,4.460,54.063,1139277,1507.269,4.169,54.145,42.750,57.875
decoder,12,active,../Instances/aNpMP/pmed35.txt,800,5,1234,1815,6,23810.000000,1.042,13.531,1794217,732.856,4.089,162.320,42.750,63.250
decoder,6,active,../Instances/aNpMP/pmed17.txt,400,10,1234,1731,6,53504.000000,2.119,13.624,1719404,689.078,4.088,81.777,42.750,61.250
decoder,4,active,../Instances/aNpMP/pmed15.txt,300,100,1234,200,6,558328.000000,14.288,14.497,219499,593.535,4.165,57.999,42.750,59.000
decoder,2,active,../Instances/aNpMP/pmed12.txt,300,10,1234,2439,6,53140.000000,0.592,31.413,2421807,1074.889,4.070,62.838,42.750,58.125
decoder,4,active,../Instances/aNpMP/pmed37.txt,800,80,1234,99,6,676372.000000,14.893,14.893,107894,648.245,4.161,59.746,42.750,60.250
decoder,1,default,../Instances/aNpMP/pmed38.txt,900,5,1234,1591,6,25560.000000,4.681,58.982,1572905,1660.832,4.113,59.213,42.750,60.500
decoder,4,active,../Instances/aNpMP/pmed5.txt,100,33,1234,1979,6,117405.000000,4.551,19.964,1993199,793.727,4.115,79.854,42.750,58.500
decoder,2,active,../Instances/aNpMP/pmed17.txt,400,10,1234,1731,6,53504.000000,4.730,30.002,1719404,1069.959,4.088,60.029,42.625,58.375
decoder,2,active,../Instances/aNpMP/pmed10.txt,200,67,1234,491,6,266370.000000,29.459,29.459,514301,933.480,4.135,58.901,42.750,54.375
decoder,0,default,../Instances/aNpMP/pmed10.txt,200,67,1234,491,6,266370.000000,55.360,55.360,514301,1471.902,4.172,55.354,42.750,53.000
decoder,4,active,../Instances/aNpMP/pmed8.txt,200,20,1234,1601,6,101029.000000,2.027,18.626,1598045,771.213,4.113,74.494,42.750,59.375
decoder,12,active,../Instances/aNpMP/pmed8.txt,200,20,1234,1601,6,101029.000000,1.422,13.487,1598045,664.627,4.112,161.580,42.750,60.500
decoder,1,default,../Instances/aNpMP/pmed24.txt,500,100,1234,119,6,692253.000000,48.446,53.289,131964,1426.866,4.172,53.340,42.750,53.000
decoder,4,active,../Instances/aNpMP/pmed20.txt,400,133,1234,109,6,905518.000000,13.460,14.056,123586,576.029,4.165,56.251,42.625,58.625
decoder,1,default,../Instances/aNpMP/pmed1.txt,100,5,1234,18964,6,15008.000000,0.099,68.120,18737429,1909.381,3.735,68.108,42.750,61.125
decoder,8,active,../Instances/aNpMP/pmed20.txt,400,133,1234,109,6,905518.000000,8.304,8.675,123586,435.237,4.125,69.431,42.750,62.250
decoder,6,active,../Instances/aNpMP/pmed19.txt,400,80,1234,192,6,494003.000000,10.126,10.336,205753,507.996,4.144,62.060,42.625,58.750
decoder,6,active,../Instances/aNpMP/pmed32.txt,700,10,1234,953,6,67115.000000,5.466,11.648,947083,633.266,4.098,70.017,42.750,62.125
decoder,0,default,../Instances/aNpMP/pmed37.txt,800,80,1234,99,6,676372.000000,56.471,56.471,107894,1516.269,4.169,56.639,42.750,53.125
decoder,1,default,../Instances/aNpMP/pmed39.txt,900,10,1234,707,6,66233.000000,54.627,55.492,702891,1537.747,4.139,55.725,42.750,56.875
decoder,8,active,../Instances/aNpMP/pmed2.txt,100,10,1234,7878,6,39421.000000,12.613,35.313,7823093,1519.467,4.072,282.481,42.750,60.500
decoder,12,active,../Instances/aNpMP/pmed17.txt,400,10,1234,1731,6,53504.000000,2.010,13.022,1719404,677.585,4.093,156.056,42.750,62.500
decoder,2,active,../Instances/aNpMP/pmed26.txt,600,5,1234,2534,6,22734.000000,0.464,30.346,2504589,1126.389,4.047,60.770,42.750,62.375
decoder,12,active,../Instances/aNpMP/pmed5.txt,100,33,1234,1979,6,117405.000000,3.634,15.993,1993199,734.107,4.117,191.612,42.750,60.000
decoder,12,active,../Instances/aNpMP/pmed31.txt,700,5,1234,2143,6,23386.000000,0.670,14.607,2118281,778.879,4.087,175.116,42.750,63.250
decoder,6,active,../Instances/aNpMP/pmed5.txt,100,33,1234,1979,6,117405.000000,3.751,16.463,1993199,753.861,4.103,98.770,42.750,58.625
decoder,8,active,../Instances/aNpMP/pmed21.txt,500,5,1234,3280,6,21646.000000,0.143,19.167,3241637,953.444,4.062,153.379,42.750,63.750
decoder,0,default,../Instances/aNpMP/pmed9.txt,200,40,1234,791,6,198237.000000,34.968,55.748,804254,1490.632,4.177,55.747,42.750,53.375
decoder,0,default,../Instances/aNpMP/pmed36.txt,800,10,1234,833,6,70897.000000,30.237,57.093,828249,1583.903,4.174,57.269,42.625,57.000
decoder,2,active,../Instances/aNpMP/pmed22.txt,500,10,1234,1298,6,62699.000000,6.766,28.995,1289649,1045.509,4.101,58.039,42.750,58.375
decoder,1,default,../Instances/aNpMP/pmed34.txt,700,140,1234,62,6,1047633.000000,54.492,55.371,72307,1480.978,4.167,55.494,42.750,52.875
decoder,4,active,../Instances/aNpMP/pmed13.txt,300,30,1234,708,6,149739.000000,7.757,16.587,715138,692.158,4.148,66.361,42.750,59.625
decoder,4,active,../Instances/aNpMP/pmed11.txt,300,5,1234,6020,6,17749.000000,0.117,29.516,5948757,1239.364,4.031,118.067,42.875,62.125
decoder,1,default,../Instances/aNpMP/pmed35.txt,800,5,1234,1815,6,23810.000000,4.712,59.262,1794217,1682.971,4.112,59.435,42.750,60.875
decoder,0,default,../Instances/aNpMP/pmed15.txt,300,100,1234,200,6,558328.000000,51.800,52.560,219499,1399.947,4.178,52.572,42.750,52.750
decoder,2,active,../Instances/aNpMP/pmed2.txt,100,10,1234,7878,6,39421.000000,13.526,37.632,7823093,1235.710,3.919,75.259,42.750,57.875
decoder,12,active,../Instances/aNpMP/pmed15.txt,300,100,1234,200,6,558328.000000,7.069,7.172,219499,372.850,4.120,85.930,42.750,61.875
decoder,2,active,../Instances/aNpMP/pmed5.txt,100,33,1234,1979,6,117405.000000,7.060,30.878,1993199,986.004,4.088,61.747,42.750,55.000
decoder,4,active,../Instances/aNpMP/pmed28.txt,600,60,1234,167,6,384219.000000,14.530,14.614,177084,615.096,4.156,58.542,42.750,59.500
decoder,0,default,../Instances/aNpMP/pmed14.txt,300,60,1234,353,6,349693.000000,56.946,56.946,369988,1523.804,4.178,56.964,42.750,52.875
decoder,8,active,../Instances/aNpMP/pmed31.txt,700,5,1234,2143,6,23386.000000,0.695,15.309,2118281,791.810,4.068,122.605,42.750,64.625
decoder,0,default,../Instances/aNpMP/pmed6.txt,200,5,1234,8951,6,19103.000000,0.256,58.395,8844585,1740.703,4.164,58.389,42.750,69.125
decoder,8,active,../Instances/aNpMP/pmed29.txt,600,120,1234,86,6,860281.000000,8.986,9.088,97868,467.518,4.124,72.791,42.750,62.625
decoder,8,active,../Instances/aNpMP/pmed24.txt,500,100,1234,119,6,692253.000000,7.982,8.780,131964,446.179,4.124,70.293,42.750,62.375
decoder,12,active,../Instances/aNpMP/pmed24.txt,500,100,1234,119,6,692253.000000,5.984,6.579,131964,358.159,4.120,78.873,42.750,62.125
decoder,8,active,../Instances/aNpMP/pmed11.txt,300,5,1234,6020,6,17749.000000,0.112,29.535,5948757,1361.502,4.066,236.287,42.625,62.000
decoder,1,default,../Instances/aNpMP/pmed7.txt,200,10,1234,4098,6,45052.000000,47.193,60.712,4069590,1654.127,4.054,60.706,42.750,57.250
decoder,12,active,../Instances/aNpMP/pmed11.txt,300,5,1234,6020,6,17749.000000,0.118,31.090,5948757,1433.058,4.094,372.555,42.750,60.750
decoder,4,active,../Instances/aNpMP/pmed29.txt,600,120,1234,86,6,860281.000000,14.594,14.760,97868,617.672,4.164,59.127,42.750,60.250
decoder,8,active,../Instances/aNpMP/pmed12.txt,300,10,1234,2439,6,53140.000000,0.296,16.596,2421807,808.442,4.077,132.781,42.750,62.750
decoder,0,default,../Instances/aNpMP/pmed2.txt,100,10,1234,7878,6,39421.000000,20.227,56.180,7823093,1528.256,4.168,56.172,42.750,57.250
decoder,12,active,../Instances/aNpMP/pmed40.txt,900,90,1234,76,6,775798.000000,6.374,6.456,84207,389.511,4.114,77.591,42.750,63.625
decoder,0,default,../Instances/aNpMP/pmed5.txt,100,33,1234,1979,6,117405.000000,12.642,55.510,1993199,1482.526,4.172,55.501,42.750,53.375
decoder,2,active,../Instances/aNpMP/pmed27.txt,600,10,1234,1147,6,57828.000000,2.404,29.085,1139277,1060.849,4.095,58.243,42.750,58.625
decoder,0,default,../Instances/aNpMP/pmed4.txt,100,20,1234,3256,6,95489.000000,33.362,57.101,3247925,1529.871,4.178,57.098,42.750,54.125
decoder,6,active,../Instances/aNpMP/pmed35.txt,800,5,1234,1815,6,23810.000000,1.057,13.485,1794217,729.944,4.070,81.099,42.625,63.125
decoder,6,active,../Instances/aNpMP/pmed40.txt,900,90,1234,76,6,775798.000000,9.697,9.823,84207,516.345,4.147,59.178,42.750,60.250
decoder,6,active,../Instances/aNpMP/pmed2.txt,100,10,1234,7878,6,39421.000000,10.676,29.729,7823093,1310.115,4.053,178.373,42.750,59.000
decoder,1,default,../Instances/aNpMP/pmed20.txt,400,133,1234,109,6,905518.000000,50.380,52.655,123586,1404.553,4.168,52.682,42.750,52.875
decoder,2,active,../Instances/aNpMP/pmed14.txt,300,60,1234,353,6,349693.000000,29.361,29.361,369988,945.376,4.163,58.737,42.750,54.375
decoder,12,active,../Instances/aNpMP/pmed16.txt,400,5,1234,4063,6,18964.000000,0.386,23.322,4015241,1109.336,4.095,279.559,42.750,61.375
decoder,0,default,../Instances/aNpMP/pmed28.txt,600,60,1234,167,6,384219.000000,53.669,53.978,177084,1462.261,4.177,54.064,42.875,53.250
decoder,8,active,../Instances/aNpMP/pmed10.txt,200,67,1234,491,6,266370.000000,11.068,11.069,514301,526.303,4.117,88.547,42.750,61.875
decoder,2,active,../Instances/aNpMP/pmed9.txt,200,40,1234,791,6,198237.000000,18.709,29.702,804254,952.206,4.140,59.403,42.625,54.625
decoder,8,active,../Instances/aNpMP/pmed7.txt,200,10,1234,4098,6,45052.000000,17.798,22.931,4069590,1057.725,4.074,183.441,42.750,61.875
decoder,8,active,../Instances/aNpMP/pmed9.txt,200,40,1234,791,6,198237.000000,7.419,11.811,804254,570.310,4.108,94.490,42.750,62.000
decoder,6,active,../Instances/aNpMP/pmed8.txt,200,20,1234,1601,6,101029.000000,1.590,14.635,1598045,688.659,4.110,87.812,42.750,59.250
decoder,1,default,../Instances/aNpMP/pmed27.txt,600,10,1234,1147,6,57828.000000,4.625,56.163,1139277,1565.074,4.133,56.248,42.750,57.625
decoder,2,active,../Instances/aNpMP/pmed35.txt,800,5,1234,1815,6,23810.000000,2.333,29.285,1794217,1086.051,4.065,58.733,42.750,62.000
decoder,1,default,../Instances/aNpMP/pmed31.txt,700,5,1234,2143,6,23386.000000,2.778,61.023,2118281,1735.717,4.113,61.152,42.750,60.875
decoder,8,active,../Instances/aNpMP/pmed8.txt,200,20,1234,1601,6,101029.000000,1.516,14.522,1598045,685.766,4.092,116.065,42.750,61.375
decoder,4,active,../Instances/aNpMP/pmed3.txt,100,10,1234,8063,6,43354.000000,0.232,33.559,8005511,1280.954,4.025,134.225,42.750,59.625
decoder,6,active,../Instances/aNpMP/pmed26.txt,600,5,1234,2534,6,22734.000000,0.235,16.220,2504589,824.583,4.067,97.406,42.750,62.500
decoder,8,active,../Instances/aNpMP/pmed39.txt,900,10,1234,707,6,66233.000000,10.307,10.469,702891,574.483,4.091,83.993,42.750,65.250
decoder,0,default,../Instances/aNpMP/pmed3.txt,100,10,1234,8063,6,43354.000000,0.447,59.715,8005511,1626.709,4.167,59.707,42.750,56.875
decoder,6,active,../Instances/aNpMP/pmed1.txt,100,5,1234,18964,6,15008.000000,0.076,57.701,18737429,2424.880,4.027,346.194,42.750,59.000
decoder,4,active,../Instances/aNpMP/pmed40.txt,900,90,1234,76,6,775798.000000,14.397,14.582,84207,640.132,4.148,58.565,42.750,61.125
decoder,12,active,../Instances/aNpMP/pmed19.txt,400,80,1234,192,6,494003.000000,6.808,6.947,205753,378.262,4.120,83.306,42.750,62.500
decoder,12,active,../Instances/aNpMP/pmed7.txt,200,10,1234,4098,6,45052.000000,18.178,23.425,4069590,1088.956,4.100,280.691,42.750,60.500
decoder,12,active,../Instances/aNpMP/pmed27.txt,600,10,1234,1147,6,57828.000000,0.840,10.746,1139277,585.081,4.092,128.739,42.750,63.250
decoder,6,active,../Instances/aNpMP/pmed36.txt,800,10,1234,833,6,70897.000000,6.310,11.813,828249,639.084,4.095,71.055,42.750,62.250
decoder,6,active,../Instances/aNpMP/pmed33.txt,700,70,1234,114,6,519852.000000,8.669,9.228,123045,471.522,4.149,55.500,42.750,59.625
decoder,8,active,../Instances/aNpMP/pmed19.txt,400,80,1234,192,6,494003.000000,8.934,9.119,205753,454.828,4.122,72.985,42.750,62.375
decoder,4,active,../Instances/aNpMP/pmed22.txt,500,10,1234,1298,6,62699.000000,3.793,16.291,1289649,745.274,4.107,65.220,42.750,62.125
decoder,12,active,../Instances/aNpMP/pmed36.txt,800,10,1234,833,6,70897.000000,4.968,9.334,828249,540.397,4.094,112.019,42.875,63.875
decoder,2,active,../Instances/aNpMP/pmed16.txt,400,5,1234,4063,6,18964.000000,0.592,32.796,4015241,1202.210,4.008,65.614,42.750,60.750
decoder,1,default,../Instances/aNpMP/pmed32.txt,700,10,1234,953,6,67115.000000,27.319,58.178,947083,1615.166,4.133,58.300,42.750,56.875
decoder,6,active,../Instances/aNpMP/pmed3.txt,100,10,1234,8063,6,43354.000000,0.218,31.648,8005511,1391.518,4.056,189.884,42.750,59.000
decoder,4,active,../Instances/aNpMP/pmed1.txt,100,5,1234,18964,6,15008.000000,0.081,60.411,18737429,2272.088,3.988,241.629,42.750,59.375
decoder,12,active,../Instances/aNpMP/pmed34.txt,700,140,1234,62,6,1047633.000000,6.471,6.575,72307,385.122,4.113,78.888,42.750,63.750
decoder,2,active,../Instances/aNpMP/pmed32.txt,700,10,1234,953,6,67115.000000,13.908,29.663,947083,1083.494,4.110,59.442,42.750,58.750
decoder,0,default,../Instances/aNpMP/pmed23.txt,500,50,1234,246,6,325222.000000,55.859,56.081,255365,1515.123,4.177,56.136,42.750,53.125
decoder,6,active,../Instances/aNpMP/pmed20.txt,400,133,1234,109,6,905518.000000,9.375,9.797,123586,482.072,4.149,58.810,42.750,58.750
decoder,2,active,../Instances/aNpMP/pmed38.txt,900,5,1234,1591,6,25560.000000,2.320,28.999,1572905,1083.404,4.092,58.242,42.750,62.125
decoder,0,default,../Instances/aNpMP/pmed13.txt,300,30,1234,708,6,149739.000000,26.420,56.486,715138,1541.360,4.175,56.497,42.750,53.625
decoder,1,default,../Instances/aNpMP/pmed13.txt,300,30,1234,708,6,149739.000000,26.744,57.208,715138,1552.551,4.150,57.219,42.750,53.500
decoder,2,active,../Instances/aNpMP/pmed3.txt,100,10,1234,8063,6,43354.000000,0.290,39.551,8005511,1293.288,3.916,79.090,42.750,57.750
decoder,1,default,../Instances/aNpMP/pmed5.txt,100,33,1234,1979,6,117405.000000,12.940,56.873,1993199,1533.832,4.105,56.859,42.625,54.000
decoder,8,active,../Instances/aNpMP/pmed17.txt,400,10,1234,1731,6,53504.000000,2.215,14.197,1719404,707.994,4.085,113.585,42.875,63.125
decoder,0,default,../Instances/aNpMP/pmed17.txt,400,10,1234,1731,6,53504.000000,8.818,56.678,1719404,1581.248,4.153,56.690,42.750,57.250
decoder,1,default,../Instances/aNpMP/pmed2.txt,100,10,1234,7878,6,39421.000000,21.964,61.039,7823093,1670.628,3.956,61.021,42.625,56.875
decoder,8,active,../Instances/aNpMP/pmed1.txt,100,5,1234,18964,6,15008.000000,0.093,71.000,18737429,2974.847,4.057,567.887,42.750,60.875
decoder,1,default,../Instances/aNpMP/pmed9.txt,200,40,1234,791,6,198237.000000,35.480,56.563,804254,1523.646,4.138,56.554,42.750,53.625
decoder,6,active,../Instances/aNpMP/pmed15.txt,300,100,1234,200,6,558328.000000,10.185,10.335,219499,498.957,4.142,62.021,42.750,58.875
decoder,2,active,../Instances/aNpMP/pmed24.txt,500,100,1234,119,6,692253.000000,25.002,27.483,131964,880.724,4.155,55.011,42.750,54.125
decoder,4,active,../Instances/aNpMP/pmed17.txt,400,10,1234,1731,6,53504.000000,2.755,17.678,1719404,783.323,4.086,70.736,42.750,62.000
decoder,1,default,../Instances/aNpMP/pmed21.txt,500,5,1234,3280,6,21646.000000,0.489,62.158,3241637,1786.986,4.074,62.205,42.750,61.375
decoder,2,active,../Instances/aNpMP/pmed7.txt,200,10,1234,4098,7,45052.000000,27.056,34.831,4069590,1153.607,4.013,69.648,40.000,57.125
decoder,0,default,../Instances/aNpMP/pmed39.txt,900,10,1234,707,7,66233.000000,52.859,53.699,702891,1496.667,4.172,53.937,42.875,56.750
decoder,0,default,../Instances/aNpMP/pmed31.txt,700,5,1234,2143,7,23386.000000,2.694,58.760,2118281,1660.689,4.155,58.874,42.875,60.125
decoder,4,active,../Instances/aNpMP/pmed35.txt,800,5,1234,1815,7,23810.000000,1.387,17.612,1794217,829.457,4.080,70.627,42.875,64.375
decoder,8,active,../Instances/aNpMP/pmed8.txt,200,20,1234,1601,7,101029.000000,1.478,13.893,1598045,666.274,4.091,111.135,42.875,61.750
decoder,6,active,../Instances/aNpMP/pmed39.txt,900,10,1234,707,7,66233.000000,10.853,11.022,702891,606.730,4.102,66.380,42.875,62.250
decoder,12,active,../Instances/aNpMP/pmed4.txt,100,20,1234,3256,7,95489.000000,12.303,21.293,3247925,971.308,4.112,254.982,42.875,59.500
decoder,6,active,../Instances/aNpMP/pmed31.txt,700,5,1234,2143,7,23386.000000,0.681,14.925,2118281,796.488,4.066,89.680,43.000,62.875
decoder,4,active,../Instances/aNpMP/pmed14.txt,300,60,1234,353,7,349693.000000,15.879,15.879,369988,661.223,4.162,63.532,42.875,59.625
decoder,6,active,../Instances/aNpMP/pmed10.txt,200,67,1234,491,7,266370.000000,12.240,12.240,514301,574.490,4.135,73.440,42.875,58.750
decoder,1,default,../Instances/aNpMP/pmed32.txt,700,10,1234,953,7,67115.000000,27.247,58.181,947083,1618.053,4.140,58.307,42.875,57.000
decoder,2,active,../Instances/aNpMP/pmed35.txt,800,5,1234,1815,7,23810.000000,2.357,29.316,1794217,1092.066,4.061,58.796,42.750,62.125
decoder,12,active,../Instances/aNpMP/pmed24.txt,500,100,1234,119,7,692253.000000,5.963,6.558,131964,366.857,4.119,78.624,42.875,62.500
decoder,6,active,../Instances/aNpMP/pmed19.txt,400,80,1234,192,7,494003.000000,10.006,10.214,205753,502.109,4.152,61.316,42.875,59.000
decoder,0,default,../Instances/aNpMP/pmed9.txt,200,40,1234,791,7,198237.000000,35.185,56.038,804254,1497.457,4.171,56.034,42.875,53.000
decoder,2,active,../Instances/aNpMP/pmed37.txt,800,80,1234,99,7,676372.000000,28.615,28.615,107894,932.847,4.172,57.408,42.875,54.375
decoder,2,active,../Instances/aNpMP/pmed25.txt,500,167,1234,70,7,1148756.000000,18.423,27.197,82563,869.188,4.155,54.439,42.875,53.750
decoder,8,active,../Instances/aNpMP/pmed21.txt,500,5,1234,3280,7,21646.000000,0.154,20.546,3241637,1004.681,4.071,164.393,42.875,63.125
decoder,1,default,../Instances/aNpMP/pmed36.txt,800,10,1234,833,7,70897.000000,31.256,59.002,828249,1643.979,4.140,59.174,42.875,56.875
decoder,6,active,../Instances/aNpMP/pmed21.txt,500,5,1234,3280,7,21646.000000,0.143,18.267,3241637,921.653,4.063,109.660,42.875,61.875
decoder,12,active,../Instances/aNpMP/pmed38.txt,900,5,1234,1591,7,25560.000000,0.960,12.350,1572905,682.241,4.085,148.205,42.875,63.750
decoder,12,active,../Instances/aNpMP/pmed34.txt,700,140,1234,62,7,1047633.000000,6.420,6.524,72307,371.569,4.117,78.296,42.875,63.250
decoder,0,default,../Instances/aNpMP/pmed30.txt,600,200,1234,47,7,1602075.000000,52.254,53.379,58534,1419.276,4.175,53.464,42.750,52.750
decoder,1,default,../Instances/aNpMP/pmed11.txt,300,5,1234,6020,7,17749.000000,0.263,63.496,5948757,1790.466,4.015,63.506,42.875,61.375
decoder,12,active,../Instances/aNpMP/pmed7.txt,200,10,1234,4098,7,45052.000000,18.836,24.261,4069590,1122.905,4.101,290.676,42.875,60.625
decoder,4,active,../Instances/aNpMP/pmed12.txt,300,10,1234,2439,7,53140.000000,0.367,19.818,2421807,849.909,4.085,79.287,42.875,62.000
decoder,0,default,../Instances/aNpMP/pmed1.txt,100,5,1234,18964,7,15008.000000,0.082,56.681,18737429,1607.517,4.167,56.671,42.875,61.875
decoder,12,active,../Instances/aNpMP/pmed2.txt,100,10,1234,7878,7,39421.000000,13.938,39.341,7823093,1707.583,4.103,471.424,42.875,59.750
decoder,1,default,../Instances/aNpMP/pmed12.txt,300,10,1234,2439,7,53140.000000,1.120,60.621,2421807,1685.065,4.101,60.633,42.875,57.375
decoder,2,active,../Instances/aNpMP/pmed27.txt,600,10,1234,1147,7,57828.000000,2.420,28.770,1139277,1055.427,4.116,57.629,42.875,59.125
decoder,12,active,../Instances/aNpMP/pmed29.txt,600,120,1234,86,7,860281.000000,6.617,6.692,97868,381.875,4.117,80.242,42.875,63.000
decoder,12,active,../Instances/aNpMP/pmed17.txt,400,10,1234,1731,7,53504.000000,2.046,13.384,1719404,686.950,4.098,160.187,42.875,61.750
decoder,0,default,../Instances/aNpMP/pmed38.txt,900,5,1234,1591,7,25560.000000,4.449,56.448,1572905,1601.234,4.175,56.688,42.875,60.750
decoder,0,default,../Instances/aNpMP/pmed32.txt,700,10,1234,953,7,67115.000000,26.478,56.425,947083,1570.504,4.161,56.545,42.875,56.875
decoder,4,active,../Instances/aNpMP/pmed2.txt,100,10,1234,7878,7,39421.000000,11.604,32.428,7823093,1272.364,4.030,129.709,42.750,59.500
decoder,8,active,../Instances/aNpMP/pmed29.txt,600,120,1234,86,7,860281.000000,8.960,9.061,97868,473.030,4.123,72.574,42.875,63.000
decoder,4,active,../Instances/aNpMP/pmed9.txt,200,40,1234,791,7,198237.000000,10.639,16.854,804254,697.185,4.145,67.417,42.875,59.125
decoder,0,default,../Instances/aNpMP/pmed20.txt,400,133,1234,109,7,905518.000000,50.527,52.783,123586,1407.082,4.171,52.809,42.875,52.625
decoder,2,active,../Instances/aNpMP/pmed20.txt,400,133,1234,109,7,905518.000000,25.656,26.800,123586,855.006,4.169,53.631,42.875,53.625
decoder,2,active,../Instances/aNpMP/pmed17.txt,400,10,1234,1731,7,53504.000000,4.717,29.935,1719404,1077.103,4.097,59.901,42.750,58.375
decoder,4,active,../Instances/aNpMP/pmed29.txt,600,120,1234,86,7,860281.000000,14.520,14.684,97868,614.007,4.172,58.826,42.875,59.500
decoder,8,active,../Instances/aNpMP/pmed18.txt,400,40,1234,375,7,244328.000000,9.320,9.701,384192,493.896,4.116,77.634,42.750,62.250
decoder,4,active,../Instances/aNpMP/pmed31.txt,700,5,1234,2143,7,23386.000000,0.855,18.583,2118281,871.729,4.075,74.463,42.750,64.125
decoder,12,active,../Instances/aNpMP/pmed22.txt,500,10,1234,1298,7,62699.000000,2.566,11.064,1289649,579.088,4.097,132.662,42.875,62.250
decoder,6,active,../Instances/aNpMP/pmed35.txt,800,5,1234,1815,7,23810.000000,1.091,13.848,1794217,745.123,4.076,83.276,42.875,62.875
decoder,8,active,../Instances/aNpMP/pmed1.txt,100,5,1234,18964,7,15008.000000,0.087,65.824,18737429,2761.034,4.049,526.554,42.875,61.000
decoder,0,default,../Instances/aNpMP/pmed22.txt,500,10,1234,1298,7,62699.000000,12.694,54.932,1289649,1537.181,4.174,54.983,42.875,57.500
decoder,1,default,../Instances/aNpMP/pmed40.txt,900,90,1234,76,7,775798.000000,54.329,55.020,84207,1483.547,4.166,55.255,42.875,53.000
decoder,8,active,../Instances/aNpMP/pmed17.txt,400,10,1234,1731,7,53504.000000,2.089,13.490,1719404,684.161,4.080,107.945,42.875,63.375
decoder,8,active,../Instances/aNpMP/pmed4.txt,100,20,1234,3256,7,95489.000000,11.632,19.929,3247925,903.417,4.093,159.416,42.875,60.375
decoder,1,default,../Instances/aNpMP/pmed19.txt,400,80,1234,192,7,494003.000000,53.510,54.619,205753,1462.108,4.167,54.648,42.875,52.875
decoder,4,active,../Instances/aNpMP/pmed15.txt,300,100,1234,200,7,558328.000000,14.353,14.564,219499,593.292,4.159,58.263,42.750,58.375
decoder,6,active,../Instances/aNpMP/pmed15.txt,300,100,1234,200,7,558328.000000,10.154,10.303,219499,496.868,4.150,61.830,42.875,58.500
decoder,0,default,../Instances/aNpMP/pmed37.txt,800,80,1234,99,7,676372.000000,56.309,56.309,107894,1515.219,4.165,56.478,42.875,53.000
decoder,0,default,../Instances/aNpMP/pmed23.txt,500,50,1234,246,7,325222.000000,55.641,55.862,255365,1507.533,4.178,55.917,42.875,53.000
decoder,6,active,../Instances/aNpMP/pmed38.txt,900,5,1234,1591,7,25560.000000,1.078,13.636,1572905,736.328,4.078,82.064,42.750,62.875
decoder,2,active,../Instances/aNpMP/pmed39.txt,900,10,1234,707,7,66233.000000,28.049,28.493,702891,1041.757,4.112,57.213,42.875,58.375
decoder,8,active,../Instances/aNpMP/pmed26.txt,600,5,1234,2534,7,22734.000000,0.229,15.967,2504589,810.193,4.064,127.820,42.875,64.375
decoder,6,active,../Instances/aNpMP/pmed16.txt,400,5,1234,4063,7,18964.000000,0.338,19.653,4015241,960.777,4.048,117.949,42.875,61.125
decoder,4,active,../Instances/aNpMP/pmed20.txt,400,133,1234,109,7,905518.000000,13.465,14.059,123586,582.054,4.163,56.267,42.875,59.125
decoder,8,active,../Instances/aNpMP/pmed34.txt,700,140,1234,62,7,1047633.000000,8.767,8.908,72307,466.521,4.124,71.395,43.000,62.750
decoder,8,active,../Instances/aNpMP/pmed23.txt,500,50,1234,246,7,325222.000000,9.794,9.833,255365,500.532,4.115,78.612,42.875,62.125
decoder,4,active,../Instances/aNpMP/pmed13.txt,300,30,1234,708,7,149739.000000,7.714,16.380,715138,681.228,4.152,65.536,42.875,59.375
decoder,2,active,../Instances/aNpMP/pmed5.txt,100,33,1234,1979,7,117405.000000,7.124,31.006,1993199,987.461,4.092,62.005,42.875,54.875
decoder,4,active,../Instances/aNpMP/pmed24.txt,500,100,1234,119,7,692253.000000,12.875,14.166,131964,589.176,4.171,56.722,42.875,59.125
decoder,2,active,../Instances/aNpMP/pmed40.txt,900,90,1234,76,7,775798.000000,27.490,27.840,84207,907.055,4.171,55.920,43.000,54.500
decoder,8,active,../Instances/aNpMP/pmed33.txt,700,70,1234,114,7,519852.000000,7.830,8.328,123045,437.216,4.121,66.741,42.875,62.500
decoder,8,active,../Instances/aNpMP/pmed30.txt,600,200,1234,47,7,1602075.000000,8.383,8.564,58534,443.171,4.128,68.604,42.875,62.250
decoder,0,default,../Instances/aNpMP/pmed3.txt,100,10,1234,8063,7,43354.000000,0.439,59.861,8005511,1629.017,4.158,59.845,42.750,56.000
decoder,6,active,../Instances/aNpMP/pmed28.txt,600,60,1234,167,7,384219.000000,10.072,10.129,177084,509.326,4.143,60.861,42.875,59.250
decoder,0,default,../Instances/aNpMP/pmed40.txt,900,90,1234,76,7,775798.000000,53.968,54.655,84207,1474.750,4.173,54.891,42.875,52.875
decoder,4,active,../Instances/aNpMP/pmed16.txt,400,5,1234,4063,7,18964.000000,0.407,23.238,4015241,1005.424,4.043,92.975,42.875,62.500
decoder,12,active,../Instances/aNpMP/pmed1.txt,100,5,1234,18964,7,15008.000000,0.112,86.667,18737429,3627.359,4.094,1038.312,42.875,60.625
decoder,1,default,../Instances/aNpMP/pmed8.txt,200,20,1234,1601,7,101029.000000,6.118,56.309,1598045,1530.355,4.121,56.306,43.000,54.375
decoder,4,active,../Instances/aNpMP/pmed25.txt,500,167,1234,70,7,1148756.000000,9.494,13.992,82563,578.920,4.177,56.028,42.875,59.125
decoder,0,default,../Instances/aNpMP/pmed5.txt,100,33,1234,1979,7,117405.000000,12.754,55.633,1993199,1493.440,4.166,55.620,42.875,53.125
decoder,4,active,../Instances/aNpMP/pmed37.txt,800,80,1234,99,7,676372.000000,14.899,14.899,107894,639.913,4.165,59.772,43.000,59.750
decoder,0,default,../Instances/aNpMP/pmed6.txt,200,5,1234,8951,7,19103.000000,0.260,58.648,8844585,1637.472,4.163,58.641,42.750,59.625
decoder,6,active,../Instances/aNpMP/pmed4.txt,100,20,1234,3256,7,95489.000000,11.138,19.104,3247925,873.850,4.095,114.622,42.875,58.500
decoder,6,active,../Instances/aNpMP/pmed3.txt,100,10,1234,8063,7,43354.000000,0.221,32.703,8005511,1422.063,4.058,196.216,42.875,58.625
decoder,12,active,../Instances/aNpMP/pmed15.txt,300,100,1234,200,7,558328.000000,7.057,7.160,219499,383.108,4.118,85.797,42.875,62.250
decoder,8,active,../Instances/aNpMP/pmed27.txt,600,10,1234,1147,7,57828.000000,0.999,12.215,1139277,639.004,4.088,97.789,42.875,64.000
decoder,1,default,../Instances/aNpMP/pmed33.txt,700,70,1234,114,7,519852.000000,47.842,50.891,123045,1372.225,4.163,51.014,42.875,52.875
decoder,0,default,../Instances/aNpMP/pmed35.txt,800,5,1234,1815,7,23810.000000,4.502,56.649,1794217,1604.569,4.173,56.826,42.875,59.625
decoder,0,default,../Instances/aNpMP/pmed18.txt,400,40,1234,375,7,244328.000000,52.762,54.938,384192,1484.155,4.178,54.968,42.875,53.125
decoder,2,active,../Instances/aNpMP/pmed18.txt,400,40,1234,375,7,244328.000000,27.276,28.397,384192,920.526,4.161,56.826,42.750,54.375
decoder,2,active,../Instances/aNpMP/pmed1.txt,100,5,1234,18964,7,15008.000000,0.071,50.536,18737429,1669.306,3.704,101.048,42.875,59.250
decoder,1,default,../Instances/aNpMP/pmed17.txt,400,10,1234,1731,7,53504.000000,9.115,58.987,1719404,1649.161,4.116,59.014,42.875,57.125
decoder,12,active,../Instances/aNpMP/pmed8.txt,200,20,1234,1601,7,101029.000000,1.389,13.202,1598045,661.756,4.112,158.206,42.875,60.500
decoder,8,active,../Instances/aNpMP/pmed20.txt,400,133,1234,109,7,905518.000000,8.327,8.699,123586,436.401,4.126,69.626,42.875,62.125
decoder,2,active,../Instances/aNpMP/pmed33.txt,700,70,1234,114,7,519852.000000,24.194,25.739,123045,837.486,4.175,51.609,42.875,54.125
decoder,4,active,../Instances/aNpMP/pmed3.txt,100,10,1234,8063,7,43354.000000,0.246,35.557,8005511,1344.313,4.037,142.216,42.750,59.125
decoder,0,default,../Instances/aNpMP/pmed7.txt,200,10,1234,4098,7,45052.000000,45.176,58.082,4069590,1588.645,4.158,58.071,42.875,57.125
decoder,1,default,../Instances/aNpMP/pmed23.txt,500,50,1234,246,7,325222.000000,56.429,56.654,255365,1521.529,4.147,56.695,42.750,52.750
decoder,12,active,../Instances/aNpMP/pmed31.txt,700,5,1234,2143,7,23386.000000,0.664,15.027,2118281,786.336,4.092,180.222,42.875,62.875
decoder,0,default,../Instances/aNpMP/pmed27.txt,600,10,1234,1147,7,57828.000000,4.490,54.070,1139277,1508.540,4.167,54.150,42.875,57.625
decoder,4,active,../Instances/aNpMP/pmed39.txt,900,10,1234,707,7,66233.000000,14.571,14.800,702891,695.229,4.123,59.446,42.875,63.375
decoder,8,active,../Instances/aNpMP/pmed15.txt,300,100,1234,200,7,558328.000000,9.104,9.238,219499,448.464,4.124,73.911,42.875,62.000
decoder,8,active,../Instances/aNpMP/pmed16.txt,400,5,1234,4063,7,18964.000000,0.379,22.138,4015241,1038.923,4.067,177.117,42.875,62.500
decoder,4,active,../Instances/aNpMP/pmed21.txt,500,5,1234,3280,7,21646.000000,0.175,22.457,3241637,1018.289,4.059,89.883,42.875,63.250
decoder,8,active,../Instances/aNpMP/pmed31.txt,700,5,1234,2143,7,23386.000000,0.723,15.933,2118281,817.042,4.071,127.588,43.000,64.625
decoder,2,active,../Instances/aNpMP/pmed14.txt,300,60,1234,353,7,349693.000000,29.565,29.565,369988,940.898,4.145,59.134,42.875,54.500
decoder,2,active,../Instances/aNpMP/pmed34.txt,700,140,1234,62,7,1047633.000000,27.629,28.072,72307,903.945,4.163,56.269,42.875,54.375
decoder,2,active,../Instances/aNpMP/pmed31.txt,700,5,1234,2143,7,23386.000000,1.431,30.689,2118281,1141.153,4.085,61.510,42.875,62.000
decoder,12,active,../Instances/aNpMP/pmed32.txt,700,10,1234,953,7,67115.000000,4.531,9.675,947083,544.349,4.093,116.062,42.875,63.625
decoder,8,active,../Instances/aNpMP/pmed28.txt,600,60,1234,167,7,384219.000000,8.990,9.042,177084,475.656,4.120,72.425,42.875,62.625
decoder,0,default,../Instances/aNpMP/pmed13.txt,300,30,1234,708,7,149739.000000,26.394,56.326,715138,1518.215,4.172,56.335,42.750,53.250
decoder,8,active,../Instances/aNpMP/pmed22.txt,500,10,1234,1298,7,62699.000000,2.898,12.478,1289649,631.516,4.090,99.878,42.750,63.000
decoder,2,active,../Instances/aNpMP/pmed24.txt,500,100,1234,119,7,692253.000000,24.911,27.393,131964,875.411,4.162,54.835,42.875,53.875
decoder,6,active,../Instances/aNpMP/pmed24.txt,500,100,1234,119,7,692253.000000,8.950,9.843,131964,488.260,4.151,59.114,42.875,59.125
decoder,4,active,../Instances/aNpMP/pmed33.txt,700,70,1234,114,7,519852.000000,12.536,13.336,123045,568.349,4.172,53.475,42.750,59.250
decoder,2,active,../Instances/aNpMP/pmed23.txt,500,50,1234,246,7,325222.000000,28.840,28.956,255365,945.934,4.162,57.964,42.875,54.125
decoder,12,active,../Instances/aNpMP/pmed33.txt,700,70,1234,114,7,519852.000000,5.712,6.110,123045,354.704,4.118,73.372,42.750,62.625
decoder,0,default,../Instances/aNpMP/pmed24.txt,500,100,1234,119,7,692253.000000,48.630,53.488,131964,1429.241,4.165,53.535,42.875,52.375
decoder,8,active,../Instances/aNpMP/pmed38.txt,900,5,1234,1591,7,25560.000000,1.039,13.184,1572905,701.848,4.073,105.711,42.875,65.125
decoder,12,active,../Instances/aNpMP/pmed18.txt,400,40,1234,375,7,244328.000000,7.490,7.795,384192,404.441,4.115,93.418,42.875,61.875
decoder,4,active,../Instances/aNpMP/pmed28.txt,600,60,1234,167,7,384219.000000,14.310,14.392,177084,607.197,4.170,57.660,42.875,59.375
decoder,6,active,../Instances/aNpMP/pmed34.txt,700,140,1234,62,7,1047633.000000,9.866,10.024,72307,502.868,4.144,60.278,42.875,59.250
decoder,2,active,../Instances/aNpMP/pmed13.txt,300,30,1234,708,7,149739.000000,13.935,29.781,715138,960.070,4.125,59.561,42.750,54.500
decoder,6,active,../Instances/aNpMP/pmed13.txt,300,30,1234,708,7,149739.000000,5.815,12.398,715138,611.545,4.126,74.389,42.875,59.000
decoder,12,active,../Instances/aNpMP/pmed28.txt,600,60,1234,167,7,384219.000000,6.731,6.770,177084,385.172,4.117,81.201,42.875,62.500
decoder,4,active,../Instances/aNpMP/pmed26.txt,600,5,1234,2534,7,22734.000000,0.293,19.392,2504589,901.771,4.073,77.653,42.875,63.625
decoder,8,active,../Instances/aNpMP/pmed32.txt,700,10,1234,953,7,67115.000000,5.283,11.256,947083,607.742,4.089,90.162,42.875,64.625
decoder,8,active,../Instances/aNpMP/pmed9.txt,200,40,1234,791,7,198237.000000,7.386,11.719,804254,572.408,4.108,93.694,42.875,61.500
decoder,2,active,../Instances/aNpMP/pmed6.txt,200,5,1234,8951,7,19103.000000,0.172,39.652,8844585,1398.988,3.905,79.302,42.875,60.000
decoder,2,active,../Instances/aNpMP/pmed28.txt,600,60,1234,167,7,384219.000000,27.693,27.852,177084,908.329,4.165,55.788,42.875,54.625
decoder,2,active,../Instances/aNpMP/pmed12.txt,300,10,1234,2439,7,53140.000000,0.585,31.438,2421807,1077.119,4.061,62.874,42.875,57.750
decoder,4,active,../Instances/aNpMP/pmed5.txt,100,33,1234,1979,7,117405.000000,4.577,19.956,1993199,799.093,4.106,79.812,42.875,58.500
decoder,12,active,../Instances/aNpMP/pmed13.txt,300,30,1234,708,7,149739.000000,4.485,9.616,715138,507.885,4.110,115.224,42.875,61.625
decoder,2,active,../Instances/aNpMP/pmed9.txt,200,40,1234,791,7,198237.000000,18.763,29.871,804254,952.753,4.129,59.729,42.875,54.250
decoder,4,active,../Instances/aNpMP/pmed38.txt,900,5,1234,1591,7,25560.000000,1.352,17.197,1572905,815.459,4.083,69.023,42.875,64.375
decoder,4,active,../Instances/aNpMP/pmed40.txt,900,90,1234,76,7,775798.000000,14.239,14.420,84207,630.601,4.160,57.916,42.875,60.375
decoder,6,active,../Instances/aNpMP/pmed5.txt,100,33,1234,1979,7,117405.000000,3.680,16.150,1993199,744.096,4.113,96.896,42.750,58.625
decoder,12,active,../Instances/aNpMP/pmed39.txt,900,10,1234,707,7,66233.000000,8.494,8.627,702891,488.804,4.095,103.590,42.875,63.875
decoder,0,default,../Instances/aNpMP/pmed25.txt,500,167,1234,70,7,1148756.000000,36.183,53.292,82563,1437.760,4.169,53.339,42.875,52.625
decoder,1,default,../Instances/aNpMP/pmed38.txt,900,5,1234,1591,7,25560.000000,4.615,58.695,1572905,1653.666,4.118,58.928,42.875,59.500
decoder,2,active,../Instances/aNpMP/pmed15.txt,300,100,1234,200,7,558328.000000,26.795,27.191,219499,864.989,4.163,54.391,42.750,53.625
decoder,0,default,../Instances/aNpMP/pmed16.txt,400,5,1234,4063,7,18964.000000,1.014,56.580,4015241,1604.174,4.168,56.603,42.750,60.875
decoder,8,active,../Instances/aNpMP/pmed36.txt,800,10,1234,833,7,70897.000000,5.932,11.056,828249,606.910,4.089,88.569,42.750,64.750
decoder,1,default,../Instances/aNpMP/pmed3.txt,100,10,1234,8063,7,43354.000000,0.470,64.730,8005511,1770.939,3.969,64.714,42.875,56.250
decoder,8,active,../Instances/aNpMP/pmed35.txt,800,5,1234,1815,7,23810.000000,1.070,13.693,1794217,722.688,4.070,109.722,42.875,65.000
decoder,6,active,../Instances/aNpMP/pmed18.txt,400,40,1234,375,7,244328.000000,10.427,10.846,384192,534.814,4.138,65.103,42.875,59.250
decoder,0,default,../Instances/aNpMP/pmed10.txt,200,67,1234,491,7,266370.000000,55.482,55.482,514301,1480.467,4.176,55.482,42.875,52.625
decoder,1,default,../Instances/aNpMP/pmed20.txt,400,133,1234,109,7,905518.000000,50.651,52.913,123586,1413.706,4.168,52.938,42.875,52.250
decoder,6,active,../Instances/aNpMP/pmed17.txt,400,10,1234,1731,7,53504.000000,2.112,13.606,1719404,688.694,4.094,81.665,42.875,60.625
decoder,8,active,../Instances/aNpMP/pmed37.txt,800,80,1234,99,7,676372.000000,9.168,9.168,107894,489.134,4.121,73.506,42.875,63.125
decoder,12,active,../Instances/aNpMP/pmed19.txt,400,80,1234,192,7,494003.000000,6.947,7.091,205753,384.774,4.120,84.978,42.750,61.875
decoder,0,default,../Instances/aNpMP/pmed8.txt,200,20,1234,1601,7,101029.000000,6.011,55.367,1598045,1495.526,4.178,55.368,42.750,53.375
decoder,12,active,../Instances/aNpMP/pmed27.txt,600,10,1234,1147,7,57828.000000,0.850,14.609,1139277,728.167,4.104,171.027,42.875,62.500
decoder,2,active,../Instances/aNpMP/pmed38.txt,900,5,1234,1591,7,25560.000000,2.343,29.062,1572905,1095.729,4.090,58.363,42.750,62.375
decoder,4,active,../Instances/aNpMP/pmed22.txt,500,10,1234,1298,7,62699.000000,3.832,16.458,1289649,755.136,4.096,65.883,42.875,62.125
decoder,12,active,../Instances/aNpMP/pmed16.txt,400,5,1234,4063,7,18964.000000,0.395,23.378,4015241,1118.425,4.094,280.111,42.875,61.250
decoder,1,default,../Instances/aNpMP/pmed35.txt,800,5,1234,1815,7,23810.000000,4.709,59.228,1794217,1675.378,4.111,59.401,42.875,60.250
decoder,4,active,../Instances/aNpMP/pmed27.txt,600,10,1234,1147,7,57828.000000,1.370,16.320,1139277,757.708,4.108,65.376,42.875,62.875
decoder,4,active,../Instances/aNpMP/pmed8.txt,200,20,1234,1601,7,101029.000000,2.005,18.485,1598045,774.369,4.122,73.947,42.750,59.625
decoder,2,active,../Instances/aNpMP/pmed2.txt,100,10,1234,7878,7,39421.000000,13.570,37.690,7823093,1236.602,3.917,75.381,42.875,57.625
decoder,6,active,../Instances/aNpMP/pmed6.txt,200,5,1234,8951,7,19103.000000,0.135,32.826,8844585,1490.721,4.046,196.971,42.875,59.750
decoder,0,default,../Instances/aNpMP/pmed36.txt,800,10,1234,833,7,70897.000000,30.244,56.935,828249,1588.284,4.170,57.110,42.875,57.125
decoder,1,default,../Instances/aNpMP/pmed39.txt,900,10,1234,707,7,66233.000000,54.673,55.537,702891,1542.984,4.134,55.767,42.875,56.625
decoder,6,active,../Instances/aNpMP/pmed37.txt,800,80,1234,99,7,676372.000000,10.214,10.214,107894,528.301,4.150,61.465,42.875,59.875
decoder,6,active,../Instances/aNpMP/pmed11.txt,300,5,1234,6020,7,17749.000000,0.105,25.957,5948757,1200.563,4.048,155.751,42.875,60.250
decoder,6,active,../Instances/aNpMP/pmed26.txt,600,5,1234,2534,7,22734.000000,0.238,16.173,2504589,824.069,4.064,97.124,42.875,62.375
decoder,2,active,../Instances/aNpMP/pmed16.txt,400,5,1234,4063,7,18964.000000,0.580,32.525,4015241,1190.531,4.007,65.079,42.875,61.250
decoder,4,active,../Instances/aNpMP/pmed17.txt,400,10,1234,1731,7,53504.000000,2.711,17.489,1719404,780.554,4.091,69.987,42.875,62.000
decoder,0,default,../Instances/aNpMP/pmed14.txt,300,60,1234,353,7,349693.000000,57.110,57.111,369988,1527.755,4.165,57.116,42.750,52.625
decoder,8,active,../Instances/aNpMP/pmed14.txt,300,60,1234,353,7,349693.000000,10.362,10.363,369988,502.493,4.122,82.902,42.750,61.750
decoder,6,active,../Instances/aNpMP/pmed22.txt,500,10,1234,1298,7,62699.000000,2.862,12.283,1289649,627.027,4.103,73.760,42.875,60.750
decoder,6,active,../Instances/aNpMP/pmed32.txt,700,10,1234,953,7,67115.000000,5.631,11.999,947083,641.113,4.096,72.127,42.750,61.625
decoder,12,active,../Instances/aNpMP/pmed30.txt,600,200,1234,47,7,1602075.000000,6.132,6.264,58534,340.252,4.121,75.140,42.875,62.375
decoder,12,active,../Instances/aNpMP/pmed14.txt,300,60,1234,353,7,349693.000000,8.185,8.185,369988,436.046,4.121,98.092,42.875,61.375
decoder,4,active,../Instances/aNpMP/pmed7.txt,200,10,1234,4098,7,45052.000000,18.743,24.158,4069590,1011.975,4.065,96.632,42.750,60.625
decoder,4,active,../Instances/aNpMP/pmed30.txt,600,200,1234,47,7,1602075.000000,13.681,13.976,58534,580.177,4.174,55.994,42.875,59.125
decoder,8,active,../Instances/aNpMP/pmed11.txt,300,5,1234,6020,7,17749.000000,0.114,29.736,5948757,1368.084,4.065,237.871,42.875,62.000
decoder,4,active,../Instances/aNpMP/pmed34.txt,700,140,1234,62,7,1047633.000000,14.275,14.504,72307,610.491,4.169,58.148,42.875,60.000
decoder,12,active,../Instances/aNpMP/pmed12.txt,300,10,1234,2439,7,53140.000000,0.294,16.925,2421807,835.229,4.103,202.806,42.875,60.750
decoder,1,default,../Instances/aNpMP/pmed29.txt,600,120,1234,86,7,860281.000000,55.163,55.788,97868,1485.816,4.171,55.874,42.875,52.625
decoder,2,active,../Instances/aNpMP/pmed3.txt,100,10,1234,8063,7,43354.000000,0.287,39.395,8005511,1287.207,3.914,78.775,42.875,57.375
decoder,6,active,../Instances/aNpMP/pmed1.txt,100,5,1234,18964,7,15008.000000,0.077,59.308,18737429,2488.555,4.029,355.814,42.875,58.875
decoder,8,active,../Instances/aNpMP/pmed40.txt,900,90,1234,76,7,775798.000000,8.717,8.829,84207,467.797,4.119,70.867,42.875,64.000
decoder,1,default,../Instances/aNpMP/pmed22.txt,500,10,1234,1298,7,62699.000000,13.279,57.304,1289649,1594.489,4.116,57.346,42.875,56.750
decoder,6,active,../Instances/aNpMP/pmed27.txt,600,10,1234,1147,7,57828.000000,1.009,12.126,1139277,634.565,4.096,72.847,42.875,61.625
decoder,1,default,../Instances/aNpMP/pmed37.txt,800,80,1234,99,7,676372.000000,56.463,56.463,107894,1518.367,4.165,56.633,42.875,52.750
decoder,4,active,../Instances/aNpMP/pmed23.txt,500,50,1234,246,7,325222.000000,15.142,15.202,255365,633.008,4.165,60.863,42.875,58.875
decoder,0,default,../Instances/aNpMP/pmed11.txt,300,5,1234,6020,7,17749.000000,0.244,58.761,5948757,1651.377,4.169,58.768,42.750,60.875
decoder,8,active,../Instances/aNpMP/pmed13.txt,300,30,1234,708,7,149739.000000,5.341,11.440,715138,565.640,4.112,91.528,42.875,61.750
decoder,1,default,../Instances/aNpMP/pmed30.txt,600,200,1234,47,7,1602075.000000,52.709,53.854,58534,1428.890,4.158,53.928,42.875,52.000
decoder,1,default,../Instances/aNpMP/pmed16.txt,400,5,1234,4063,7,18964.000000,1.081,60.626,4015241,1700.633,4.047,60.643,42.875,59.250
decoder,2,active,../Instances/aNpMP/pmed11.txt,300,5,1234,6020,7,17749.000000,0.148,36.063,5948757,1309.164,3.949,72.125,42.875,60.625
decoder,12,active,../Instances/aNpMP/pmed40.txt,900,90,1234,76,7,775798.000000,6.369,6.450,84207,394.360,4.115,77.516,42.875,63.500
decoder,12,active,../Instances/aNpMP/pmed37.txt,800,80,1234,99,7,676372.000000,6.756,6.756,107894,402.521,4.117,81.112,42.875,63.000
decoder,6,active,../Instances/aNpMP/pmed12.txt,300,10,1234,2439,7,53140.000000,0.302,16.537,2421807,806.640,4.097,99.234,42.875,59.875
decoder,8,active,../Instances/aNpMP/pmed24.txt,500,100,1234,119,7,692253.000000,7.981,8.784,131964,449.611,4.124,70.316,42.750,62.250
decoder,6,active,../Instances/aNpMP/pmed23.txt,500,50,1234,246,7,325222.000000,10.580,10.621,255365,530.959,4.150,63.785,42.750,59.125
decoder,4,active,../Instances/aNpMP/pmed36.txt,800,10,1234,833,7,70897.000000,8.516,15.984,828249,748.095,4.120,64.120,42.750,63.000
decoder,12,active,../Instances/aNpMP/pmed36.txt,800,10,1234,833,7,70897.000000,4.936,9.260,828249,521.556,4.097,111.170,42.875,63.625
decoder,1,default,../Instances/aNpMP/pmed27.txt,600,10,1234,1147,7,57828.000000,4.643,56.271,1139277,1566.873,4.124,56.350,42.750,56.750
decoder,1,default,../Instances/aNpMP/pmed5.txt,100,33,1234,1979,7,117405.000000,12.893,56.490,1993199,1512.672,4.112,56.480,42.875,52.875
decoder,6,active,../Instances/aNpMP/pmed2.txt,100,10,1234,7878,7,39421.000000,10.581,29.791,7823093,1315.220,4.056,178.738,42.750,58.500
decoder,0,default,../Instances/aNpMP/pmed19.txt,400,80,1234,192,7,494003.000000,53.212,54.314,205753,1455.700,4.164,54.335,42.875,52.750
decoder,6,active,../Instances/aNpMP/pmed9.txt,200,40,1234,791,7,198237.000000,8.058,12.811,804254,600.812,4.128,76.867,42.750,58.500
decoder,4,active,../Instances/aNpMP/pmed18.txt,400,40,1234,375,7,244328.000000,14.419,15.004,384192,627.048,4.158,60.047,42.750,59.375
decoder,2,active,../Instances/aNpMP/pmed21.txt,500,5,1234,3280,7,21646.000000,0.267,33.200,3241637,1216.918,4.032,66.440,42.875,61.125
decoder,1,default,../Instances/aNpMP/pmed25.txt,500,167,1234,70,7,1148756.000000,36.144,53.247,82563,1418.610,4.170,53.298,42.875,52.375
decoder,0,default,../Instances/aNpMP/pmed2.txt,100,10,1234,7878,7,39421.000000,20.272,56.357,7823093,1532.736,4.167,56.346,42.875,56.500
decoder,8,active,../Instances/aNpMP/pmed7.txt,200,10,1234,4098,7,45052.000000,17.511,22.570,4069590,1040.786,4.074,180.555,42.875,61.625
decoder,8,active,../Instances/aNpMP/pmed6.txt,200,5,1234,8951,7,19103.000000,0.157,38.927,8844585,1727.942,4.061,311.403,42.875,61.375
decoder,0,default,../Instances/aNpMP/pmed4.txt,100,20,1234,3256,7,95489.000000,33.394,57.252,3247925,1549.165,4.166,57.239,42.875,54.000
decoder,2,active,../Instances/aNpMP/pmed10.txt,200,67,1234,491,7,266370.000000,29.102,29.102,514301,928.556,4.156,58.204,42.750,54.125
decoder,0,default,../Instances/aNpMP/pmed17.txt,400,10,1234,1731,7,53504.000000,8.751,56.415,1719404,1573.387,4.173,56.443,42.875,56.875
decoder,12,active,../Instances/aNpMP/pmed23.txt,500,50,1234,246,7,325222.000000,7.412,7.441,255365,408.881,4.116,89.169,42.875,62.125
decoder,2,active,../Instances/aNpMP/pmed32.txt,700,10,1234,953,7,67115.000000,13.998,29.642,947083,1077.344,4.116,59.407,42.875,57.875
decoder,8,active,../Instances/aNpMP/pmed25.txt,500,167,1234,70,7,1148756.000000,5.832,8.601,82563,435.977,4.127,68.860,42.875,62.250
decoder,1,default,../Instances/aNpMP/pmed2.txt,100,10,1234,7878,7,39421.000000,21.833,60.815,7823093,1656.145,3.965,60.805,42.875,56.375
decoder,0,default,../Instances/aNpMP/pmed29.txt,600,120,1234,86,7,860281.000000,54.879,55.501,97868,1489.011,4.170,55.583,42.875,52.250
decoder,0,default,../Instances/aNpMP/pmed28.txt,600,60,1234,167,7,384219.000000,53.859,54.172,177084,1458.888,4.159,54.247,42.750,52.375
decoder,1,default,../Instances/aNpMP/pmed9.txt,200,40,1234,791,7,198237.000000,35.582,56.823,804254,1518.357,4.133,56.810,42.750,52.625
decoder,4,active,../Instances/aNpMP/pmed11.txt,300,5,1234,6020,7,17749.000000,0.110,26.916,5948757,1141.206,4.022,107.682,42.875,62.250
decoder,0,default,../Instances/aNpMP/pmed15.txt,300,100,1234,200,7,558328.000000,52.138,52.901,219499,1415.086,4.164,52.910,42.875,52.625
decoder,2,active,../Instances/aNpMP/pmed36.txt,800,10,1234,833,7,70897.000000,16.098,30.350,828249,1107.997,4.110,60.866,42.750,58.125
decoder,12,active,../Instances/aNpMP/pmed26.txt,600,5,1234,2534,7,22734.000000,0.234,16.723,2504589,842.884,4.089,200.455,42.875,62.250
decoder,1,default,../Instances/aNpMP/pmed31.txt,700,5,1234,2143,7,23386.000000,2.810,61.279,2118281,1749.246,4.104,61.405,42.875,60.875
decoder,6,active,../Instances/aNpMP/pmed33.txt,700,70,1234,114,7,519852.000000,8.745,9.304,123045,475.247,4.141,55.953,42.875,59.250
decoder,8,active,../Instances/aNpMP/pmed12.txt,300,10,1234,2439,7,53140.000000,0.296,16.610,2421807,814.352,4.079,132.890,42.875,62.375
decoder,12,active,../Instances/aNpMP/pmed3.txt,100,10,1234,8063,7,43354.000000,0.277,42.063,8005511,1870.007,4.103,503.847,42.875,59.625
decoder,8,active,../Instances/aNpMP/pmed39.txt,900,10,1234,707,7,66233.000000,10.279,10.441,702891,566.599,4.089,83.768,42.875,65.500
decoder,0,default,../Instances/aNpMP/pmed33.txt,700,70,1234,114,7,519852.000000,47.637,50.664,123045,1363.842,4.152,50.781,42.875,52.875
decoder,1,default,../Instances/aNpMP/pmed26.txt,600,5,1234,2534,7,22734.000000,0.861,58.625,2504589,1670.169,4.089,58.705,42.875,60.875
decoder,6,active,../Instances/aNpMP/pmed8.txt,200,20,1234,1601,7,101029.000000,1.604,14.782,1598045,693.646,4.113,88.697,42.875,59.000
decoder,1,default,../Instances/aNpMP/pmed13.txt,300,30,1234,708,7,149739.000000,26.757,57.201,715138,1553.099,4.145,57.209,42.875,53.375
decoder,4,active,../Instances/aNpMP/pmed32.txt,700,10,1234,953,7,67115.000000,7.583,16.134,947083,751.647,4.118,64.668,42.875,62.875
decoder,2,active,../Instances/aNpMP/pmed19.txt,400,80,1234,192,7,494003.000000,27.340,27.903,205753,892.864,4.155,55.830,42.875,54.000
decoder,12,active,../Instances/aNpMP/pmed11.txt,300,5,1234,6020,7,17749.000000,0.122,32.171,5948757,1479.041,4.097,385.524,42.875,61.000
decoder,12,active,../Instances/aNpMP/pmed9.txt,200,40,1234,791,7,198237.000000,6.380,10.195,804254,515.749,4.110,122.173,42.875,61.500
decoder,6,active,../Instances/aNpMP/pmed7.txt,200,10,1234,4098,7,45052.000000,16.955,21.807,4069590,1013.348,4.072,130.845,42.875,60.125
decoder,12,active,../Instances/aNpMP/pmed20.txt,400,133,1234,109,7,905518.000000,6.333,6.630,123586,355.143,4.120,79.439,42.875,62.375
decoder,8,active,../Instances/aNpMP/pmed10.txt,200,67,1234,491,7,266370.000000,11.156,11.156,514301,531.813,4.119,89.233,42.875,61.625
decoder,0,default,../Instances/aNpMP/pmed12.txt,300,10,1234,2439,7,53140.000000,1.065,57.617,2421807,1595.006,4.177,57.630,42.875,56.750
decoder,1,default,../Instances/aNpMP/pmed28.txt,600,60,1234,167,7,384219.000000,53.933,54.243,177084,1464.093,4.165,54.328,42.875,52.875
decoder,0,default,../Instances/aNpMP/pmed34.txt,700,140,1234,62,7,1047633.000000,54.147,55.018,72307,1477.340,4.174,55.146,42.875,52.500
decoder,4,active,../Instances/aNpMP/pmed1.txt,100,5,1234,18964,7,15008.000000,0.073,53.151,18737429,1988.843,3.962,212.600,42.875,59.125
decoder,1,default,../Instances/aNpMP/pmed15.txt,300,100,1234,200,7,558328.000000,52.115,52.879,219499,1413.805,4.164,52.889,42.875,52.750
decoder,12,active,../Instances/aNpMP/pmed21.txt,500,5,1234,3280,7,21646.000000,0.148,20.224,3241637,1000.990,4.090,242.223,42.875,61.625
decoder,12,active,../Instances/aNpMP/pmed6.txt,200,5,1234,8951,7,19103.000000,0.178,44.503,8844585,1994.190,4.097,533.267,42.875,60.500
decoder,8,active,../Instances/aNpMP/pmed2.txt,100,10,1234,7878,7,39421.000000,12.640,35.374,7823093,1546.747,4.064,282.967,42.875,61.125
decoder,2,active,../Instances/aNpMP/pmed29.txt,600,120,1234,86,7,860281.000000,28.364,28.686,97868,921.568,4.146,57.442,42.875,54.750
decoder,1,default,../Instances/aNpMP/pmed10.txt,200,67,1234,491,7,266370.000000,55.963,55.963,514301,1493.050,4.161,55.965,42.875,52.875
decoder,4,active,../Instances/aNpMP/pmed10.txt,200,67,1234,491,7,266370.000000,16.336,16.337,514301,665.926,4.163,65.350,42.875,58.500
decoder,1,default,../Instances/aNpMP/pmed18.txt,400,40,1234,375,7,244328.000000,53.166,55.379,384192,1491.314,4.159,55.404,42.750,52.875
decoder,6,active,../Instances/aNpMP/pmed20.txt,400,133,1234,109,7,905518.000000,9.431,9.855,123586,479.175,4.149,59.160,42.875,58.500
decoder,0,default,../Instances/aNpMP/pmed26.txt,600,5,1234,2534,7,22734.000000,0.825,56.254,2504589,1588.625,4.166,56.332,42.875,59.625
decoder,2,active,../Instances/aNpMP/pmed26.txt,600,5,1234,2534,7,22734.000000,0.467,30.482,2504589,1121.644,4.046,61.039,42.875,61.250
decoder,1,default,../Instances/aNpMP/pmed24.txt,500,100,1234,119,7,692253.000000,48.489,53.355,131964,1428.822,4.166,53.404,42.875,52.625
decoder,8,active,../Instances/aNpMP/pmed19.txt,400,80,1234,192,7,494003.000000,8.971,9.157,205753,458.738,4.125,73.287,42.875,61.875
decoder,6,active,../Instances/aNpMP/pmed25.txt,500,167,1234,70,7,1148756.000000,6.607,9.769,82563,484.535,4.151,58.667,42.875,58.500
decoder,1,default,../Instances/aNpMP/pmed34.txt,700,140,1234,62,7,1047633.000000,54.317,55.190,72307,1476.654,4.164,55.311,42.875,52.500
decoder,2,active,../Instances/aNpMP/pmed4.txt,100,20,1234,3256,7,95489.000000,19.152,32.774,3247925,1049.866,4.048,65.540,42.750,55.250
decoder,1,default,../Instances/aNpMP/pmed1.txt,100,5,1234,18964,7,15008.000000,0.098,68.127,18737429,1904.223,3.744,68.123,42.875,60.000
decoder,1,default,../Instances/aNpMP/pmed4.txt,100,20,1234,3256,7,95489.000000,34.437,58.886,3247925,1580.866,4.078,58.872,42.750,53.625
decoder,6,active,../Instances/aNpMP/pmed36.txt,800,10,1234,833,7,70897.000000,6.236,11.698,828249,638.170,4.105,70.370,42.875,62.125
decoder,0,default,../Instances/aNpMP/pmed21.txt,500,5,1234,3280,7,21646.000000,0.470,59.112,3241637,1718.595,4.158,59.153,42.875,61.250
decoder,12,active,../Instances/aNpMP/pmed5.txt,100,33,1234,1979,7,117405.000000,3.526,15.501,1993199,722.664,4.120,185.740,42.875,59.750
decoder,6,active,../Instances/aNpMP/pmed40.txt,900,90,1234,76,7,775798.000000,9.695,9.819,84207,518.546,4.152,59.157,42.750,59.750
decoder,1,default,../Instances/aNpMP/pmed7.txt,200,10,1234,4098,7,45052.000000,47.650,61.361,4069590,1669.377,4.067,61.360,42.875,56.625
decoder,4,active,../Instances/aNpMP/pmed4.txt,100,20,1234,3256,7,95489.000000,13.455,22.961,3247925,888.159,4.085,91.835,42.875,58.375
decoder,8,active,../Instances/aNpMP/pmed3.txt,100,10,1234,8063,7,43354.000000,0.231,34.337,8005511,1492.813,4.070,274.666,42.750,60.250
decoder,2,active,../Instances/aNpMP/pmed22.txt,500,10,1234,1298,7,62699.000000,6.768,29.164,1289649,1061.461,4.087,58.365,42.875,58.750
decoder,1,default,../Instances/aNpMP/pmed6.txt,200,5,1234,8951,7,19103.000000,0.286,64.645,8844585,1804.241,3.953,64.642,42.875,59.250
decoder,12,active,../Instances/aNpMP/pmed25.txt,500,167,1234,70,7,1148756.000000,4.244,6.316,82563,349.277,4.123,75.758,42.750,62.125
decoder,1,default,../Instances/aNpMP/pmed21.txt,500,5,1234,3280,7,21646.000000,0.497,62.355,3241637,1759.519,4.079,62.407,42.875,59.750
decoder,1,default,../Instances/aNpMP/pmed14.txt,300,60,1234,353,7,349693.000000,57.410,57.411,369988,1532.857,4.157,57.418,42.875,52.500
decoder,8,active,../Instances/aNpMP/pmed5.txt,100,33,1234,1979,7,117405.000000,3.608,15.838,1993199,729.479,4.110,126.686,42.875,60.125
decoder,6,active,../Instances/aNpMP/pmed29.txt,600,120,1234,86,7,860281.000000,9.981,10.094,97868,506.737,4.153,60.656,42.875,59.250
decoder,6,active,../Instances/aNpMP/pmed30.txt,600,200,1234,47,7,1602075.000000,9.421,9.624,58534,479.537,4.156,57.838,42.750,59.000
decoder,6,active,../Instances/aNpMP/pmed14.txt,300,60,1234,353,7,349693.000000,11.504,11.504,369988,551.436,4.146,69.035,42.875,58.750
decoder,12,active,../Instances/aNpMP/pmed35.txt,800,5,1234,1815,7,23810.000000,0.983,13.057,1794217,707.144,4.087,156.663,42.875,63.125
decoder,4,active,../Instances/aNpMP/pmed19.txt,400,80,1234,192,7,494003.000000,14.383,14.681,205753,608.880,4.157,58.748,42.875,59.000
decoder,2,active,../Instances/aNpMP/pmed30.txt,600,200,1234,47,7,1602075.000000,26.501,27.073,58534,865.347,4.178,54.234,42.875,53.875
decoder,2,active,../Instances/aNpMP/pmed8.txt,200,20,1234,1601,7,101029.000000,3.300,30.154,1598045,970.733,4.099,60.303,42.750,55.000
decoder,12,active,../Instances/aNpMP/pmed10.txt,200,67,1234,491,7,266370.000000,9.300,9.300,514301,469.600,4.120,111.464,42.875,61.500
decoder,4,active,../Instances/aNpMP/pmed6.txt,200,5,1234,8951,7,19103.000000,0.141,34.074,8844585,1410.443,4.001,136.283,42.875,60.875
decoder,1,default,../Instances/aNpMP/pmed2.txt,100,10,1234,7878,8,39421.000000,21.847,60.752,7823093,1643.482,3.974,60.746,39.875,55.875
decoder,4,active,../Instances/aNpMP/pmed16.txt,400,5,1234,4063,8,18964.000000,0.382,21.739,4015241,971.837,4.043,86.987,42.750,62.750
decoder,4,active,../Instances/aNpMP/pmed25.txt,500,167,1234,70,8,1148756.000000,9.528,14.055,82563,581.034,4.175,56.277,42.875,58.875
decoder,8,active,../Instances/aNpMP/pmed24.txt,500,100,1234,119,8,692253.000000,7.976,8.776,131964,449.736,4.125,70.255,42.875,62.125
decoder,0,default,../Instances/aNpMP/pmed22.txt,500,10,1234,1298,8,62699.000000,12.681,54.966,1289649,1531.887,4.170,55.014,42.875,56.625
decoder,8,active,../Instances/aNpMP/pmed14.txt,300,60,1234,353,8,349693.000000,10.447,10.448,369988,508.897,4.120,83.571,42.875,61.875
decoder,6,active,../Instances/aNpMP/pmed13.txt,300,30,1234,708,8,149739.000000,5.773,12.302,715138,601.295,4.136,73.829,42.875,59.125
decoder,6,active,../Instances/aNpMP/pmed3.txt,100,10,1234,8063,8,43354.000000,0.236,34.216,8005511,1487.419,4.056,205.279,42.875,58.875
decoder,8,active,../Instances/aNpMP/pmed25.txt,500,167,1234,70,8,1148756.000000,5.859,8.680,82563,444.329,4.123,69.468,42.875,62.750
decoder,6,active,../Instances/aNpMP/pmed36.txt,800,10,1234,833,8,70897.000000,6.182,11.553,828249,634.674,4.100,69.498,42.875,62.250
decoder,4,active,../Instances/aNpMP/pmed39.txt,900,10,1234,707,8,66233.000000,14.731,14.964,702891,706.102,4.120,60.098,42.750,63.250
decoder,8,active,../Instances/aNpMP/pmed18.txt,400,40,1234,375,8,244328.000000,9.275,9.654,384192,488.580,4.117,77.255,42.875,62.250
decoder,6,active,../Instances/aNpMP/pmed15.txt,300,100,1234,200,8,558328.000000,10.136,10.284,219499,495.171,4.152,61.719,42.875,58.625
decoder,0,default,../Instances/aNpMP/pmed19.txt,400,80,1234,192,8,494003.000000,53.399,54.518,205753,1461.025,4.166,54.540,42.750,52.750
decoder,6,active,../Instances/aNpMP/pmed9.txt,200,40,1234,791,8,198237.000000,7.892,12.521,804254,595.837,4.133,75.127,42.875,59.000
decoder,2,active,../Instances/aNpMP/pmed30.txt,600,200,1234,47,8,1602075.000000,26.535,27.107,58534,868.197,4.174,54.299,42.875,54.000
decoder,1,default,../Instances/aNpMP/pmed1.txt,100,5,1234,18964,8,15008.000000,0.098,68.195,18737429,1916.117,3.736,68.182,42.875,61.000
decoder,4,active,../Instances/aNpMP/pmed15.txt,300,100,1234,200,8,558328.000000,14.351,14.563,219499,592.377,4.169,58.267,42.750,58.625
decoder,4,active,../Instances/aNpMP/pmed36.txt,800,10,1234,833,8,70897.000000,8.492,15.963,828249,745.336,4.121,64.036,42.875,63.125
decoder,4,active,../Instances/aNpMP/pmed2.txt,100,10,1234,7878,8,39421.000000,11.110,31.323,7823093,1233.277,4.020,125.277,42.875,59.625
decoder,8,active,../Instances/aNpMP/pmed16.txt,400,5,1234,4063,8,18964.000000,0.353,20.711,4015241,997.173,4.058,165.707,42.875,63.375
decoder,4,active,../Instances/aNpMP/pmed32.txt,700,10,1234,953,8,67115.000000,7.526,15.895,947083,739.326,4.109,63.710,42.875,63.500
decoder,12,active,../Instances/aNpMP/pmed7.txt,200,10,1234,4098,8,45052.000000,18.724,24.145,4069590,1119.886,4.102,289.296,42.875,60.500
decoder,4,active,../Instances/aNpMP/pmed13.txt,300,30,1234,708,8,149739.000000,7.841,16.643,715138,698.374,4.143,66.584,42.875,60.250
decoder,8,active,../Instances/aNpMP/pmed10.txt,200,67,1234,491,8,266370.000000,11.079,11.080,514301,529.229,4.117,88.634,42.875,61.875
decoder,12,active,../Instances/aNpMP/pmed27.txt,600,10,1234,1147,8,57828.000000,0.840,10.611,1139277,562.843,4.097,127.230,42.875,62.750
decoder,2,active,../Instances/aNpMP/pmed24.txt,500,100,1234,119,8,692253.000000,24.740,27.238,131964,875.108,4.168,54.527,42.875,54.000
decoder,1,default,../Instances/aNpMP/pmed17.txt,400,10,1234,1731,8,53504.000000,9.156,59.032,1719404,1648.756,4.121,59.062,42.750,57.250
decoder,1,default,../Instances/aNpMP/pmed32.txt,700,10,1234,953,8,67115.000000,27.207,58.495,947083,1751.819,4.130,58.609,42.875,61.000
decoder,8,active,../Instances/aNpMP/pmed2.txt,100,10,1234,7878,8,39421.000000,12.145,33.474,7823093,1499.938,4.057,267.589,43.250,60.875
decoder,8,active,../Instances/aNpMP/pmed22.txt,500,10,1234,1298,8,62699.000000,2.813,12.128,1289649,619.503,4.081,97.062,43.000,64.000
decoder,2,active,../Instances/aNpMP/pmed34.txt,700,140,1234,62,8,1047633.000000,27.730,28.172,72307,913.046,4.155,56.465,42.875,54.875
decoder,1,default,../Instances/aNpMP/pmed31.txt,700,5,1234,2143,8,23386.000000,2.780,61.325,2118281,1768.591,4.107,61.453,42.875,61.250
decoder,12,active,../Instances/aNpMP/pmed9.txt,200,40,1234,791,8,198237.000000,6.399,10.245,804254,522.508,4.113,122.739,42.875,61.000
decoder,0,default,../Instances/aNpMP/pmed15.txt,300,100,1234,200,8,558328.000000,51.979,52.744,219499,1406.748,4.178,52.759,42.875,52.750
decoder,6,active,../Instances/aNpMP/pmed14.txt,300,60,1234,353,8,349693.000000,11.422,11.422,369988,549.878,4.146,68.568,42.875,59.125
decoder,1,default,../Instances/aNpMP/pmed30.txt,600,200,1234,47,8,1602075.000000,52.362,53.488,58534,1431.084,4.167,53.571,42.750,52.750
decoder,6,active,../Instances/aNpMP/pmed12.txt,300,10,1234,2439,8,53140.000000,0.316,17.160,2421807,826.729,4.097,102.978,42.875,60.125
decoder,1,default,../Instances/aNpMP/pmed16.txt,400,5,1234,4063,8,18964.000000,1.081,60.456,4015241,1747.168,4.057,60.483,42.875,61.375
decoder,12,active,../Instances/aNpMP/pmed12.txt,300,10,1234,2439,8,53140.000000,0.285,16.687,2421807,826.508,4.101,199.979,42.875,61.000
decoder,2,active,../Instances/aNpMP/pmed27.txt,600,10,1234,1147,8,57828.000000,2.425,28.815,1139277,1055.753,4.112,57.716,42.875,59.375
decoder,4,active,../Instances/aNpMP/pmed37.txt,800,80,1234,99,8,676372.000000,14.842,14.842,107894,653.012,4.169,59.547,42.875,60.375
decoder,12,active,../Instances/aNpMP/pmed32.txt,700,10,1234,953,8,67115.000000,4.577,9.708,947083,536.116,4.095,116.445,42.875,63.625
decoder,12,active,../Instances/aNpMP/pmed15.txt,300,100,1234,200,8,558328.000000,7.053,7.157,219499,384.852,4.120,85.769,42.875,61.875
decoder,4,active,../Instances/aNpMP/pmed9.txt,200,40,1234,791,8,198237.000000,10.538,16.782,804254,696.852,4.144,67.130,42.750,58.750
decoder,1,default,../Instances/aNpMP/pmed33.txt,700,70,1234,114,8,519852.000000,47.782,50.829,123045,1370.825,4.166,50.955,42.875,53.000
decoder,1,default,../Instances/aNpMP/pmed4.txt,100,20,1234,3256,8,95489.000000,34.406,58.887,3247925,1594.123,4.078,58.874,42.875,53.875
decoder,12,active,../Instances/aNpMP/pmed39.txt,900,10,1234,707,8,66233.000000,8.319,8.449,702891,483.173,4.098,101.556,42.750,64.000
decoder,8,active,../Instances/aNpMP/pmed30.txt,600,200,1234,47,8,1602075.000000,8.405,8.587,58534,441.492,4.126,68.787,42.875,62.375
decoder,1,default,../Instances/aNpMP/pmed25.txt,500,167,1234,70,8,1148756.000000,36.128,53.247,82563,1426.218,4.169,53.298,42.750,52.500
decoder,12,active,../Instances/aNpMP/pmed5.txt,100,33,1234,1979,8,117405.000000,3.536,15.543,1993199,725.808,4.119,186.194,42.875,59.750
decoder,12,active,../Instances/aNpMP/pmed11.txt,300,5,1234,6020,8,17749.000000,0.118,32.172,5948757,1485.630,4.094,385.456,42.875,61.250
decoder,8,active,../Instances/aNpMP/pmed37.txt,800,80,1234,99,8,676372.000000,9.153,9.153,107894,488.728,4.119,73.401,42.875,63.875
decoder,6,active,../Instances/aNpMP/pmed32.txt,700,10,1234,953,8,67115.000000,5.516,11.755,947083,639.002,4.089,70.664,42.875,62.125
decoder,4,active,../Instances/aNpMP/pmed23.txt,500,50,1234,246,8,325222.000000,15.123,15.186,255365,632.248,4.159,60.794,42.875,59.875
decoder,8,active,../Instances/aNpMP/pmed13.txt,300,30,1234,708,8,149739.000000,5.332,11.400,715138,566.868,4.108,91.204,42.875,62.375
decoder,6,active,../Instances/aNpMP/pmed19.txt,400,80,1234,192,8,494003.000000,10.118,10.328,205753,505.181,4.141,61.997,42.875,59.125
decoder,2,active,../Instances/aNpMP/pmed37.txt,800,80,1234,99,8,676372.000000,28.659,28.659,107894,936.161,4.176,57.497,42.875,54.875
decoder,8,active,../Instances/aNpMP/pmed40.txt,900,90,1234,76,8,775798.000000,8.726,8.837,84207,468.079,4.122,70.938,42.875,63.500
decoder,6,active,../Instances/aNpMP/pmed38.txt,900,5,1234,1591,8,25560.000000,1.070,13.445,1572905,730.812,4.083,80.920,42.875,63.000
decoder,0,default,../Instances/aNpMP/pmed33.txt,700,70,1234,114,8,519852.000000,47.411,50.438,123045,1360.145,4.179,50.567,42.875,53.125
decoder,6,active,../Instances/aNpMP/pmed22.txt,500,10,1234,1298,8,62699.000000,2.981,12.790,1289649,646.877,4.093,76.796,42.750,60.875
decoder,6,active,../Instances/aNpMP/pmed1.txt,100,5,1234,18964,8,15008.000000,0.078,59.966,18737429,2518.165,4.032,359.783,43.000,59.000
decoder,2,active,../Instances/aNpMP/pmed25.txt,500,167,1234,70,8,1148756.000000,18.467,27.163,82563,877.653,4.167,54.374,42.875,55.125
decoder,0,default,../Instances/aNpMP/pmed28.txt,600,60,1234,167,8,384219.000000,53.907,54.218,177084,1469.711,4.168,54.297,42.875,53.500
decoder,0,default,../Instances/aNpMP/pmed40.txt,900,90,1234,76,8,775798.000000,54.175,54.866,84207,1488.084,4.178,55.102,42.875,53.375
decoder,2,active,../Instances/aNpMP/pmed26.txt,600,5,1234,2534,8,22734.000000,0.462,30.549,2504589,1131.428,4.048,61.176,42.875,62.125
decoder,8,active,../Instances/aNpMP/pmed5.txt,100,33,1234,1979,8,117405.000000,3.612,15.901,1993199,730.956,4.098,127.200,43.000,61.000
decoder,2,active,../Instances/aNpMP/pmed17.txt,400,10,1234,1731,8,53504.000000,4.651,29.850,1719404,1066.514,4.092,59.725,42.875,58.875
decoder,6,active,../Instances/aNpMP/pmed29.txt,600,120,1234,86,8,860281.000000,10.054,10.168,97868,504.529,4.148,61.096,42.875,59.750
decoder,1,default,../Instances/aNpMP/pmed8.txt,200,20,1234,1601,8,101029.000000,6.191,56.992,1598045,1536.847,4.127,56.992,42.875,54.375
decoder,1,default,../Instances/aNpMP/pmed7.txt,200,10,1234,4098,8,45052.000000,47.143,60.675,4069590,1649.783,4.066,60.677,42.875,57.125
decoder,4,active,../Instances/aNpMP/pmed4.txt,100,20,1234,3256,8,95489.000000,13.136,22.478,3247925,884.490,4.081,89.897,42.875,59.000
decoder,6,active,../Instances/aNpMP/pmed8.txt,200,20,1234,1601,8,101029.000000,1.586,14.794,1598045,690.751,4.110,88.766,42.750,59.000
decoder,2,active,../Instances/aNpMP/pmed10.txt,200,67,1234,491,8,266370.000000,29.346,29.346,514301,933.016,4.144,58.686,42.875,54.375
decoder,8,active,../Instances/aNpMP/pmed35.txt,800,5,1234,1815,8,23810.000000,1.065,13.638,1794217,721.108,4.068,109.290,42.875,65.375
decoder,8,active,../Instances/aNpMP/pmed19.txt,400,80,1234,192,8,494003.000000,8.975,9.161,205753,455.537,4.121,73.315,42.875,62.375
decoder,2,active,../Instances/aNpMP/pmed12.txt,300,10,1234,2439,8,53140.000000,0.582,31.127,2421807,1056.083,4.077,62.266,42.750,58.000
decoder,6,active,../Instances/aNpMP/pmed17.txt,400,10,1234,1731,8,53504.000000,2.220,14.216,1719404,712.668,4.088,85.324,42.875,60.875
decoder,12,active,../Instances/aNpMP/pmed19.txt,400,80,1234,192,8,494003.000000,6.895,7.038,205753,386.582,4.119,84.350,42.875,62.375
decoder,0,default,../Instances/aNpMP/pmed12.txt,300,10,1234,2439,8,53140.000000,1.086,57.989,2421807,1596.145,4.168,57.996,42.875,56.750
decoder,1,default,../Instances/aNpMP/pmed40.txt,900,90,1234,76,8,775798.000000,54.382,55.073,84207,1477.871,4.157,55.301,42.875,53.000
decoder,6,active,../Instances/aNpMP/pmed33.txt,700,70,1234,114,8,519852.000000,8.669,9.222,123045,468.011,4.151,55.462,42.875,59.500
decoder,0,default,../Instances/aNpMP/pmed7.txt,200,10,1234,4098,8,45052.000000,45.011,57.882,4069590,1566.524,4.161,57.872,42.875,57.000
decoder,4,active,../Instances/aNpMP/pmed28.txt,600,60,1234,167,8,384219.000000,14.374,14.457,177084,607.005,4.171,57.918,42.875,59.625
decoder,0,default,../Instances/aNpMP/pmed17.txt,400,10,1234,1731,8,53504.000000,8.712,56.287,1719404,1564.674,4.164,56.308,42.875,57.250
decoder,2,active,../Instances/aNpMP/pmed22.txt,500,10,1234,1298,8,62699.000000,6.726,29.108,1289649,1049.067,4.092,58.257,42.875,58.125
decoder,6,active,../Instances/aNpMP/pmed27.txt,600,10,1234,1147,8,57828.000000,0.997,12.148,1139277,635.814,4.089,72.971,42.875,61.875
decoder,12,active,../Instances/aNpMP/pmed16.txt,400,5,1234,4063,8,18964.000000,0.392,23.622,4015241,1121.922,4.093,283.035,42.875,61.500
decoder,2,active,../Instances/aNpMP/pmed7.txt,200,10,1234,4098,8,45052.000000,26.862,34.579,4069590,1154.095,4.032,69.160,42.875,58.875
decoder,8,active,../Instances/aNpMP/pmed39.txt,900,10,1234,707,8,66233.000000,10.250,10.412,702891,570.815,4.092,83.541,42.875,65.250
decoder,1,default,../Instances/aNpMP/pmed37.txt,800,80,1234,99,8,676372.000000,56.550,56.550,107894,1518.393,4.171,56.724,42.875,53.125
decoder,6,active,../Instances/aNpMP/pmed31.txt,700,5,1234,2143,8,23386.000000,0.704,15.338,2118281,808.429,4.068,92.157,42.875,62.625
decoder,1,default,../Instances/aNpMP/pmed22.txt,500,10,1234,1298,8,62699.000000,13.255,57.383,1289649,1596.636,4.128,57.433,42.875,57.125
decoder,1,default,../Instances/aNpMP/pmed20.txt,400,133,1234,109,8,905518.000000,50.372,52.621,123586,1402.271,4.171,52.653,42.875,52.875
decoder,6,active,../Instances/aNpMP/pmed5.txt,100,33,1234,1979,8,117405.000000,3.711,16.281,1993199,747.263,4.105,97.688,42.750,58.500
decoder,8,active,../Instances/aNpMP/pmed32.txt,700,10,1234,953,8,67115.000000,5.453,11.623,947083,616.886,4.091,93.118,42.875,64.625
decoder,4,active,../Instances/aNpMP/pmed17.txt,400,10,1234,1731,8,53504.000000,2.803,18.135,1719404,798.740,4.093,72.570,42.875,62.000
decoder,12,active,../Instances/aNpMP/pmed40.txt,900,90,1234,76,8,775798.000000,6.360,6.441,84207,395.090,4.109,77.414,42.875,64.000
decoder,0,default,../Instances/aNpMP/pmed23.txt,500,50,1234,246,8,325222.000000,55.891,56.112,255365,1504.417,4.170,56.164,42.750,53.000
decoder,0,default,../Instances/aNpMP/pmed32.txt,700,10,1234,953,8,67115.000000,26.424,56.413,947083,1565.571,4.171,56.540,42.875,57.000
decoder,2,active,../Instances/aNpMP/pmed20.txt,400,133,1234,109,8,905518.000000,25.702,26.850,123586,854.154,4.174,53.733,42.875,54.000
decoder,2,active,../Instances/aNpMP/pmed11.txt,300,5,1234,6020,8,17749.000000,0.148,36.200,5948757,1313.406,3.951,72.402,42.875,61.375
decoder,8,active,../Instances/aNpMP/pmed3.txt,100,10,1234,8063,8,43354.000000,0.248,37.293,8005511,1608.557,4.072,298.182,42.875,60.500
decoder,2,active,../Instances/aNpMP/pmed9.txt,200,40,1234,791,8,198237.000000,18.708,29.711,804254,947.622,4.141,59.423,42.875,55.375
decoder,6,active,../Instances/aNpMP/pmed2.txt,100,10,1234,7878,8,39421.000000,10.615,29.851,7823093,1321.095,4.051,179.102,42.875,59.125
decoder,6,active,../Instances/aNpMP/pmed4.txt,100,20,1234,3256,8,95489.000000,11.255,19.331,3247925,881.108,4.086,115.985,42.875,59.125
decoder,0,default,../Instances/aNpMP/pmed24.txt,500,100,1234,119,8,692253.000000,48.526,53.376,131964,1429.530,4.179,53.431,42.875,53.125
decoder,4,active,../Instances/aNpMP/pmed19.txt,400,80,1234,192,8,494003.000000,14.317,14.615,205753,603.528,4.166,58.492,42.875,59.000
decoder,4,active,../Instances/aNpMP/pmed29.txt,600,120,1234,86,8,860281.000000,14.457,14.621,97868,610.208,4.173,58.575,42.875,59.750
decoder,4,active,../Instances/aNpMP/pmed21.txt,500,5,1234,3280,8,21646.000000,0.175,22.433,3241637,1022.608,4.058,89.786,42.875,63.125
decoder,0,default,../Instances/aNpMP/pmed8.txt,200,20,1234,1601,8,101029.000000,5.999,54.752,1598045,1470.644,4.164,54.743,42.875,54.250
decoder,2,active,../Instances/aNpMP/pmed3.txt,100,10,1234,8063,8,43354.000000,0.286,39.673,8005511,1296.423,3.910,79.329,42.875,57.875
decoder,12,active,../Instances/aNpMP/pmed10.txt,200,67,1234,491,8,266370.000000,9.368,9.368,514301,482.065,4.115,112.222,42.875,61.875
decoder,6,active,../Instances/aNpMP/pmed39.txt,900,10,1234,707,8,66233.000000,10.801,10.970,702891,601.733,4.106,66.069,42.875,62.250
decoder,4,active,../Instances/aNpMP/pmed27.txt,600,10,1234,1147,8,57828.000000,1.337,16.060,1139277,740.424,4.095,64.325,42.875,63.000
decoder,8,active,../Instances/aNpMP/pmed15.txt,300,100,1234,200,8,558328.000000,9.082,9.216,219499,453.659,4.123,73.738,42.875,62.125
decoder,0,default,../Instances/aNpMP/pmed13.txt,300,30,1234,708,8,149739.000000,26.435,56.539,715138,1524.921,4.175,56.551,42.875,53.750
decoder,4,active,../Instances/aNpMP/pmed7.txt,200,10,1234,4098,8,45052.000000,18.735,24.123,4069590,1013.555,4.059,96.495,42.875,61.375
decoder,8,active,../Instances/aNpMP/pmed31.txt,700,5,1234,2143,8,23386.000000,0.690,15.190,2118281,782.355,4.066,121.647,42.875,65.125
decoder,2,active,../Instances/aNpMP/pmed5.txt,100,33,1234,1979,8,117405.000000,7.129,31.116,1993199,996.450,4.074,62.218,42.875,55.125
decoder,1,default,../Instances/aNpMP/pmed21.txt,500,5,1234,3280,8,21646.000000,0.498,62.133,3241637,1796.698,4.078,62.184,42.875,61.750
decoder,12,active,../Instances/aNpMP/pmed18.txt,400,40,1234,375,8,244328.000000,7.456,7.759,384192,414.709,4.115,92.986,42.875,62.125
decoder,8,active,../Instances/aNpMP/pmed28.txt,600,60,1234,167,8,384219.000000,8.995,9.046,177084,471.236,4.120,72.460,42.875,62.625
decoder,6,active,../Instances/aNpMP/pmed23.txt,500,50,1234,246,8,325222.000000,10.663,10.705,255365,529.010,4.145,64.287,42.875,59.125
decoder,0,default,../Instances/aNpMP/pmed4.txt,100,20,1234,3256,8,95489.000000,33.377,57.127,3247925,1535.991,4.174,57.121,42.875,53.875
decoder,1,default,../Instances/aNpMP/pmed34.txt,700,140,1234,62,8,1047633.000000,54.267,55.140,72307,1475.854,4.172,55.263,42.875,53.000
decoder,6,active,../Instances/aNpMP/pmed28.txt,600,60,1234,167,8,384219.000000,10.117,10.175,177084,506.158,4.140,61.133,42.875,59.375
decoder,2,active,../Instances/aNpMP/pmed14.txt,300,60,1234,353,8,349693.000000,29.529,29.529,369988,941.365,4.158,59.066,42.750,54.250
decoder,0,default,../Instances/aNpMP/pmed25.txt,500,167,1234,70,8,1148756.000000,35.887,52.898,82563,1411.032,4.176,52.949,42.875,52.875
decoder,8,active,../Instances/aNpMP/pmed17.txt,400,10,1234,1731,8,53504.000000,2.216,14.522,1719404,732.333,4.080,116.006,42.875,62.875
decoder,0,default,../Instances/aNpMP/pmed9.txt,200,40,1234,791,8,198237.000000,35.093,55.928,804254,1494.736,4.177,55.927,42.875,53.375
decoder,12,active,../Instances/aNpMP/pmed28.txt,600,60,1234,167,8,384219.000000,6.723,6.761,177084,381.313,4.116,81.097,42.875,62.625
decoder,8,active,../Instances/aNpMP/pmed9.txt,200,40,1234,791,8,198237.000000,7.385,11.712,804254,570.781,4.109,93.645,42.875,61.625
decoder,0,default,../Instances/aNpMP/pmed37.txt,800,80,1234,99,8,676372.000000,56.208,56.208,107894,1506.975,4.177,56.378,42.875,53.250
decoder,0,default,../Instances/aNpMP/pmed11.txt,300,5,1234,6020,8,17749.000000,0.243,58.529,5948757,1676.360,4.176,58.540,42.875,62.000
decoder,6,active,../Instances/aNpMP/pmed16.txt,400,5,1234,4063,8,18964.000000,0.359,20.564,4015241,979.985,4.063,123.414,42.875,61.250
decoder,6,active,../Instances/aNpMP/pmed26.txt,600,5,1234,2534,8,22734.000000,0.227,15.595,2504589,804.109,4.055,93.651,42.875,62.500
decoder,1,default,../Instances/aNpMP/pmed11.txt,300,5,1234,6020,8,17749.000000,0.262,63.562,5948757,1817.083,3.999,63.557,42.875,62.125
decoder,2,active,../Instances/aNpMP/pmed36.txt,800,10,1234,833,8,70897.000000,15.955,30.054,828249,1099.582,4.125,60.283,42.875,58.875
decoder,8,active,../Instances/aNpMP/pmed21.txt,500,5,1234,3280,8,21646.000000,0.151,20.354,3241637,993.073,4.069,162.835,42.875,63.500
decoder,6,active,../Instances/aNpMP/pmed10.txt,200,67,1234,491,8,266370.000000,12.277,12.278,514301,576.660,4.138,73.667,42.875,59.500
decoder,1,default,../Instances/aNpMP/pmed13.txt,300,30,1234,708,8,149739.000000,26.733,57.170,715138,1538.797,4.154,57.182,42.875,54.000
decoder,0,default,../Instances/aNpMP/pmed1.txt,100,5,1234,18964,8,15008.000000,0.083,56.625,18737429,1599.971,4.170,56.617,42.875,62.125
decoder,8,active,../Instances/aNpMP/pmed23.txt,500,50,1234,246,8,325222.000000,9.598,9.636,255365,487.644,4.118,77.136,42.875,62.625
decoder,1,default,../Instances/aNpMP/pmed35.txt,800,5,1234,1815,8,23810.000000,4.692,59.199,1794217,1662.754,4.112,59.373,43.000,60.375
decoder,12,active,../Instances/aNpMP/pmed4.txt,100,20,1234,3256,8,95489.000000,12.152,20.936,3247925,949.326,4.113,250.868,42.875,59.625
decoder,0,default,../Instances/aNpMP/pmed10.txt,200,67,1234,491,8,266370.000000,55.211,55.211,514301,1464.238,4.174,55.210,42.875,53.375
decoder,6,active,../Instances/aNpMP/pmed40.txt,900,90,1234,76,8,775798.000000,9.771,9.897,84207,509.907,4.139,59.616,42.875,60.125
decoder,1,default,../Instances/aNpMP/pmed29.txt,600,120,1234,86,8,860281.000000,55.160,55.785,97868,1483.161,4.171,55.871,42.875,53.000
decoder,0,default,../Instances/aNpMP/pmed14.txt,300,60,1234,353,8,349693.000000,56.977,56.977,369988,1514.634,4.173,56.986,42.875,53.125
decoder,1,default,../Instances/aNpMP/pmed9.txt,200,40,1234,791,8,198237.000000,35.526,56.595,804254,1505.996,4.149,56.594,42.875,53.375
decoder,0,default,../Instances/aNpMP/pmed36.txt,800,10,1234,833,8,70897.000000,30.368,57.213,828249,1579.759,4.160,57.379,42.875,57.375
decoder,8,active,../Instances/aNpMP/pmed6.txt,200,5,1234,8951,8,19103.000000,0.154,38.333,8844585,1682.263,4.057,306.605,42.875,61.875
decoder,2,active,../Instances/aNpMP/pmed19.txt,400,80,1234,192,8,494003.000000,27.277,27.842,205753,890.221,4.163,55.709,42.875,55.500
decoder,2,active,../Instances/aNpMP/pmed18.txt,400,40,1234,375,8,244328.000000,27.382,28.499,384192,921.937,4.147,57.017,42.875,55.500
decoder,12,active,../Instances/aNpMP/pmed24.txt,500,100,1234,119,8,692253.000000,5.930,6.523,131964,360.947,4.118,78.242,42.875,62.875
decoder,12,active,../Instances/aNpMP/pmed20.txt,400,133,1234,109,8,905518.000000,6.295,6.578,123586,359.484,4.121,78.841,42.875,62.250
decoder,4,active,../Instances/aNpMP/pmed22.txt,500,10,1234,1298,8,62699.000000,3.747,16.121,1289649,740.946,4.092,64.534,42.875,62.375
decoder,1,default,../Instances/aNpMP/pmed26.txt,600,5,1234,2534,8,22734.000000,0.863,58.725,2504589,1695.928,4.093,58.804,42.875,62.000
decoder,12,active,../Instances/aNpMP/pmed17.txt,400,10,1234,1731,8,53504.000000,2.032,13.174,1719404,678.060,4.094,157.874,43.000,62.500
decoder,4,active,../Instances/aNpMP/pmed18.txt,400,40,1234,375,8,244328.000000,14.531,15.126,384192,628.392,4.147,60.530,42.875,60.125
decoder,2,active,../Instances/aNpMP/pmed6.txt,200,5,1234,8951,8,19103.000000,0.174,39.765,8844585,1395.677,3.901,79.527,42.875,61.000
decoder,8,active,../Instances/aNpMP/pmed36.txt,800,10,1234,833,8,70897.000000,5.947,11.182,828249,602.882,4.086,89.638,42.875,65.625
decoder,4,active,../Instances/aNpMP/pmed34.txt,700,140,1234,62,8,1047633.000000,14.250,14.481,72307,609.303,4.169,58.054,42.875,60.500
decoder,8,active,../Instances/aNpMP/pmed33.txt,700,70,1234,114,8,519852.000000,7.802,8.299,123045,433.748,4.120,66.523,42.875,63.125
decoder,2,active,../Instances/aNpMP/pmed29.txt,600,120,1234,86,8,860281.000000,28.058,28.378,97868,909.290,4.162,56.834,42.875,54.750
decoder,1,default,../Instances/aNpMP/pmed10.txt,200,67,1234,491,8,266370.000000,55.851,55.851,514301,1483.711,4.158,55.849,42.875,53.375
decoder,4,active,../Instances/aNpMP/pmed11.txt,300,5,1234,6020,8,17749.000000,0.111,27.385,5948757,1151.994,4.014,109.542,42.875,62.750
decoder,4,active,../Instances/aNpMP/pmed24.txt,500,100,1234,119,8,692253.000000,12.994,14.298,131964,593.171,4.158,57.245,42.875,60.000
decoder,8,active,../Instances/aNpMP/pmed27.txt,600,10,1234,1147,8,57828.000000,0.988,12.082,1139277,631.673,4.085,96.739,42.875,64.625
decoder,2,active,../Instances/aNpMP/pmed16.txt,400,5,1234,4063,8,18964.000000,0.584,32.706,4015241,1199.775,4.017,65.443,42.875,62.375
decoder,4,active,../Instances/aNpMP/pmed10.txt,200,67,1234,491,8,266370.000000,16.270,16.270,514301,666.839,4.161,65.084,42.875,60.000
decoder,12,active,../Instances/aNpMP/pmed13.txt,300,30,1234,708,8,149739.000000,4.509,9.658,715138,487.220,4.109,115.708,42.875,62.000
decoder,4,active,../Instances/aNpMP/pmed35.txt,800,5,1234,1815,8,23810.000000,1.387,17.546,1794217,826.391,4.081,70.368,42.875,64.875
decoder,8,active,../Instances/aNpMP/pmed38.txt,900,5,1234,1591,8,25560.000000,1.134,13.943,1572905,728.423,4.072,111.762,42.875,65.625
decoder,8,active,../Instances/aNpMP/pmed26.txt,600,5,1234,2534,8,22734.000000,0.229,16.139,2504589,815.774,4.059,129.127,42.875,64.875
decoder,12,active,../Instances/aNpMP/pmed29.txt,600,120,1234,86,8,860281.000000,6.598,6.673,97868,381.097,4.113,80.041,42.875,63.500
decoder,0,default,../Instances/aNpMP/pmed27.txt,600,10,1234,1147,8,57828.000000,4.474,54.091,1139277,1510.621,4.169,54.172,42.875,58.500
decoder,0,default,../Instances/aNpMP/pmed38.txt,900,5,1234,1591,8,25560.000000,4.459,56.593,1572905,1622.469,4.171,56.831,42.875,61.875
decoder,8,active,../Instances/aNpMP/pmed1.txt,100,5,1234,18964,8,15008.000000,0.093,71.988,18737429,3010.113,4.050,575.735,42.875,61.875
decoder,4,active,../Instances/aNpMP/pmed12.txt,300,10,1234,2439,8,53140.000000,0.370,19.946,2421807,846.067,4.069,79.788,42.875,62.750
decoder,2,active,../Instances/aNpMP/pmed13.txt,300,30,1234,708,8,149739.000000,13.924,29.675,715138,951.636,4.135,59.362,42.875,56.125
decoder,0,default,../Instances/aNpMP/pmed30.txt,600,200,1234,47,8,1602075.000000,52.629,53.760,58534,1428.640,4.161,53.834,42.875,53.500
decoder,6,active,../Instances/aNpMP/pmed6.txt,200,5,1234,8951,8,19103.000000,0.141,33.859,8844585,1509.974,4.039,203.147,42.875,60.375
decoder,1,default,../Instances/aNpMP/pmed39.txt,900,10,1234,707,8,66233.000000,54.713,55.582,702891,1542.022,4.146,55.819,42.875,58.000
decoder,2,active,../Instances/aNpMP/pmed2.txt,100,10,1234,7878,8,39421.000000,13.628,37.665,7823093,1236.075,3.917,75.325,43.000,59.000
decoder,12,active,../Instances/aNpMP/pmed25.txt,500,167,1234,70,8,1148756.000000,4.306,6.315,82563,350.601,4.119,75.761,42.875,63.250
decoder,1,default,../Instances/aNpMP/pmed38.txt,900,5,1234,1591,8,25560.000000,4.614,58.625,1572905,1661.289,4.121,58.863,42.875,61.500
decoder,4,active,../Instances/aNpMP/pmed8.txt,200,20,1234,1601,8,101029.000000,2.025,18.666,1598045,782.165,4.110,74.661,42.875,60.250
decoder,2,active,../Instances/aNpMP/pmed4.txt,100,20,1234,3256,8,95489.000000,19.172,32.746,3247925,1048.711,4.042,65.481,42.875,56.500
decoder,0,default,../Instances/aNpMP/pmed6.txt,200,5,1234,8951,8,19103.000000,0.257,58.509,8844585,1646.630,4.173,58.509,42.875,62.000
decoder,4,active,../Instances/aNpMP/pmed6.txt,200,5,1234,8951,8,19103.000000,0.142,34.232,8844585,1413.460,3.997,136.928,42.875,61.875
decoder,2,active,../Instances/aNpMP/pmed21.txt,500,5,1234,3280,8,21646.000000,0.266,33.149,3241637,1233.548,4.036,66.350,42.875,63.125
decoder,4,active,../Instances/aNpMP/pmed3.txt,100,10,1234,8063,8,43354.000000,0.242,35.654,8005511,1351.361,4.036,142.607,42.875,60.500
decoder,1,default,../Instances/aNpMP/pmed24.txt,500,100,1234,119,8,692253.000000,48.501,53.347,131964,1428.574,4.167,53.397,42.875,53.750
decoder,0,default,../Instances/aNpMP/pmed2.txt,100,10,1234,7878,8,39421.000000,20.354,56.325,7823093,1534.811,4.167,56.315,42.875,57.625
decoder,0,default,../Instances/aNpMP/pmed31.txt,700,5,1234,2143,8,23386.000000,2.671,58.598,2118281,1681.578,4.168,58.720,42.875,61.875
decoder,4,active,../Instances/aNpMP/pmed38.txt,900,5,1234,1591,8,25560.000000,1.359,17.127,1572905,811.059,4.073,68.742,42.875,65.250
decoder,1,default,../Instances/aNpMP/pmed6.txt,200,5,1234,8951,8,19103.000000,0.286,65.395,8844585,1828.301,3.953,65.392,42.875,61.375
decoder,12,active,../Instances/aNpMP/pmed33.txt,700,70,1234,114,8,519852.000000,5.804,6.173,123045,363.206,4.112,74.081,42.875,63.250
decoder,2,active,../Instances/aNpMP/pmed39.txt,900,10,1234,707,8,66233.000000,27.644,28.081,702891,1025.115,4.141,56.406,42.875,59.125
decoder,2,active,../Instances/aNpMP/pmed33.txt,700,70,1234,114,8,519852.000000,24.271,25.820,123045,840.545,4.173,51.773,43.000,55.250
decoder,0,default,../Instances/aNpMP/pmed39.txt,900,10,1234,707,8,66233.000000,52.837,53.675,702891,1492.456,4.175,53.915,42.875,57.625
decoder,12,active,../Instances/aNpMP/pmed22.txt,500,10,1234,1298,8,62699.000000,2.576,11.130,1289649,581.508,4.095,133.393,42.875,62.750
decoder,4,active,../Instances/aNpMP/pmed31.txt,700,5,1234,2143,8,23386.000000,0.878,19.049,2118281,888.113,4.069,76.325,42.875,64.875
decoder,6,active,../Instances/aNpMP/pmed35.txt,800,5,1234,1815,8,23810.000000,1.096,13.927,1794217,744.986,4.074,83.752,42.875,63.625
decoder,1,default,../Instances/aNpMP/pmed3.txt,100,10,1234,8063,8,43354.000000,0.478,64.736,8005511,1763.879,3.978,64.729,42.875,57.625
decoder,8,active,../Instances/aNpMP/pmed34.txt,700,140,1234,62,8,1047633.000000,8.764,8.905,72307,465.843,4.123,71.370,42.875,63.375
decoder,12,active,../Instances/aNpMP/pmed37.txt,800,80,1234,99,8,676372.000000,6.609,6.609,107894,392.744,4.114,79.432,42.875,64.000
decoder,0,default,../Instances/aNpMP/pmed16.txt,400,5,1234,4063,8,18964.000000,1.018,56.656,4015241,1643.516,4.171,56.682,42.875,62.375
decoder,1,default,../Instances/aNpMP/pmed36.txt,800,10,1234,833,8,70897.000000,31.218,58.898,828249,1633.939,4.147,59.074,42.875,57.625
decoder,8,active,../Instances/aNpMP/pmed8.txt,200,20,1234,1601,8,101029.000000,1.516,14.295,1598045,666.715,4.092,114.350,42.875,62.125
decoder,1,default,../Instances/aNpMP/pmed18.txt,400,40,1234,375,8,244328.000000,53.206,55.400,384192,1490.476,4.158,55.425,42.875,54.125
decoder,4,active,../Instances/aNpMP/pmed20.txt,400,133,1234,109,8,905518.000000,13.359,13.956,123586,573.030,4.174,55.855,43.000,59.750
decoder,0,default,../Instances/aNpMP/pmed26.txt,600,5,1234,2534,8,22734.000000,0.836,56.404,2504589,1636.443,4.167,56.485,42.875,62.250
decoder,6,active,../Instances/aNpMP/pmed7.txt,200,10,1234,4098,8,45052.000000,16.235,20.891,4069590,971.043,4.063,125.347,42.875,60.875
decoder,8,active,../Instances/aNpMP/pmed20.txt,400,133,1234,109,8,905518.000000,8.337,8.711,123586,429.396,4.123,69.702,43.000,62.750
decoder,6,active,../Instances/aNpMP/pmed25.txt,500,167,1234,70,8,1148756.000000,6.629,9.771,82563,483.489,4.146,58.678,42.875,59.625
decoder,0,default,../Instances/aNpMP/pmed18.txt,400,40,1234,375,8,244328.000000,52.831,55.006,384192,1481.669,4.166,55.027,42.875,54.000
decoder,12,active,../Instances/aNpMP/pmed8.txt,200,20,1234,1601,8,101029.000000,1.413,13.397,1598045,669.694,4.105,160.531,42.875,61.125
decoder,12,active,../Instances/aNpMP/pmed30.txt,600,200,1234,47,8,1602075.000000,6.148,6.282,58534,339.439,4.116,75.350,42.875,63.250
decoder,6,active,../Instances/aNpMP/pmed37.txt,800,80,1234,99,8,676372.000000,10.287,10.288,107894,525.352,4.140,61.902,42.875,60.250
decoder,2,active,../Instances/aNpMP/pmed31.txt,700,5,1234,2143,8,23386.000000,1.445,30.847,2118281,1152.005,4.070,61.823,42.875,62.750
decoder,12,active,../Instances/aNpMP/pmed35.txt,800,5,1234,1815,8,23810.000000,1.058,13.725,1794217,722.704,4.084,164.600,42.875,63.875
decoder,12,active,../Instances/aNpMP/pmed31.txt,700,5,1234,2143,8,23386.000000,0.640,14.630,2118281,780.065,4.082,175.443,43.000,63.625
decoder,4,active,../Instances/aNpMP/pmed33.txt,700,70,1234,114,8,519852.000000,12.589,13.395,123045,576.222,4.158,53.712,42.875,60.750
decoder,4,active,../Instances/aNpMP/pmed30.txt,600,200,1234,47,8,1602075.000000,13.734,14.031,58534,583.656,4.173,56.214,42.875,60.250
decoder,6,active,../Instances/aNpMP/pmed20.txt,400,133,1234,109,8,905518.000000,9.340,9.758,123586,481.855,4.153,58.579,42.875,59.625
decoder,2,active,../Instances/aNpMP/pmed1.txt,100,5,1234,18964,8,15008.000000,0.070,50.425,18737429,1670.611,3.722,100.842,42.875,61.000
decoder,2,active,../Instances/aNpMP/pmed35.txt,800,5,1234,1815,8,23810.000000,2.347,29.379,1794217,1100.640,4.069,58.928,42.875,62.875
decoder,1,default,../Instances/aNpMP/pmed5.txt,100,33,1234,1979,8,117405.000000,12.921,56.602,1993199,1513.948,4.123,56.598,42.875,54.625
decoder,6,active,../Instances/aNpMP/pmed11.txt,300,5,1234,6020,8,17749.000000,0.102,25.553,5948757,1182.539,4.042,153.330,42.875,61.625
decoder,12,active,../Instances/aNpMP/pmed14.txt,300,60,1234,353,8,349693.000000,8.201,8.201,369988,418.566,4.115,98.281,42.875,62.750
decoder,8,active,../Instances/aNpMP/pmed29.txt,600,120,1234,86,8,860281.000000,8.995,9.097,97868,468.495,4.122,72.856,42.875,63.250
decoder,4,active,../Instances/aNpMP/pmed1.txt,100,5,1234,18964,8,15008.000000,0.073,55.333,18737429,2070.510,3.961,221.308,42.875,60.375
decoder,6,active,../Instances/aNpMP/pmed30.txt,600,200,1234,47,8,1602075.000000,9.455,9.659,58534,482.340,4.141,58.039,42.875,60.750
decoder,1,default,../Instances/aNpMP/pmed19.txt,400,80,1234,192,8,494003.000000,53.475,54.581,205753,1456.937,4.152,54.598,42.875,54.125
decoder,6,active,../Instances/aNpMP/pmed18.txt,400,40,1234,375,8,244328.000000,10.388,10.812,384192,527.628,4.134,64.902,42.875,60.250
decoder,12,active,../Instances/aNpMP/pmed21.txt,500,5,1234,3280,8,21646.000000,0.153,20.167,3241637,995.841,4.085,241.685,42.875,62.625
decoder,1,default,../Instances/aNpMP/pmed14.txt,300,60,1234,353,8,349693.000000,57.657,57.657,369988,1541.708,4.150,57.659,42.875,54.375
decoder,0,default,../Instances/aNpMP/pmed34.txt,700,140,1234,62,8,1047633.000000,54.356,55.229,72307,1476.268,4.169,55.356,42.875,54.125
decoder,2,active,../Instances/aNpMP/pmed23.txt,500,50,1234,246,8,325222.000000,29.136,29.251,255365,948.723,4.138,58.545,42.875,55.625
decoder,12,active,../Instances/aNpMP/pmed1.txt,100,5,1234,18964,8,15008.000000,0.103,79.496,18737429,3354.193,4.082,952.710,42.875,61.750
decoder,4,active,../Instances/aNpMP/pmed26.txt,600,5,1234,2534,8,22734.000000,0.282,18.851,2504589,875.746,4.053,75.501,42.875,65.375
decoder,2,active,../Instances/aNpMP/pmed8.txt,200,20,1234,1601,8,101029.000000,3.276,30.062,1598045,974.049,4.111,60.129,43.000,57.375
decoder,0,default,../Instances/aNpMP/pmed3.txt,100,10,1234,8063,8,43354.000000,0.439,59.667,8005511,1626.210,4.174,59.664,42.875,58.375
decoder,0,default,../Instances/aNpMP/pmed35.txt,800,5,1234,1815,8,23810.000000,4.490,56.510,1794217,1627.553,4.174,56.690,42.875,62.625
decoder,2,active,../Instances/aNpMP/pmed28.txt,600,60,1234,167,8,384219.000000,27.631,27.790,177084,905.496,4.163,55.668,43.000,56.250
decoder,12,active,../Instances/aNpMP/pmed6.txt,200,5,1234,8951,8,19103.000000,0.172,42.912,8844585,1939.660,4.087,514.125,42.875,61.625
decoder,2,active,../Instances/aNpMP/pmed15.txt,300,100,1234,200,8,558328.000000,26.842,27.234,219499,870.891,4.161,54.479,42.875,55.625
decoder,12,active,../Instances/aNpMP/pmed3.txt,100,10,1234,8063,8,43354.000000,0.262,39.752,8005511,1757.909,4.092,476.249,42.875,61.000
decoder,12,active,../Instances/aNpMP/pmed26.txt,600,5,1234,2534,8,22734.000000,0.226,16.044,2504589,817.412,4.078,192.337,43.000,63.625
decoder,0,default,../Instances/aNpMP/pmed20.txt,400,133,1234,109,8,905518.000000,50.562,52.820,123586,1409.451,4.171,52.847,43.000,54.125
decoder,12,active,../Instances/aNpMP/pmed36.txt,800,10,1234,833,8,70897.000000,4.847,9.171,828249,518.126,4.086,110.141,42.875,65.000
decoder,1,default,../Instances/aNpMP/pmed15.txt,300,100,1234,200,8,558328.000000,52.492,53.259,219499,1420.763,4.144,53.256,43.000,54.000
decoder,1,default,../Instances/aNpMP/pmed23.txt,500,50,1234,246,8,325222.000000,56.183,56.406,255365,1516.979,4.162,56.457,42.875,54.500
decoder,4,active,../Instances/aNpMP/pmed5.txt,100,33,1234,1979,8,117405.000000,4.513,19.908,1993199,793.456,4.112,79.633,43.000,60.000
decoder,2,active,../Instances/aNpMP/pmed32.txt,700,10,1234,953,8,67115.000000,14.005,29.756,947083,1092.548,4.109,59.633,42.875,60.000
decoder,12,active,../Instances/aNpMP/pmed38.txt,900,5,1234,1591,8,25560.000000,1.002,12.804,1572905,682.847,4.080,153.645,42.875,64.500
decoder,8,active,../Instances/aNpMP/pmed4.txt,100,20,1234,3256,8,95489.000000,11.396,19.733,3247925,893.986,4.077,157.751,42.875,61.375
decoder,1,default,../Instances/aNpMP/pmed27.txt,600,10,1234,1147,8,57828.000000,4.608,56.018,1139277,1568.577,4.137,56.106,42.875,59.250
decoder,12,active,../Instances/aNpMP/pmed23.txt,500,50,1234,246,8,325222.000000,7.373,7.402,255365,388.720,4.110,88.749,42.875,63.375
decoder,1,default,../Instances/aNpMP/pmed28.txt,600,60,1234,167,8,384219.000000,54.161,54.473,177084,1464.787,4.159,54.553,42.875,54.250
decoder,8,active,../Instances/aNpMP/pmed11.txt,300,5,1234,6020,8,17749.000000,0.107,27.666,5948757,1274.514,4.052,221.333,42.875,63.375
decoder,2,active,../Instances/aNpMP/pmed38.txt,900,5,1234,1591,8,25560.000000,2.343,29.053,1572905,1091.419,4.079,58.349,43.000,63.250
decoder,12,active,../Instances/aNpMP/pmed2.txt,100,10,1234,7878,8,39421.000000,14.138,39.804,7823093,1780.443,4.093,476.854,42.875,61.125
decoder,6,active,../Instances/aNpMP/pmed24.txt,500,100,1234,119,8,692253.000000,8.934,9.830,131964,486.365,4.139,59.039,42.875,60.750
decoder,12,active,../Instances/aNpMP/pmed34.txt,700,140,1234,62,8,1047633.000000,6.417,6.521,72307,377.887,4.109,78.271,42.875,64.000
decoder,0,default,../Instances/aNpMP/pmed21.txt,500,5,1234,3280,8,21646.000000,0.466,58.916,3241637,1728.021,4.164,58.962,42.875,63.250
decoder,8,active,../Instances/aNpMP/pmed12.txt,300,10,1234,2439,8,53140.000000,0.295,16.921,2421807,808.624,4.071,135.212,42.875,63.250
decoder,8,active,../Instances/aNpMP/pmed7.txt,200,10,1234,4098,8,45052.000000,17.586,22.649,4069590,1044.098,4.066,181.185,42.875,63.000
decoder,6,active,../Instances/aNpMP/pmed21.txt,500,5,1234,3280,8,21646.000000,0.140,18.287,3241637,916.397,4.056,109.781,43.000,62.750
decoder,6,active,../Instances/aNpMP/pmed34.txt,700,140,1234,62,8,1047633.000000,9.928,10.086,72307,504.941,4.133,60.648,43.000,60.750
decoder,0,default,../Instances/aNpMP/pmed5.txt,100,33,1234,1979,8,117405.000000,12.642,55.434,1993199,1481.476,4.179,55.431,43.000,55.000
decoder,2,active,../Instances/aNpMP/pmed40.txt,900,90,1234,76,8,775798.000000,27.474,27.823,84207,907.683,4.164,55.877,42.875,55.875
decoder,1,default,../Instances/aNpMP/pmed12.txt,300,10,1234,2439,8,53140.000000,1.114,60.439,2421807,1667.867,4.095,60.444,42.875,58.375
decoder,4,active,../Instances/aNpMP/pmed40.txt,900,90,1234,76,8,775798.000000,14.257,14.438,84207,626.728,4.151,57.990,42.875,61.500
decoder,0,default,../Instances/aNpMP/pmed29.txt,600,120,1234,86,8,860281.000000,55.019,55.643,97868,1488.390,4.176,55.730,42.875,54.125
decoder,4,active,../Instances/aNpMP/pmed14.txt,300,60,1234,353,8,349693.000000,15.937,15.937,369988,656.916,4.153,63.760,42.875,60.375
decoder,1,default,../Instances/aNpMP/pmed4.txt,100,20,1234,3256,9,95489.000000,34.322,58.767,3247925,1571.822,4.093,58.765,41.125,55.000
decoder,2,active,../Instances/aNpMP/pmed17.txt,400,10,1234,1731,9,53504.000000,4.674,30.227,1719404,1079.781,4.080,60.469,44.125,59.625
decoder,4,active,../Instances/aNpMP/pmed15.txt,300,100,1234,200,9,558328.000000,14.274,14.484,219499,595.714,4.162,57.953,44.125,60.625
decoder,2,active,../Instances/aNpMP/pmed10.txt,200,67,1234,491,9,266370.000000,29.117,29.117,514301,928.474,4.159,58.239,44.125,56.000
decoder,2,active,../Instances/aNpMP/pmed28.txt,600,60,1234,167,9,384219.000000,27.891,28.053,177084,912.751,4.147,56.179,44.125,56.250
decoder,2,active,../Instances/aNpMP/pmed35.txt,800,5,1234,1815,9,23810.000000,2.361,29.393,1794217,1103.580,4.052,58.952,44.125,63.625
decoder,4,active,../Instances/aNpMP/pmed3.txt,100,10,1234,8063,9,43354.000000,0.229,33.027,8005511,1293.863,4.017,132.107,44.125,61.625
decoder,8,active,../Instances/aNpMP/pmed21.txt,500,5,1234,3280,9,21646.000000,0.152,20.464,3241637,989.971,4.058,163.757,44.125,64.750
decoder,2,active,../Instances/aNpMP/pmed18.txt,400,40,1234,375,9,244328.000000,27.573,28.708,384192,930.662,4.131,57.428,44.125,57.000
decoder,6,active,../Instances/aNpMP/pmed38.txt,900,5,1234,1591,9,25560.000000,1.082,13.602,1572905,726.835,4.067,81.864,44.125,64.625
decoder,12,active,../Instances/aNpMP/pmed38.txt,900,5,1234,1591,9,25560.000000,0.995,12.801,1572905,696.470,4.074,153.604,44.125,65.125
decoder,12,active,../Instances/aNpMP/pmed14.txt,300,60,1234,353,9,349693.000000,8.245,8.245,369988,417.860,4.109,98.794,44.125,63.375
decoder,12,active,../Instances/aNpMP/pmed23.txt,500,50,1234,246,9,325222.000000,7.387,7.416,255365,388.876,4.107,88.905,44.125,63.875
decoder,12,active,../Instances/aNpMP/pmed12.txt,300,10,1234,2439,9,53140.000000,0.291,16.864,2421807,827.769,4.092,202.031,44.125,62.250
decoder,8,active,../Instances/aNpMP/pmed10.txt,200,67,1234,491,9,266370.000000,11.087,11.088,514301,528.923,4.110,88.681,44.125,63.250
decoder,4,active,../Instances/aNpMP/pmed4.txt,100,20,1234,3256,9,95489.000000,13.134,22.485,3247925,902.301,4.072,89.924,44.125,61.000
decoder,1,default,../Instances/aNpMP/pmed17.txt,400,10,1234,1731,9,53504.000000,9.211,59.010,1719404,1649.448,4.112,59.028,44.125,59.125
decoder,12,active,../Instances/aNpMP/pmed21.txt,500,5,1234,3280,9,21646.000000,0.147,20.196,3241637,997.623,4.082,242.028,44.125,63.125
decoder,8,active,../Instances/aNpMP/pmed12.txt,300,10,1234,2439,9,53140.000000,0.307,17.416,2421807,828.307,4.069,139.324,44.125,64.125
decoder,4,active,../Instances/aNpMP/pmed36.txt,800,10,1234,833,9,70897.000000,8.612,16.265,828249,757.118,4.101,65.231,44.125,64.625
decoder,8,active,../Instances/aNpMP/pmed3.txt,100,10,1234,8063,9,43354.000000,0.240,35.662,8005511,1535.967,4.059,285.270,44.125,62.125
decoder,12,active,../Instances/aNpMP/pmed28.txt,600,60,1234,167,9,384219.000000,6.768,6.809,177084,383.316,4.097,81.644,44.250,64.875
decoder,12,active,../Instances/aNpMP/pmed8.txt,200,20,1234,1601,9,101029.000000,1.403,13.264,1598045,658.159,4.097,158.924,44.125,62.125
decoder,0,default,../Instances/aNpMP/pmed22.txt,500,10,1234,1298,9,62699.000000,12.804,55.003,1289649,1536.857,4.168,55.048,44.125,59.000
decoder,4,active,../Instances/aNpMP/pmed22.txt,500,10,1234,1298,9,62699.000000,3.803,16.309,1289649,742.570,4.098,65.291,44.125,63.875
decoder,8,active,../Instances/aNpMP/pmed31.txt,700,5,1234,2143,9,23386.000000,0.697,15.659,2118281,799.279,4.052,125.236,44.125,66.000
decoder,1,default,../Instances/aNpMP/pmed22.txt,500,10,1234,1298,9,62699.000000,13.132,57.066,1289649,1597.045,4.116,57.107,44.125,59.125
decoder,8,active,../Instances/aNpMP/pmed15.txt,300,100,1234,200,9,558328.000000,9.101,9.235,219499,447.083,4.117,73.894,44.250,63.625
decoder,2,active,../Instances/aNpMP/pmed31.txt,700,5,1234,2143,9,23386.000000,1.437,30.787,2118281,1155.733,4.070,61.704,44.125,63.750
decoder,1,default,../Instances/aNpMP/pmed20.txt,400,133,1234,109,9,905518.000000,50.319,52.568,123586,1408.427,4.173,52.596,44.125,54.500
decoder,8,active,../Instances/aNpMP/pmed25.txt,500,167,1234,70,9,1148756.000000,5.847,8.622,82563,434.567,4.120,69.031,44.125,64.000
decoder,12,active,../Instances/aNpMP/pmed25.txt,500,167,1234,70,9,1148756.000000,4.343,6.412,82563,349.546,4.111,76.877,44.125,63.750
decoder,2,active,../Instances/aNpMP/pmed22.txt,500,10,1234,1298,9,62699.000000,6.809,29.045,1289649,1057.422,4.098,58.135,44.125,60.125
decoder,0,default,../Instances/aNpMP/pmed37.txt,800,80,1234,99,9,676372.000000,56.434,56.434,107894,1519.104,4.171,56.604,44.125,55.000
decoder,8,active,../Instances/aNpMP/pmed33.txt,700,70,1234,114,9,519852.000000,7.804,8.302,123045,435.191,4.115,66.547,44.125,64.125
decoder,1,default,../Instances/aNpMP/pmed12.txt,300,10,1234,2439,9,53140.000000,1.128,60.444,2421807,1675.360,4.099,60.452,44.125,58.875
decoder,0,default,../Instances/aNpMP/pmed36.txt,800,10,1234,833,9,70897.000000,30.195,56.998,828249,1591.664,4.171,57.171,44.125,58.750
decoder,6,active,../Instances/aNpMP/pmed22.txt,500,10,1234,1298,9,62699.000000,2.968,12.964,1289649,658.700,4.079,77.835,44.125,62.375
decoder,2,active,../Instances/aNpMP/pmed20.txt,400,133,1234,109,9,905518.000000,25.710,26.854,123586,860.345,4.164,53.736,44.125,56.250
decoder,4,active,../Instances/aNpMP/pmed6.txt,200,5,1234,8951,9,19103.000000,0.150,36.836,8844585,1509.301,3.999,147.328,44.125,62.625
decoder,12,active,../Instances/aNpMP/pmed39.txt,900,10,1234,707,9,66233.000000,8.495,8.629,702891,483.823,4.076,103.612,44.125,66.000
decoder,2,active,../Instances/aNpMP/pmed3.txt,100,10,1234,8063,9,43354.000000,0.287,39.451,8005511,1304.059,3.912,78.885,44.125,60.125
decoder,6,active,../Instances/aNpMP/pmed16.txt,400,5,1234,4063,9,18964.000000,0.342,19.794,4015241,966.169,4.035,118.790,44.250,63.125
decoder,8,active,../Instances/aNpMP/pmed6.txt,200,5,1234,8951,9,19103.000000,0.148,36.683,8844585,1648.195,4.037,293.451,44.125,63.750
decoder,0,default,../Instances/aNpMP/pmed15.txt,300,100,1234,200,9,558328.000000,51.895,52.654,219499,1411.994,4.165,52.661,44.250,55.250
decoder,1,default,../Instances/aNpMP/pmed10.txt,200,67,1234,491,9,266370.000000,55.944,55.945,514301,1499.997,4.148,55.938,44.250,55.125
decoder,0,default,../Instances/aNpMP/pmed29.txt,600,120,1234,86,9,860281.000000,54.990,55.618,97868,1494.563,4.160,55.694,44.125,54.750
decoder,1,default,../Instances/aNpMP/pmed37.txt,800,80,1234,99,9,676372.000000,56.396,56.396,107894,1533.134,4.166,56.569,44.125,55.000
decoder,2,active,../Instances/aNpMP/pmed21.txt,500,5,1234,3280,9,21646.000000,0.265,33.047,3241637,1235.301,4.025,66.144,44.125,63.875
decoder,6,active,../Instances/aNpMP/pmed12.txt,300,10,1234,2439,9,53140.000000,0.307,16.888,2421807,814.275,4.068,101.331,44.125,62.125
decoder,6,active,../Instances/aNpMP/pmed39.txt,900,10,1234,707,9,66233.000000,10.763,10.932,702891,599.969,4.094,65.840,44.125,64.000
decoder,1,default,../Instances/aNpMP/pmed19.txt,400,80,1234,192,9,494003.000000,53.547,54.656,205753,1472.112,4.161,54.681,44.125,54.875
decoder,8,active,../Instances/aNpMP/pmed34.txt,700,140,1234,62,9,1047633.000000,8.801,8.945,72307,462.731,4.116,71.686,44.125,64.375
decoder,0,default,../Instances/aNpMP/pmed4.txt,100,20,1234,3256,9,95489.000000,33.116,56.605,3247925,1542.490,4.169,56.594,44.125,56.125
decoder,0,default,../Instances/aNpMP/pmed19.txt,400,80,1234,192,9,494003.000000,53.308,54.414,205753,1470.382,4.173,54.439,44.250,54.750
decoder,8,active,../Instances/aNpMP/pmed39.txt,900,10,1234,707,9,66233.000000,10.284,10.446,702891,564.741,4.081,83.803,44.125,66.500
decoder,4,active,../Instances/aNpMP/pmed32.txt,700,10,1234,953,9,67115.000000,7.568,16.138,947083,750.217,4.103,64.681,44.125,64.500
decoder,6,active,../Instances/aNpMP/pmed40.txt,900,90,1234,76,9,775798.000000,9.757,9.882,84207,521.791,4.132,59.533,44.125,61.875
decoder,4,active,../Instances/aNpMP/pmed25.txt,500,167,1234,70,9,1148756.000000,9.613,14.193,82563,588.893,4.146,56.819,44.125,61.000
decoder,4,active,../Instances/aNpMP/pmed21.txt,500,5,1234,3280,9,21646.000000,0.176,22.565,3241637,1023.318,4.049,90.310,44.125,64.875
decoder,2,active,../Instances/aNpMP/pmed12.txt,300,10,1234,2439,9,53140.000000,0.593,31.357,2421807,1095.091,4.071,62.724,44.125,60.750
decoder,8,active,../Instances/aNpMP/pmed28.txt,600,60,1234,167,9,384219.000000,9.032,9.085,177084,475.379,4.109,72.762,44.125,64.500
decoder,2,active,../Instances/aNpMP/pmed40.txt,900,90,1234,76,9,775798.000000,27.564,27.914,84207,915.591,4.164,56.061,44.125,56.875
decoder,4,active,../Instances/aNpMP/pmed17.txt,400,10,1234,1731,9,53504.000000,2.725,17.437,1719404,778.400,4.091,69.784,44.125,63.875
decoder,8,active,../Instances/aNpMP/pmed24.txt,500,100,1234,119,9,692253.000000,7.973,8.772,131964,443.654,4.115,70.227,44.125,64.250
decoder,12,active,../Instances/aNpMP/pmed24.txt,500,100,1234,119,9,692253.000000,6.002,6.604,131964,367.980,4.110,79.167,44.125,63.875
decoder,12,active,../Instances/aNpMP/pmed22.txt,500,10,1234,1298,9,62699.000000,2.598,11.185,1289649,601.627,4.091,134.085,44.125,63.500
decoder,2,active,../Instances/aNpMP/pmed26.txt,600,5,1234,2534,9,22734.000000,0.467,30.305,2504589,1141.593,4.040,60.695,44.125,64.125
decoder,2,active,../Instances/aNpMP/pmed15.txt,300,100,1234,200,9,558328.000000,26.657,27.048,219499,872.726,4.170,54.112,44.125,56.375
decoder,8,active,../Instances/aNpMP/pmed38.txt,900,5,1234,1591,9,25560.000000,1.084,13.932,1572905,720.903,4.061,111.631,44.125,66.875
decoder,4,active,../Instances/aNpMP/pmed16.txt,400,5,1234,4063,9,18964.000000,0.387,22.128,4015241,982.375,4.027,88.541,44.125,65.000
decoder,1,default,../Instances/aNpMP/pmed13.txt,300,30,1234,708,9,149739.000000,26.735,57.175,715138,1559.761,4.154,57.187,44.125,56.000
decoder,1,default,../Instances/aNpMP/pmed31.txt,700,5,1234,2143,9,23386.000000,2.788,61.530,2118281,1810.558,4.106,61.657,44.250,63.000
decoder,12,active,../Instances/aNpMP/pmed37.txt,800,80,1234,99,9,676372.000000,6.774,6.774,107894,390.659,4.099,81.325,44.125,65.500
decoder,1,default,../Instances/aNpMP/pmed6.txt,200,5,1234,8951,9,19103.000000,0.281,64.160,8844585,1822.768,3.957,64.164,44.125,63.250
decoder,2,active,../Instances/aNpMP/pmed34.txt,700,140,1234,62,9,1047633.000000,27.757,28.207,72307,917.403,4.160,56.535,44.125,56.625
decoder,8,active,../Instances/aNpMP/pmed16.txt,400,5,1234,4063,9,18964.000000,0.356,21.206,4015241,999.683,4.043,169.513,44.125,64.875
decoder,12,active,../Instances/aNpMP/pmed34.txt,700,140,1234,62,9,1047633.000000,6.458,6.562,72307,377.749,4.100,78.751,44.125,65.125
decoder,4,active,../Instances/aNpMP/pmed40.txt,900,90,1234,76,9,775798.000000,14.143,14.324,84207,633.977,4.153,57.539,44.125,62.250
decoder,2,active,../Instances/aNpMP/pmed6.txt,200,5,1234,8951,9,19103.000000,0.174,40.553,8844585,1429.895,3.887,81.090,44.125,62.500
decoder,6,active,../Instances/aNpMP/pmed13.txt,300,30,1234,708,9,149739.000000,5.758,12.270,715138,598.217,4.114,73.635,44.125,61.625
decoder,2,active,../Instances/aNpMP/pmed19.txt,400,80,1234,192,9,494003.000000,27.231,27.795,205753,895.101,4.164,55.620,44.125,56.750
decoder,8,active,../Instances/aNpMP/pmed4.txt,100,20,1234,3256,9,95489.000000,11.446,19.581,3247925,890.827,4.073,156.634,44.125,62.375
decoder,12,active,../Instances/aNpMP/pmed13.txt,300,30,1234,708,9,149739.000000,4.483,9.627,715138,504.911,4.101,115.359,44.125,63.375
decoder,0,default,../Instances/aNpMP/pmed35.txt,800,5,1234,1815,9,23810.000000,4.557,56.818,1794217,1672.258,4.165,56.993,44.125,63.625
decoder,2,active,../Instances/aNpMP/pmed36.txt,800,10,1234,833,9,70897.000000,15.887,29.969,828249,1112.757,4.129,60.118,44.125,62.000
decoder,0,default,../Instances/aNpMP/pmed21.txt,500,5,1234,3280,9,21646.000000,0.467,58.833,3241637,1797.830,4.173,58.886,44.125,64.625
decoder,1,default,../Instances/aNpMP/pmed39.txt,900,10,1234,707,9,66233.000000,54.716,55.586,702891,1555.933,4.143,55.821,44.125,59.250
decoder,4,active,../Instances/aNpMP/pmed2.txt,100,10,1234,7878,9,39421.000000,11.239,31.663,7823093,1257.529,4.010,126.650,44.125,61.625
decoder,0,default,../Instances/aNpMP/pmed20.txt,400,133,1234,109,9,905518.000000,50.520,52.777,123586,1422.857,4.175,52.805,44.125,55.125
decoder,8,active,../Instances/aNpMP/pmed36.txt,800,10,1234,833,9,70897.000000,5.992,11.280,828249,606.265,4.077,90.411,44.125,66.625
decoder,1,default,../Instances/aNpMP/pmed23.txt,500,50,1234,246,9,325222.000000,56.358,56.581,255365,1535.499,4.153,56.625,44.125,55.125
decoder,1,default,../Instances/aNpMP/pmed24.txt,500,100,1234,119,9,692253.000000,48.648,53.512,131964,1442.911,4.173,53.566,44.125,55.000
decoder,8,active,../Instances/aNpMP/pmed32.txt,700,10,1234,953,9,67115.000000,5.327,11.442,947083,610.618,4.072,91.591,44.125,66.125
decoder,12,active,../Instances/aNpMP/pmed30.txt,600,200,1234,47,9,1602075.000000,6.208,6.342,58534,361.535,4.105,76.083,44.125,64.375
decoder,8,active,../Instances/aNpMP/pmed27.txt,600,10,1234,1147,9,57828.000000,0.988,12.075,1139277,636.026,4.077,96.689,44.250,65.625
decoder,1,default,../Instances/aNpMP/pmed35.txt,800,5,1234,1815,9,23810.000000,4.664,58.851,1794217,1725.763,4.118,59.030,44.125,63.375
decoder,0,default,../Instances/aNpMP/pmed2.txt,100,10,1234,7878,9,39421.000000,20.212,56.266,7823093,1541.364,4.173,56.261,44.125,59.625
decoder,0,default,../Instances/aNpMP/pmed26.txt,600,5,1234,2534,9,22734.000000,0.827,56.082,2504589,1673.325,4.170,56.165,44.125,63.875
decoder,0,default,../Instances/aNpMP/pmed12.txt,300,10,1234,2439,9,53140.000000,1.086,57.932,2421807,1612.469,4.174,57.939,44.125,59.500
decoder,1,default,../Instances/aNpMP/pmed33.txt,700,70,1234,114,9,519852.000000,47.621,50.661,123045,1367.394,4.171,50.786,44.125,55.250
decoder,1,default,../Instances/aNpMP/pmed16.txt,400,5,1234,4063,9,18964.000000,1.080,60.328,4015241,1761.722,4.058,60.353,44.125,63.750
decoder,6,active,../Instances/aNpMP/pmed20.txt,400,133,1234,109,9,905518.000000,9.430,9.847,123586,482.611,4.131,59.111,44.125,60.875
decoder,6,active,../Instances/aNpMP/pmed31.txt,700,5,1234,2143,9,23386.000000,0.704,15.430,2118281,803.510,4.062,92.707,44.125,64.250
decoder,1,default,../Instances/aNpMP/pmed5.txt,100,33,1234,1979,9,117405.000000,12.897,56.624,1993199,1523.086,4.103,56.607,44.125,56.000
decoder,4,active,../Instances/aNpMP/pmed8.txt,200,20,1234,1601,9,101029.000000,2.014,18.636,1598045,777.344,4.094,74.535,44.125,61.625
decoder,6,active,../Instances/aNpMP/pmed19.txt,400,80,1234,192,9,494003.000000,10.048,10.257,205753,502.641,4.133,61.571,44.125,61.125
decoder,1,default,../Instances/aNpMP/pmed38.txt,900,5,1234,1591,9,25560.000000,4.652,58.997,1572905,1703.975,4.101,59.219,44.125,63.250
decoder,0,default,../Instances/aNpMP/pmed31.txt,700,5,1234,2143,9,23386.000000,2.697,59.392,2118281,1769.872,4.166,59.511,44.125,63.750
decoder,1,default,../Instances/aNpMP/pmed1.txt,100,5,1234,18964,9,15008.000000,0.097,68.175,18737429,1947.262,3.740,68.167,44.125,64.250
decoder,0,default,../Instances/aNpMP/pmed6.txt,200,5,1234,8951,9,19103.000000,0.263,59.818,8844585,1701.523,4.171,59.814,44.125,63.625
decoder,6,active,../Instances/aNpMP/pmed2.txt,100,10,1234,7878,9,39421.000000,11.051,31.053,7823093,1362.231,4.043,186.311,44.125,61.250
decoder,4,active,../Instances/aNpMP/pmed33.txt,700,70,1234,114,9,519852.000000,12.609,13.414,123045,583.937,4.151,53.788,44.125,62.375
decoder,6,active,../Instances/aNpMP/pmed30.txt,600,200,1234,47,9,1602075.000000,9.459,9.664,58534,480.556,4.136,58.073,44.125,61.375
decoder,12,active,../Instances/aNpMP/pmed40.txt,900,90,1234,76,9,775798.000000,6.417,6.501,84207,392.333,4.097,78.124,44.125,65.500
decoder,0,default,../Instances/aNpMP/pmed32.txt,700,10,1234,953,9,67115.000000,26.296,56.176,947083,1565.373,4.174,56.302,44.250,59.375
decoder,12,active,../Instances/aNpMP/pmed4.txt,100,20,1234,3256,9,95489.000000,11.810,20.263,3247925,922.632,4.094,242.765,44.125,61.750
decoder,4,active,../Instances/aNpMP/pmed9.txt,200,40,1234,791,9,198237.000000,10.565,16.788,804254,700.096,4.130,67.155,44.125,61.750
decoder,8,active,../Instances/aNpMP/pmed26.txt,600,5,1234,2534,9,22734.000000,0.236,16.420,2504589,815.787,4.045,131.220,44.125,66.125
decoder,8,active,../Instances/aNpMP/pmed11.txt,300,5,1234,6020,9,17749.000000,0.114,30.618,5948757,1399.268,4.042,244.560,44.125,64.125
decoder,0,default,../Instances/aNpMP/pmed11.txt,300,5,1234,6020,9,17749.000000,0.245,58.671,5948757,1730.393,4.172,58.680,44.125,65.000
decoder,4,active,../Instances/aNpMP/pmed11.txt,300,5,1234,6020,9,17749.000000,0.116,28.940,5948757,1216.000,4.022,115.774,44.125,64.125
decoder,6,active,../Instances/aNpMP/pmed8.txt,200,20,1234,1601,9,101029.000000,1.583,14.521,1598045,677.668,4.090,87.131,44.125,61.750
decoder,0,default,../Instances/aNpMP/pmed28.txt,600,60,1234,167,9,384219.000000,53.906,54.217,177084,1459.665,4.173,54.301,44.125,55.750
decoder,8,active,../Instances/aNpMP/pmed8.txt,200,20,1234,1601,9,101029.000000,1.484,14.031,1598045,659.299,4.084,112.176,44.125,63.250
decoder,2,active,../Instances/aNpMP/pmed16.txt,400,5,1234,4063,9,18964.000000,0.583,32.745,4015241,1213.249,3.987,65.514,44.125,64.000
decoder,12,active,../Instances/aNpMP/pmed18.txt,400,40,1234,375,9,244328.000000,7.497,7.802,384192,402.513,4.102,93.514,44.125,64.000
decoder,12,active,../Instances/aNpMP/pmed32.txt,700,10,1234,953,9,67115.000000,4.550,9.692,947083,535.104,4.080,116.299,44.125,65.500
decoder,12,active,../Instances/aNpMP/pmed15.txt,300,100,1234,200,9,558328.000000,7.122,7.226,219499,385.245,4.109,86.576,44.125,63.500
decoder,0,default,../Instances/aNpMP/pmed38.txt,900,5,1234,1591,9,25560.000000,4.518,57.322,1572905,1659.913,4.173,57.560,44.125,63.375
decoder,6,active,../Instances/aNpMP/pmed34.txt,700,140,1234,62,9,1047633.000000,9.829,9.987,72307,500.706,4.130,60.056,44.250,61.875
decoder,2,active,../Instances/aNpMP/pmed8.txt,200,20,1234,1601,9,101029.000000,3.282,30.064,1598045,976.295,4.116,60.134,44.125,58.125
decoder,4,active,../Instances/aNpMP/pmed5.txt,100,33,1234,1979,9,117405.000000,4.568,20.050,1993199,807.753,4.091,80.194,44.125,61.125
decoder,12,active,../Instances/aNpMP/pmed11.txt,300,5,1234,6020,9,17749.000000,0.130,31.316,5948757,1438.930,4.075,375.180,44.125,62.875
decoder,6,active,../Instances/aNpMP/pmed26.txt,600,5,1234,2534,9,22734.000000,0.239,16.352,2504589,830.517,4.049,98.199,44.125,64.000
decoder,4,active,../Instances/aNpMP/pmed14.txt,300,60,1234,353,9,349693.000000,16.138,16.138,369988,667.321,4.133,64.560,44.125,61.625
decoder,1,default,../Instances/aNpMP/pmed29.txt,600,120,1234,86,9,860281.000000,55.183,55.809,97868,1492.756,4.169,55.893,44.125,55.500
decoder,12,active,../Instances/aNpMP/pmed20.txt,400,133,1234,109,9,905518.000000,6.346,6.627,123586,352.152,4.107,79.394,44.125,64.125
decoder,8,active,../Instances/aNpMP/pmed19.txt,400,80,1234,192,9,494003.000000,8.939,9.124,205753,453.625,4.113,73.021,44.125,64.000
decoder,8,active,../Instances/aNpMP/pmed40.txt,900,90,1234,76,9,775798.000000,8.748,8.860,84207,471.283,4.108,71.117,44.125,65.250
decoder,1,default,../Instances/aNpMP/pmed3.txt,100,10,1234,8063,9,43354.000000,0.470,64.758,8005511,1768.372,3.972,64.746,44.125,59.625
decoder,0,default,../Instances/aNpMP/pmed23.txt,500,50,1234,246,9,325222.000000,56.065,56.286,255365,1521.143,4.155,56.326,44.125,55.625
decoder,12,active,../Instances/aNpMP/pmed9.txt,200,40,1234,791,9,198237.000000,6.564,10.498,804254,524.887,4.103,125.660,44.125,63.000
decoder,4,active,../Instances/aNpMP/pmed39.txt,900,10,1234,707,9,66233.000000,14.825,15.061,702891,704.012,4.097,60.479,44.125,64.750
decoder,8,active,../Instances/aNpMP/pmed13.txt,300,30,1234,708,9,149739.000000,5.371,11.493,715138,564.775,4.099,91.949,44.125,64.000
decoder,2,active,../Instances/aNpMP/pmed14.txt,300,60,1234,353,9,349693.000000,29.513,29.513,369988,948.150,4.160,59.040,44.125,56.750
decoder,6,active,../Instances/aNpMP/pmed24.txt,500,100,1234,119,9,692253.000000,8.967,9.874,131964,487.309,4.130,59.302,44.125,61.125
decoder,1,default,../Instances/aNpMP/pmed40.txt,900,90,1234,76,9,775798.000000,54.296,54.988,84207,1488.010,4.167,55.223,44.125,55.500
decoder,12,active,../Instances/aNpMP/pmed17.txt,400,10,1234,1731,9,53504.000000,2.016,13.024,1719404,657.393,4.085,156.089,44.125,63.750
decoder,4,active,../Instances/aNpMP/pmed34.txt,700,140,1234,62,9,1047633.000000,14.301,14.531,72307,617.176,4.150,58.253,44.125,62.125
decoder,6,active,../Instances/aNpMP/pmed23.txt,500,50,1234,246,9,325222.000000,10.742,10.784,255365,534.908,4.121,64.760,44.125,61.500
decoder,4,active,../Instances/aNpMP/pmed31.txt,700,5,1234,2143,9,23386.000000,0.868,18.851,2118281,879.665,4.061,75.538,44.125,66.375
decoder,6,active,../Instances/aNpMP/pmed27.txt,600,10,1234,1147,9,57828.000000,1.022,12.366,1139277,649.430,4.087,74.290,44.125,63.625
decoder,1,default,../Instances/aNpMP/pmed25.txt,500,167,1234,70,9,1148756.000000,35.949,52.973,82563,1429.761,4.175,53.027,44.125,55.250
decoder,6,active,../Instances/aNpMP/pmed18.txt,400,40,1234,375,9,244328.000000,10.394,10.816,384192,534.772,4.123,64.925,44.125,61.375
decoder,4,active,../Instances/aNpMP/pmed10.txt,200,67,1234,491,9,266370.000000,16.401,16.401,514301,685.340,4.140,65.606,44.125,61.375
decoder,8,active,../Instances/aNpMP/pmed14.txt,300,60,1234,353,9,349693.000000,10.650,10.650,369988,527.390,4.104,85.075,44.125,63.625
decoder,2,active,../Instances/aNpMP/pmed27.txt,600,10,1234,1147,9,57828.000000,2.423,29.074,1139277,1073.780,4.089,58.219,44.125,61.875
decoder,6,active,../Instances/aNpMP/pmed29.txt,600,120,1234,86,9,860281.000000,10.060,10.174,97868,506.633,4.133,61.133,44.125,61.625
decoder,6,active,../Instances/aNpMP/pmed25.txt,500,167,1234,70,9,1148756.000000,6.642,9.790,82563,483.582,4.134,58.798,44.125,61.125
decoder,12,active,../Instances/aNpMP/pmed29.txt,600,120,1234,86,9,860281.000000,6.620,6.700,97868,381.585,4.103,80.356,44.125,64.625
decoder,2,active,../Instances/aNpMP/pmed24.txt,500,100,1234,119,9,692253.000000,24.941,27.448,131964,883.428,4.157,54.943,44.125,56.375
decoder,2,active,../Instances/aNpMP/pmed11.txt,300,5,1234,6020,9,17749.000000,0.146,36.024,5948757,1327.724,3.944,72.053,44.125,63.875
decoder,12,active,../Instances/aNpMP/pmed2.txt,100,10,1234,7878,9,39421.000000,14.090,39.713,7823093,1786.990,4.086,475.813,44.125,62.125
decoder,6,active,../Instances/aNpMP/pmed4.txt,100,20,1234,3256,9,95489.000000,11.587,19.796,3247925,899.370,4.076,118.774,44.125,61.375
decoder,12,active,../Instances/aNpMP/pmed27.txt,600,10,1234,1147,9,57828.000000,0.863,10.671,1139277,567.575,4.076,127.947,44.125,65.125
decoder,0,default,../Instances/aNpMP/pmed39.txt,900,10,1234,707,9,66233.000000,52.909,53.746,702891,1506.146,4.163,53.978,44.125,59.875
decoder,12,active,../Instances/aNpMP/pmed1.txt,100,5,1234,18964,9,15008.000000,0.111,80.491,18737429,3451.700,4.068,964.347,44.125,62.750
decoder,12,active,../Instances/aNpMP/pmed6.txt,200,5,1234,8951,9,19103.000000,0.172,43.192,8844585,1965.469,4.075,517.305,44.125,62.625
decoder,1,default,../Instances/aNpMP/pmed26.txt,600,5,1234,2534,9,22734.000000,0.861,58.771,2504589,1763.571,4.095,58.854,44.250,64.375
decoder,0,default,../Instances/aNpMP/pmed8.txt,200,20,1234,1601,9,101029.000000,6.042,55.795,1598045,1517.934,4.166,55.790,44.125,56.750
decoder,8,active,../Instances/aNpMP/pmed1.txt,100,5,1234,18964,9,15008.000000,0.086,66.801,18737429,2800.251,4.030,534.067,44.125,62.875
decoder,8,active,../Instances/aNpMP/pmed18.txt,400,40,1234,375,9,244328.000000,9.330,9.712,384192,485.502,4.100,77.723,44.125,64.875
decoder,8,active,../Instances/aNpMP/pmed5.txt,100,33,1234,1979,9,117405.000000,3.686,16.160,1993199,745.756,4.087,129.275,44.125,62.750
decoder,2,active,../Instances/aNpMP/pmed30.txt,600,200,1234,47,9,1602075.000000,26.588,27.166,58534,880.000,4.172,54.417,44.125,57.000
decoder,2,active,../Instances/aNpMP/pmed1.txt,100,5,1234,18964,9,15008.000000,0.071,51.038,18737429,1756.325,3.696,102.035,44.125,62.500
decoder,4,active,../Instances/aNpMP/pmed20.txt,400,133,1234,109,9,905518.000000,13.575,14.183,123586,598.660,4.141,56.760,44.125,61.500
decoder,2,active,../Instances/aNpMP/pmed13.txt,300,30,1234,708,9,149739.000000,13.897,29.626,715138,971.173,4.148,59.269,44.125,57.875
decoder,6,active,../Instances/aNpMP/pmed37.txt,800,80,1234,99,9,676372.000000,10.382,10.382,107894,538.923,4.120,62.468,44.125,62.000
decoder,0,default,../Instances/aNpMP/pmed10.txt,200,67,1234,491,9,266370.000000,55.223,55.223,514301,1480.302,4.174,55.222,44.125,55.375
decoder,0,default,../Instances/aNpMP/pmed30.txt,600,200,1234,47,9,1602075.000000,52.513,53.657,58534,1437.783,4.170,53.738,44.125,54.875
decoder,1,default,../Instances/aNpMP/pmed34.txt,700,140,1234,62,9,1047633.000000,54.612,55.489,72307,1492.018,4.158,55.607,44.125,55.000
decoder,1,default,../Instances/aNpMP/pmed27.txt,600,10,1234,1147,9,57828.000000,4.654,56.282,1139277,1590.402,4.136,56.369,44.125,61.125
decoder,2,active,../Instances/aNpMP/pmed2.txt,100,10,1234,7878,9,39421.000000,13.687,37.823,7823093,1251.785,3.905,75.632,44.125,60.750
decoder,6,active,../Instances/aNpMP/pmed11.txt,300,5,1234,6020,9,17749.000000,0.107,27.042,5948757,1252.433,4.039,162.268,44.125,62.625
decoder,1,default,../Instances/aNpMP/pmed9.txt,200,40,1234,791,9,198237.000000,35.574,56.671,804254,1526.955,4.147,56.670,44.125,55.875
decoder,12,active,../Instances/aNpMP/pmed10.txt,200,67,1234,491,9,266370.000000,9.434,9.434,514301,482.113,4.108,113.001,44.125,63.375
decoder,6,active,../Instances/aNpMP/pmed10.txt,200,67,1234,491,9,266370.000000,12.321,12.321,514301,577.719,4.119,73.928,44.125,60.750
decoder,8,active,../Instances/aNpMP/pmed17.txt,400,10,1234,1731,9,53504.000000,2.112,13.641,1719404,685.067,4.066,109.152,44.125,65.375
decoder,6,active,../Instances/aNpMP/pmed15.txt,300,100,1234,200,9,558328.000000,10.176,10.329,219499,499.027,4.131,61.989,44.125,60.875
decoder,6,active,../Instances/aNpMP/pmed14.txt,300,60,1234,353,9,349693.000000,11.447,11.448,369988,550.228,4.129,68.702,44.125,61.125
decoder,4,active,../Instances/aNpMP/pmed24.txt,500,100,1234,119,9,692253.000000,12.902,14.192,131964,595.383,4.155,56.827,44.125,61.500
decoder,6,active,../Instances/aNpMP/pmed6.txt,200,5,1234,8951,9,19103.000000,0.137,33.210,8844585,1512.181,4.025,199.251,44.125,61.750
decoder,8,active,../Instances/aNpMP/pmed7.txt,200,10,1234,4098,9,45052.000000,17.802,23.048,4069590,1067.247,4.056,184.329,44.125,63.875
decoder,1,default,../Instances/aNpMP/pmed32.txt,700,10,1234,953,9,67115.000000,27.335,58.259,947083,1640.612,4.130,58.378,44.125,60.750
decoder,4,active,../Instances/aNpMP/pmed38.txt,900,5,1234,1591,9,25560.000000,1.371,17.329,1572905,816.013,4.063,69.555,44.125,66.625
decoder,0,default,../Instances/aNpMP/pmed5.txt,100,33,1234,1979,9,117405.000000,12.677,55.572,1993199,1502.090,4.169,55.563,44.125,56.000
decoder,2,active,../Instances/aNpMP/pmed23.txt,500,50,1234,246,9,325222.000000,28.884,29.001,255365,951.678,4.156,58.052,44.250,57.000
decoder,0,default,../Instances/aNpMP/pmed24.txt,500,100,1234,119,9,692253.000000,48.449,53.282,131964,1439.436,4.166,53.329,44.125,55.250
decoder,8,active,../Instances/aNpMP/pmed9.txt,200,40,1234,791,9,198237.000000,7.316,11.646,804254,563.460,4.101,93.169,44.125,63.500
decoder,4,active,../Instances/aNpMP/pmed19.txt,400,80,1234,192,9,494003.000000,14.516,14.817,205753,618.104,4.141,59.293,44.125,61.250
decoder,6,active,../Instances/aNpMP/pmed36.txt,800,10,1234,833,9,70897.000000,6.215,11.663,828249,632.333,4.083,70.154,44.250,63.875
decoder,1,default,../Instances/aNpMP/pmed8.txt,200,20,1234,1601,9,101029.000000,6.080,56.069,1598045,1528.639,4.132,56.072,44.125,56.625
decoder,1,default,../Instances/aNpMP/pmed2.txt,100,10,1234,7878,9,39421.000000,21.852,60.805,7823093,1679.896,3.968,60.797,44.125,60.000
decoder,1,default,../Instances/aNpMP/pmed36.txt,800,10,1234,833,9,70897.000000,31.081,58.780,828249,1645.539,4.142,58.952,44.125,59.250
decoder,2,active,../Instances/aNpMP/pmed7.txt,200,10,1234,4098,9,45052.000000,27.006,34.828,4069590,1170.483,4.013,69.645,44.125,60.750
decoder,8,active,../Instances/aNpMP/pmed30.txt,600,200,1234,47,9,1602075.000000,8.401,8.583,58534,438.408,4.114,68.753,44.125,64.625
decoder,1,default,../Instances/aNpMP/pmed14.txt,300,60,1234,353,9,349693.000000,57.433,57.434,369988,1548.454,4.153,57.438,44.125,55.750
decoder,0,default,../Instances/aNpMP/pmed25.txt,500,167,1234,70,9,1148756.000000,36.107,53.176,82563,1429.848,4.171,53.226,44.125,55.000
decoder,8,active,../Instances/aNpMP/pmed35.txt,800,5,1234,1815,9,23810.000000,1.079,13.826,1794217,722.828,4.055,110.793,44.125,67.000
decoder,0,default,../Instances/aNpMP/pmed40.txt,900,90,1234,76,9,775798.000000,54.117,54.808,84207,1489.759,4.177,55.047,44.125,55.500
decoder,8,active,../Instances/aNpMP/pmed29.txt,600,120,1234,86,9,860281.000000,9.015,9.117,97868,467.308,4.114,73.004,44.125,64.500
decoder,0,default,../Instances/aNpMP/pmed9.txt,200,40,1234,791,9,198237.000000,35.211,56.158,804254,1514.227,4.173,56.158,44.125,55.375
decoder,6,active,../Instances/aNpMP/pmed28.txt,600,60,1234,167,9,384219.000000,10.093,10.150,177084,508.229,4.122,60.989,44.125,61.375
decoder,8,active,../Instances/aNpMP/pmed22.txt,500,10,1234,1298,9,62699.000000,2.972,12.722,1289649,652.448,4.071,101.671,44.125,65.125
decoder,0,default,../Instances/aNpMP/pmed18.txt,400,40,1234,375,9,244328.000000,52.973,55.151,384192,1499.198,4.158,55.169,44.125,55.750
decoder,12,active,../Instances/aNpMP/pmed31.txt,700,5,1234,2143,9,23386.000000,0.663,14.834,2118281,782.025,4.071,177.778,44.125,64.625
decoder,8,active,../Instances/aNpMP/pmed23.txt,500,50,1234,246,9,325222.000000,9.614,9.652,255365,489.637,4.108,77.275,44.125,64.500
decoder,6,active,../Instances/aNpMP/pmed33.txt,700,70,1234,114,9,519852.000000,8.713,9.270,123045,469.707,4.131,55.748,44.125,61.375
decoder,2,active,../Instances/aNpMP/pmed5.txt,100,33,1234,1979,9,117405.000000,7.076,30.815,1993199,994.727,4.098,61.629,44.125,57.625
decoder,4,active,../Instances/aNpMP/pmed12.txt,300,10,1234,2439,9,53140.000000,0.366,19.820,2421807,843.336,4.075,79.296,44.125,63.500
decoder,2,active,../Instances/aNpMP/pmed37.txt,800,80,1234,99,9,676372.000000,28.777,28.777,107894,948.419,4.157,57.720,44.125,57.375
decoder,12,active,../Instances/aNpMP/pmed26.txt,600,5,1234,2534,9,22734.000000,0.227,16.213,2504589,835.266,4.071,194.326,44.125,64.125
decoder,0,default,../Instances/aNpMP/pmed33.txt,700,70,1234,114,9,519852.000000,47.424,50.453,123045,1369.529,4.175,50.582,44.125,55.750
decoder,6,active,../Instances/aNpMP/pmed21.txt,500,5,1234,3280,9,21646.000000,0.143,18.402,3241637,931.120,4.050,110.470,44.125,63.750
decoder,6,active,../Instances/aNpMP/pmed17.txt,400,10,1234,1731,9,53504.000000,2.139,13.639,1719404,690.931,4.078,81.866,44.125,63.250
decoder,4,active,../Instances/aNpMP/pmed13.txt,300,30,1234,708,9,149739.000000,7.830,16.591,715138,695.700,4.129,66.378,44.125,62.125
decoder,4,active,../Instances/aNpMP/pmed27.txt,600,10,1234,1147,9,57828.000000,1.357,16.380,1139277,760.316,4.095,65.609,44.125,64.750
decoder,0,default,../Instances/aNpMP/pmed14.txt,300,60,1234,353,9,349693.000000,57.219,57.219,369988,1547.866,4.170,57.227,44.125,55.375
decoder,1,default,../Instances/aNpMP/pmed11.txt,300,5,1234,6020,9,17749.000000,0.262,63.268,5948757,1863.763,4.018,63.281,44.125,64.500
decoder,4,active,../Instances/aNpMP/pmed7.txt,200,10,1234,4098,9,45052.000000,18.719,24.169,4069590,1016.495,4.046,96.678,44.250,63.125
decoder,4,active,../Instances/aNpMP/pmed30.txt,600,200,1234,47,9,1602075.000000,13.846,14.143,58534,588.991,4.151,56.658,44.125,61.875
decoder,4,active,../Instances/aNpMP/pmed28.txt,600,60,1234,167,9,384219.000000,14.473,14.556,177084,630.477,4.150,58.316,44.250,61.875
decoder,1,default,../Instances/aNpMP/pmed21.txt,500,5,1234,3280,9,21646.000000,0.498,62.402,3241637,1882.160,4.075,62.450,44.125,64.250
decoder,0,default,../Instances/aNpMP/pmed34.txt,700,140,1234,62,9,1047633.000000,54.298,55.173,72307,1489.618,4.177,55.302,44.125,55.375
decoder,2,active,../Instances/aNpMP/pmed4.txt,100,20,1234,3256,9,95489.000000,19.249,32.888,3247925,1068.945,4.046,65.767,44.125,58.000
decoder,6,active,../Instances/aNpMP/pmed1.txt,100,5,1234,18964,9,15008.000000,0.077,60.023,18737429,2529.289,4.019,360.120,44.125,61.125
decoder,0,default,../Instances/aNpMP/pmed17.txt,400,10,1234,1731,9,53504.000000,8.803,56.552,1719404,1596.151,4.165,56.575,44.125,61.250
decoder,8,active,../Instances/aNpMP/pmed2.txt,100,10,1234,7878,9,39421.000000,11.734,32.936,7823093,1436.756,4.047,263.476,44.125,62.750
decoder,4,active,../Instances/aNpMP/pmed29.txt,600,120,1234,86,9,860281.000000,14.754,14.922,97868,627.971,4.139,59.772,44.125,62.125
decoder,0,default,../Instances/aNpMP/pmed27.txt,600,10,1234,1147,9,57828.000000,4.503,54.262,1139277,1540.045,4.169,54.347,44.125,61.375
decoder,8,active,../Instances/aNpMP/pmed20.txt,400,133,1234,109,9,905518.000000,8.343,8.715,123586,433.519,4.116,69.753,44.125,63.875
decoder,0,default,../Instances/aNpMP/pmed3.txt,100,10,1234,8063,9,43354.000000,0.445,59.665,8005511,1638.139,4.172,59.660,44.125,59.125
decoder,2,active,../Instances/aNpMP/pmed9.txt,200,40,1234,791,9,198237.000000,18.757,29.751,804254,951.090,4.136,59.501,44.125,57.000
decoder,6,active,../Instances/aNpMP/pmed32.txt,700,10,1234,953,9,67115.000000,5.568,11.868,947083,634.829,4.092,71.341,44.125,63.625
decoder,4,active,../Instances/aNpMP/pmed18.txt,400,40,1234,375,9,244328.000000,14.548,15.138,384192,638.960,4.139,60.586,44.125,61.875
decoder,2,active,../Instances/aNpMP/pmed25.txt,500,167,1234,70,9,1148756.000000,18.368,27.061,82563,872.974,4.167,54.176,44.125,56.500
decoder,6,active,../Instances/aNpMP/pmed35.txt,800,5,1234,1815,9,23810.000000,1.103,14.133,1794217,754.926,4.058,84.978,44.125,64.500
decoder,6,active,../Instances/aNpMP/pmed5.txt,100,33,1234,1979,9,117405.000000,3.712,16.245,1993199,746.484,4.094,97.468,44.125,60.625
decoder,12,active,../Instances/aNpMP/pmed3.txt,100,10,1234,8063,9,43354.000000,0.285,42.014,8005511,1868.099,4.087,503.254,44.125,62.000
decoder,0,default,../Instances/aNpMP/pmed1.txt,100,5,1234,18964,9,15008.000000,0.082,56.585,18737429,1631.654,4.170,56.579,44.125,65.125
decoder,2,active,../Instances/aNpMP/pmed38.txt,900,5,1234,1591,9,25560.000000,2.319,29.110,1572905,1100.469,4.079,58.466,44.125,64.250
decoder,12,active,../Instances/aNpMP/pmed33.txt,700,70,1234,114,9,519852.000000,5.867,6.251,123045,362.513,4.096,74.994,44.125,64.875
decoder,12,active,../Instances/aNpMP/pmed7.txt,200,10,1234,4098,9,45052.000000,18.979,24.427,4069590,1125.162,4.086,292.645,44.125,62.500
decoder,12,active,../Instances/aNpMP/pmed35.txt,800,5,1234,1815,9,23810.000000,1.066,13.728,1794217,726.071,4.070,164.622,44.125,65.375
decoder,12,active,../Instances/aNpMP/pmed16.txt,400,5,1234,4063,9,18964.000000,0.394,23.531,4015241,1126.542,4.078,281.933,44.125,63.375
decoder,4,active,../Instances/aNpMP/pmed35.txt,800,5,1234,1815,9,23810.000000,1.391,17.579,1794217,827.886,4.064,70.503,44.125,66.875
decoder,12,active,../Instances/aNpMP/pmed5.txt,100,33,1234,1979,9,117405.000000,3.552,15.659,1993199,717.003,4.097,187.605,44.125,62.125
decoder,2,active,../Instances/aNpMP/pmed39.txt,900,10,1234,707,9,66233.000000,28.046,28.494,702891,1056.622,4.105,57.215,44.125,61.750
decoder,4,active,../Instances/aNpMP/pmed23.txt,500,50,1234,246,9,325222.000000,15.182,15.242,255365,643.608,4.145,61.025,44.125,62.000
decoder,1,default,../Instances/aNpMP/pmed30.txt,600,200,1234,47,9,1602075.000000,52.752,53.885,58534,1451.194,4.159,53.962,44.125,54.875
decoder,6,active,../Instances/aNpMP/pmed7.txt,200,10,1234,4098,9,45052.000000,16.352,21.007,4069590,974.718,4.051,126.043,44.125,62.375
decoder,4,active,../Instances/aNpMP/pmed37.txt,800,80,1234,99,9,676372.000000,15.053,15.054,107894,666.347,4.139,60.390,44.125,62.500
decoder,2,active,../Instances/aNpMP/pmed32.txt,700,10,1234,953,9,67115.000000,13.888,29.522,947083,1093.867,4.120,59.175,44.125,62.000
decoder,4,active,../Instances/aNpMP/pmed26.txt,600,5,1234,2534,9,22734.000000,0.291,19.777,2504589,913.487,4.053,79.196,44.125,65.750
decoder,8,active,../Instances/aNpMP/pmed37.txt,800,80,1234,99,9,676372.000000,9.240,9.241,107894,487.754,4.102,74.090,44.125,65.250
decoder,1,default,../Instances/aNpMP/pmed28.txt,600,60,1234,167,9,384219.000000,54.440,54.761,177084,1482.724,4.139,54.831,44.125,55.250
decoder,1,default,../Instances/aNpMP/pmed7.txt,200,10,1234,4098,9,45052.000000,47.815,61.501,4069590,1694.941,4.048,61.490,44.125,59.500
decoder,1,default,../Instances/aNpMP/pmed18.txt,400,40,1234,375,9,244328.000000,53.212,55.407,384192,1502.537,4.158,55.431,44.250,55.375
decoder,0,default,../Instances/aNpMP/pmed13.txt,300,30,1234,708,9,149739.000000,26.621,56.910,715138,1544.031,4.156,56.912,44.125,55.750
decoder,6,active,../Instances/aNpMP/pmed9.txt,200,40,1234,791,9,198237.000000,7.999,12.740,804254,594.178,4.109,76.446,44.125,60.750
decoder,2,active,../Instances/aNpMP/pmed33.txt,700,70,1234,114,9,519852.000000,24.349,25.899,123045,846.060,4.166,51.929,44.125,56.750
decoder,6,active,../Instances/aNpMP/pmed3.txt,100,10,1234,8063,9,43354.000000,0.217,31.923,8005511,1402.045,4.045,191.535,44.125,60.875
decoder,4,active,../Instances/aNpMP/pmed1.txt,100,5,1234,18964,9,15008.000000,0.072,53.427,18737429,2016.684,3.946,213.705,44.125,62.000
decoder,2,active,../Instances/aNpMP/pmed29.txt,600,120,1234,86,9,860281.000000,27.902,28.218,97868,920.733,4.176,56.526,44.125,57.125
decoder,1,default,../Instances/aNpMP/pmed15.txt,300,100,1234,200,9,558328.000000,52.575,53.346,219499,1422.949,4.114,53.359,44.125,54.625
decoder,0,default,../Instances/aNpMP/pmed7.txt,200,10,1234,4098,9,45052.000000,45.290,58.301,4069590,1595.640,4.126,58.303,44.125,59.000
decoder,12,active,../Instances/aNpMP/pmed19.txt,400,80,1234,192,9,494003.000000,6.704,6.843,205753,369.430,4.114,82.119,44.125,63.750
decoder,12,active,../Instances/aNpMP/pmed36.txt,800,10,1234,833,9,70897.000000,4.813,9.058,828249,521.639,4.085,108.831,44.125,65.625
decoder,0,default,../Instances/aNpMP/pmed16.txt,400,5,1234,4063,9,18964.000000,1.028,57.288,4015241,1660.891,4.118,57.318,44.125,63.000
decoder,8,active,../Instances/aNpMP/pmed32.txt,700,10,1234,953,10,67115.000000,5.445,11.611,947083,620.709,4.089,93.022,41.625,64.875
decoder,4,active,../Instances/aNpMP/pmed7.txt,200,10,1234,4098,10,45052.000000,19.389,24.948,4069590,1048.806,4.058,99.796,44.625,62.500
decoder,1,default,../Instances/aNpMP/pmed10.txt,200,67,1234,491,10,266370.000000,56.310,56.310,514301,1504.916,4.113,56.312,44.625,54.750
decoder,0,default,../Instances/aNpMP/pmed22.txt,500,10,1234,1298,10,62699.000000,12.824,55.536,1289649,1550.047,4.120,55.590,44.625,58.750
decoder,0,default,../Instances/aNpMP/pmed40.txt,900,90,1234,76,10,775798.000000,54.540,55.236,84207,1495.819,4.130,55.474,44.625,54.875
decoder,2,active,../Instances/aNpMP/pmed23.txt,500,50,1234,246,10,325222.000000,28.875,28.990,255365,944.243,4.161,58.036,44.625,56.750
decoder,2,active,../Instances/aNpMP/pmed21.txt,500,5,1234,3280,10,21646.000000,0.268,33.157,3241637,1241.384,4.004,66.371,44.625,63.875
decoder,1,default,../Instances/aNpMP/pmed9.txt,200,40,1234,791,10,198237.000000,35.647,56.921,804254,1523.173,4.110,56.923,44.625,55.000
decoder,8,active,../Instances/aNpMP/pmed34.txt,700,140,1234,62,10,1047633.000000,8.782,8.924,72307,464.175,4.117,71.530,44.625,64.250
decoder,2,active,../Instances/aNpMP/pmed4.txt,100,20,1234,3256,10,95489.000000,19.052,32.612,3247925,1052.435,4.058,65.224,44.625,57.625
decoder,0,default,../Instances/aNpMP/pmed16.txt,400,5,1234,4063,10,18964.000000,1.029,57.313,4015241,1696.630,4.117,57.344,44.625,63.125
decoder,12,active,../Instances/aNpMP/pmed33.txt,700,70,1234,114,10,519852.000000,5.664,6.024,123045,341.015,4.105,72.385,44.625,64.625
decoder,1,default,../Instances/aNpMP/pmed30.txt,600,200,1234,47,10,1602075.000000,52.817,53.957,58534,1436.852,4.122,54.043,44.625,54.000
decoder,1,default,../Instances/aNpMP/pmed27.txt,600,10,1234,1147,10,57828.000000,4.622,56.586,1139277,1580.631,4.102,56.669,44.625,58.750
decoder,8,active,../Instances/aNpMP/pmed27.txt,600,10,1234,1147,10,57828.000000,0.987,12.064,1139277,626.249,4.079,96.579,44.500,65.250
decoder,1,default,../Instances/aNpMP/pmed29.txt,600,120,1234,86,10,860281.000000,55.571,56.202,97868,1504.985,4.107,56.286,44.625,54.250
decoder,12,active,../Instances/aNpMP/pmed38.txt,900,5,1234,1591,10,25560.000000,0.948,12.066,1572905,655.359,4.078,145.002,44.500,65.125
decoder,8,active,../Instances/aNpMP/pmed30.txt,600,200,1234,47,10,1602075.000000,8.413,8.595,58534,443.751,4.119,68.843,44.625,64.125
decoder,4,active,../Instances/aNpMP/pmed34.txt,700,140,1234,62,10,1047633.000000,14.307,14.539,72307,618.608,4.154,58.286,44.625,61.000
decoder,4,active,../Instances/aNpMP/pmed20.txt,400,133,1234,109,10,905518.000000,13.353,13.953,123586,578.296,4.168,55.842,44.625,60.625
decoder,4,active,../Instances/aNpMP/pmed37.txt,800,80,1234,99,10,676372.000000,14.906,14.906,107894,652.337,4.152,59.802,44.500,61.500
decoder,0,default,../Instances/aNpMP/pmed26.txt,600,5,1234,2534,10,22734.000000,0.827,56.383,2504589,1673.544,4.145,56.468,44.625,62.750
decoder,8,active,../Instances/aNpMP/pmed8.txt,200,20,1234,1601,10,101029.000000,1.521,14.301,1598045,674.390,4.089,114.412,44.625,62.750
decoder,6,active,../Instances/aNpMP/pmed28.txt,600,60,1234,167,10,384219.000000,10.016,10.074,177084,507.591,4.131,60.531,44.625,61.250
decoder,6,active,../Instances/aNpMP/pmed25.txt,500,167,1234,70,10,1148756.000000,6.673,9.849,82563,488.670,4.132,59.153,44.625,60.625
decoder,6,active,../Instances/aNpMP/pmed11.txt,300,5,1234,6020,10,17749.000000,0.107,26.792,5948757,1240.519,4.049,160.762,44.500,62.125
decoder,1,default,../Instances/aNpMP/pmed15.txt,300,100,1234,200,10,558328.000000,52.603,53.374,219499,1424.136,4.112,53.386,44.625,54.500
decoder,4,active,../Instances/aNpMP/pmed18.txt,400,40,1234,375,10,244328.000000,14.541,15.137,384192,631.955,4.137,60.587,44.625,61.375
decoder,6,active,../Instances/aNpMP/pmed6.txt,200,5,1234,8951,10,19103.000000,0.140,34.124,8844585,1536.164,4.038,204.746,44.625,61.375
decoder,0,default,../Instances/aNpMP/pmed28.txt,600,60,1234,167,10,384219.000000,54.009,54.318,177084,1467.758,4.144,54.405,44.625,55.500
decoder,4,active,../Instances/aNpMP/pmed33.txt,700,70,1234,114,10,519852.000000,12.740,13.553,123045,586.521,4.137,54.344,44.625,61.750
decoder,6,active,../Instances/aNpMP/pmed38.txt,900,5,1234,1591,10,25560.000000,1.055,13.292,1572905,720.694,4.065,80.002,44.625,64.750
decoder,1,default,../Instances/aNpMP/pmed24.txt,500,100,1234,119,10,692253.000000,48.835,53.728,131964,1447.911,4.125,53.782,44.625,54.875
decoder,2,active,../Instances/aNpMP/pmed24.txt,500,100,1234,119,10,692253.000000,24.861,27.342,131964,882.887,4.168,54.740,44.625,56.000
decoder,2,active,../Instances/aNpMP/pmed30.txt,600,200,1234,47,10,1602075.000000,26.752,27.332,58534,879.534,4.164,54.753,44.625,55.750
decoder,2,active,../Instances/aNpMP/pmed15.txt,300,100,1234,200,10,558328.000000,26.657,27.052,219499,871.296,4.164,54.118,44.625,56.000
decoder,4,active,../Instances/aNpMP/pmed15.txt,300,100,1234,200,10,558328.000000,14.390,14.603,219499,598.321,4.152,58.427,44.625,60.500
decoder,8,active,../Instances/aNpMP/pmed12.txt,300,10,1234,2439,10,53140.000000,0.291,16.467,2421807,807.995,4.069,131.751,44.625,64.000
decoder,12,active,../Instances/aNpMP/pmed5.txt,100,33,1234,1979,10,117405.000000,3.498,15.416,1993199,712.538,4.103,184.936,44.625,61.875
decoder,12,active,../Instances/aNpMP/pmed4.txt,100,20,1234,3256,10,95489.000000,11.481,19.710,3247925,905.499,4.098,236.451,44.625,61.500
decoder,2,active,../Instances/aNpMP/pmed26.txt,600,5,1234,2534,10,22734.000000,0.467,30.745,2504589,1154.260,4.023,61.580,44.625,63.875
decoder,12,active,../Instances/aNpMP/pmed26.txt,600,5,1234,2534,10,22734.000000,0.223,16.051,2504589,827.150,4.077,192.630,44.625,64.375
decoder,12,active,../Instances/aNpMP/pmed24.txt,500,100,1234,119,10,692253.000000,5.818,6.399,131964,357.530,4.108,76.824,44.625,64.750
decoder,4,active,../Instances/aNpMP/pmed26.txt,600,5,1234,2534,10,22734.000000,0.282,18.902,2504589,875.172,4.041,75.702,44.625,65.625
decoder,12,active,../Instances/aNpMP/pmed39.txt,900,10,1234,707,10,66233.000000,8.212,8.341,702891,485.638,4.081,100.324,44.625,66.250
decoder,4,active,../Instances/aNpMP/pmed12.txt,300,10,1234,2439,10,53140.000000,0.378,20.649,2421807,872.364,4.077,82.611,44.625,62.875
decoder,0,default,../Instances/aNpMP/pmed38.txt,900,5,1234,1591,10,25560.000000,4.447,56.612,1572905,1665.710,4.157,56.852,44.750,63.125
decoder,6,active,../Instances/aNpMP/pmed27.txt,600,10,1234,1147,10,57828.000000,1.010,12.129,1139277,644.086,4.085,72.868,44.625,63.500
decoder,2,active,../Instances/aNpMP/pmed1.txt,100,5,1234,18964,10,15008.000000,0.070,50.575,18737429,1698.249,3.700,101.153,44.625,62.250
decoder,8,active,../Instances/aNpMP/pmed3.txt,100,10,1234,8063,10,43354.000000,0.249,37.169,8005511,1601.110,4.057,297.362,44.625,62.375
decoder,2,active,../Instances/aNpMP/pmed12.txt,300,10,1234,2439,10,53140.000000,0.589,31.447,2421807,1105.240,4.057,62.911,44.625,61.625
decoder,2,active,../Instances/aNpMP/pmed13.txt,300,30,1234,708,10,149739.000000,14.029,29.908,715138,972.047,4.124,59.833,44.625,57.375
decoder,1,default,../Instances/aNpMP/pmed32.txt,700,10,1234,953,10,67115.000000,27.607,58.920,947083,1640.837,4.087,59.050,44.625,59.000
decoder,12,active,../Instances/aNpMP/pmed25.txt,500,167,1234,70,10,1148756.000000,4.216,6.218,82563,349.887,4.111,74.648,44.625,64.500
decoder,4,active,../Instances/aNpMP/pmed22.txt,500,10,1234,1298,10,62699.000000,3.878,16.582,1289649,756.112,4.092,66.387,44.625,63.375
decoder,0,default,../Instances/aNpMP/pmed17.txt,400,10,1234,1731,10,53504.000000,8.866,57.059,1719404,1601.619,4.125,57.090,44.625,59.250
decoder,1,default,../Instances/aNpMP/pmed26.txt,600,5,1234,2534,10,22734.000000,0.864,59.059,2504589,1738.152,4.078,59.147,44.625,63.000
decoder,12,active,../Instances/aNpMP/pmed17.txt,400,10,1234,1731,10,53504.000000,1.983,12.798,1719404,655.295,4.090,153.574,44.625,63.750
decoder,6,active,../Instances/aNpMP/pmed37.txt,800,80,1234,99,10,676372.000000,10.369,10.369,107894,538.519,4.122,62.397,44.625,61.750
decoder,1,default,../Instances/aNpMP/pmed25.txt,500,167,1234,70,10,1148756.000000,36.089,53.392,82563,1430.069,4.154,53.447,44.625,54.375
decoder,12,active,../Instances/aNpMP/pmed35.txt,800,5,1234,1815,10,23810.000000,0.987,12.746,1794217,688.780,4.077,153.082,44.625,64.875
decoder,12,active,../Instances/aNpMP/pmed9.txt,200,40,1234,791,10,198237.000000,6.250,9.936,804254,499.745,4.110,119.196,44.625,63.000
decoder,8,active,../Instances/aNpMP/pmed17.txt,400,10,1234,1731,10,53504.000000,2.103,13.566,1719404,681.676,4.070,108.558,44.625,65.000
decoder,12,active,../Instances/aNpMP/pmed36.txt,800,10,1234,833,10,70897.000000,4.840,9.095,828249,527.003,4.083,109.302,44.750,66.000
decoder,2,active,../Instances/aNpMP/pmed8.txt,200,20,1234,1601,10,101029.000000,3.283,30.073,1598045,983.280,4.115,60.151,44.625,57.625
decoder,1,default,../Instances/aNpMP/pmed5.txt,100,33,1234,1979,10,117405.000000,12.986,56.986,1993199,1532.486,4.066,56.983,44.625,55.375
decoder,6,active,../Instances/aNpMP/pmed13.txt,300,30,1234,708,10,149739.000000,5.774,12.342,715138,601.297,4.119,74.071,44.625,61.125
decoder,8,active,../Instances/aNpMP/pmed19.txt,400,80,1234,192,10,494003.000000,8.980,9.167,205753,454.329,4.116,73.363,44.625,63.625
decoder,4,active,../Instances/aNpMP/pmed9.txt,200,40,1234,791,10,198237.000000,10.603,16.940,804254,705.196,4.138,67.766,44.625,60.625
decoder,6,active,../Instances/aNpMP/pmed9.txt,200,40,1234,791,10,198237.000000,7.993,12.760,804254,601.671,4.121,76.568,44.625,60.375
decoder,8,active,../Instances/aNpMP/pmed33.txt,700,70,1234,114,10,519852.000000,7.826,8.328,123045,438.989,4.112,66.747,44.625,64.375
decoder,8,active,../Instances/aNpMP/pmed13.txt,300,30,1234,708,10,149739.000000,5.363,11.491,715138,568.458,4.103,91.944,44.500,63.375
decoder,1,default,../Instances/aNpMP/pmed20.txt,400,133,1234,109,10,905518.000000,50.840,53.122,123586,1424.232,4.139,53.152,44.500,53.875
decoder,6,active,../Instances/aNpMP/pmed36.txt,800,10,1234,833,10,70897.000000,6.330,11.859,828249,645.612,4.091,71.343,44.500,63.250
decoder,2,active,../Instances/aNpMP/pmed39.txt,900,10,1234,707,10,66233.000000,28.090,28.534,702891,1049.658,4.114,57.314,44.625,60.500
decoder,0,default,../Instances/aNpMP/pmed3.txt,100,10,1234,8063,10,43354.000000,0.447,60.390,8005511,1654.678,4.120,60.388,44.625,58.500
decoder,0,default,../Instances/aNpMP/pmed6.txt,200,5,1234,8951,10,19103.000000,0.256,58.592,8844585,1663.969,4.132,58.595,44.625,62.750
decoder,8,active,../Instances/aNpMP/pmed35.txt,800,5,1234,1815,10,23810.000000,1.129,14.463,1794217,749.182,4.064,115.891,44.500,66.125
decoder,4,active,../Instances/aNpMP/pmed32.txt,700,10,1234,953,10,67115.000000,7.489,15.956,947083,743.799,4.106,63.959,44.625,64.625
decoder,4,active,../Instances/aNpMP/pmed1.txt,100,5,1234,18964,10,15008.000000,0.074,55.528,18737429,2090.441,3.958,222.110,44.625,61.375
decoder,0,default,../Instances/aNpMP/pmed15.txt,300,100,1234,200,10,558328.000000,52.337,53.104,219499,1428.448,4.120,53.117,44.625,54.875
decoder,12,active,../Instances/aNpMP/pmed16.txt,400,5,1234,4063,10,18964.000000,0.368,21.647,4015241,1055.162,4.080,259.720,44.625,63.250
decoder,6,active,../Instances/aNpMP/pmed16.txt,400,5,1234,4063,10,18964.000000,0.338,19.705,4015241,969.826,4.036,118.262,44.625,63.000
decoder,1,default,../Instances/aNpMP/pmed7.txt,200,10,1234,4098,10,45052.000000,47.551,61.103,4069590,1694.848,4.044,61.105,44.625,59.750
decoder,6,active,../Instances/aNpMP/pmed22.txt,500,10,1234,1298,10,62699.000000,2.994,12.831,1289649,652.418,4.087,77.042,44.625,62.750
decoder,1,default,../Instances/aNpMP/pmed21.txt,500,5,1234,3280,10,21646.000000,0.495,62.213,3241637,1896.657,4.070,62.268,44.625,63.500
decoder,8,active,../Instances/aNpMP/pmed1.txt,100,5,1234,18964,10,15008.000000,0.089,68.160,18737429,2867.067,4.044,545.278,44.625,62.250
decoder,12,active,../Instances/aNpMP/pmed31.txt,700,5,1234,2143,10,23386.000000,0.641,14.306,2118281,765.780,4.068,171.753,44.625,65.500
decoder,0,default,../Instances/aNpMP/pmed21.txt,500,5,1234,3280,10,21646.000000,0.471,59.328,3241637,1840.199,4.118,59.383,44.625,64.000
decoder,8,active,../Instances/aNpMP/pmed10.txt,200,67,1234,491,10,266370.000000,11.125,11.126,514301,530.113,4.109,89.010,44.625,63.500
decoder,6,active,../Instances/aNpMP/pmed32.txt,700,10,1234,953,10,67115.000000,5.516,11.723,947083,636.150,4.084,70.472,44.625,63.625
decoder,6,active,../Instances/aNpMP/pmed21.txt,500,5,1234,3280,10,21646.000000,0.143,18.243,3241637,927.189,4.053,109.520,44.625,63.375
decoder,12,active,../Instances/aNpMP/pmed2.txt,100,10,1234,7878,10,39421.000000,13.636,38.926,7823093,1747.497,4.088,466.733,44.625,61.875
decoder,2,active,../Instances/aNpMP/pmed17.txt,400,10,1234,1731,10,53504.000000,4.711,30.019,1719404,1099.222,4.078,60.072,44.625,62.125
decoder,0,default,../Instances/aNpMP/pmed25.txt,500,167,1234,70,10,1148756.000000,36.273,53.514,82563,1439.743,4.135,53.567,44.625,54.250
decoder,6,active,../Instances/aNpMP/pmed26.txt,600,5,1234,2534,10,22734.000000,0.230,15.652,2504589,810.513,4.052,94.006,44.625,63.375
decoder,2,active,../Instances/aNpMP/pmed14.txt,300,60,1234,353,10,349693.000000,29.668,29.668,369988,963.762,4.154,59.352,44.625,56.250
decoder,0,default,../Instances/aNpMP/pmed34.txt,700,140,1234,62,10,1047633.000000,54.882,55.766,72307,1507.141,4.117,55.895,44.625,54.375
decoder,4,active,../Instances/aNpMP/pmed3.txt,100,10,1234,8063,10,43354.000000,0.251,35.812,8005511,1360.025,4.029,143.250,44.625,61.250
decoder,12,active,../Instances/aNpMP/pmed23.txt,500,50,1234,246,10,325222.000000,7.180,7.209,255365,396.299,4.105,86.517,44.625,64.625
decoder,1,default,../Instances/aNpMP/pmed23.txt,500,50,1234,246,10,325222.000000,56.553,56.776,255365,1539.262,4.120,56.831,44.625,54.875
decoder,1,default,../Instances/aNpMP/pmed39.txt,900,10,1234,707,10,66233.000000,55.394,56.263,702891,1574.354,4.107,56.504,44.625,58.750
decoder,0,default,../Instances/aNpMP/pmed18.txt,400,40,1234,375,10,244328.000000,53.249,55.448,384192,1508.676,4.119,55.477,44.625,55.000
decoder,1,default,../Instances/aNpMP/pmed36.txt,800,10,1234,833,10,70897.000000,31.527,59.532,828249,1654.547,4.090,59.712,44.625,58.125
decoder,1,default,../Instances/aNpMP/pmed16.txt,400,5,1234,4063,10,18964.000000,1.087,60.374,4015241,1770.535,4.044,60.404,44.625,63.125
decoder,8,active,../Instances/aNpMP/pmed4.txt,100,20,1234,3256,10,95489.000000,11.439,19.583,3247925,894.939,4.074,156.667,44.625,62.250
decoder,8,active,../Instances/aNpMP/pmed11.txt,300,5,1234,6020,10,17749.000000,0.107,28.164,5948757,1299.419,4.042,225.320,44.625,64.125
decoder,0,default,../Instances/aNpMP/pmed13.txt,300,30,1234,708,10,149739.000000,26.716,57.122,715138,1557.627,4.119,57.135,44.625,55.750
decoder,6,active,../Instances/aNpMP/pmed19.txt,400,80,1234,192,10,494003.000000,10.182,10.394,205753,509.030,4.127,62.396,44.500,60.625
decoder,12,active,../Instances/aNpMP/pmed40.txt,900,90,1234,76,10,775798.000000,6.198,6.277,84207,382.777,4.101,75.540,44.625,65.625
decoder,6,active,../Instances/aNpMP/pmed3.txt,100,10,1234,8063,10,43354.000000,0.226,33.845,8005511,1467.869,4.055,203.062,44.625,60.500
decoder,6,active,../Instances/aNpMP/pmed33.txt,700,70,1234,114,10,519852.000000,8.725,9.281,123045,472.554,4.129,55.818,44.625,61.750
decoder,8,active,../Instances/aNpMP/pmed28.txt,600,60,1234,167,10,384219.000000,9.028,9.080,177084,469.717,4.110,72.719,44.625,64.500
decoder,6,active,../Instances/aNpMP/pmed15.txt,300,100,1234,200,10,558328.000000,10.250,10.402,219499,498.650,4.131,62.427,44.625,60.500
decoder,2,active,../Instances/aNpMP/pmed6.txt,200,5,1234,8951,10,19103.000000,0.173,40.353,8844585,1429.409,3.884,80.708,44.625,62.125
decoder,1,default,../Instances/aNpMP/pmed18.txt,400,40,1234,375,10,244328.000000,53.589,55.805,384192,1523.177,4.116,55.832,44.625,55.125
decoder,4,active,../Instances/aNpMP/pmed40.txt,900,90,1234,76,10,775798.000000,14.344,14.526,84207,638.981,4.142,58.347,44.625,61.875
decoder,0,default,../Instances/aNpMP/pmed37.txt,800,80,1234,99,10,676372.000000,56.633,56.633,107894,1546.065,4.132,56.807,44.500,54.750
decoder,0,default,../Instances/aNpMP/pmed10.txt,200,67,1234,491,10,266370.000000,55.737,55.737,514301,1494.520,4.135,55.739,44.625,54.375
decoder,12,active,../Instances/aNpMP/pmed21.txt,500,5,1234,3280,10,21646.000000,0.151,20.603,3241637,1013.473,4.088,247.209,44.500,63.250
decoder,0,default,../Instances/aNpMP/pmed20.txt,400,133,1234,109,10,905518.000000,50.901,53.157,123586,1431.700,4.130,53.185,44.750,54.500
decoder,1,default,../Instances/aNpMP/pmed11.txt,300,5,1234,6020,10,17749.000000,0.261,63.973,5948757,1876.042,3.967,63.984,44.625,63.375
decoder,8,active,../Instances/aNpMP/pmed21.txt,500,5,1234,3280,10,21646.000000,0.151,20.229,3241637,989.460,4.057,161.888,44.625,64.875
decoder,6,active,../Instances/aNpMP/pmed10.txt,200,67,1234,491,10,266370.000000,12.296,12.296,514301,574.189,4.118,73.783,44.625,60.875
decoder,2,active,../Instances/aNpMP/pmed3.txt,100,10,1234,8063,10,43354.000000,0.286,40.066,8005511,1321.803,3.902,80.130,44.625,59.875
decoder,4,active,../Instances/aNpMP/pmed19.txt,400,80,1234,192,10,494003.000000,14.503,14.804,205753,618.874,4.140,59.250,44.625,61.125
decoder,8,active,../Instances/aNpMP/pmed39.txt,900,10,1234,707,10,66233.000000,10.241,10.402,702891,571.242,4.079,83.460,44.625,66.750
decoder,12,active,../Instances/aNpMP/pmed30.txt,600,200,1234,47,10,1602075.000000,5.954,6.092,58534,348.728,4.108,73.174,44.500,64.750
decoder,8,active,../Instances/aNpMP/pmed36.txt,800,10,1234,833,10,70897.000000,5.964,11.211,828249,613.833,4.079,89.864,44.625,66.375
decoder,4,active,../Instances/aNpMP/pmed16.txt,400,5,1234,4063,10,18964.000000,0.387,22.049,4015241,984.317,4.030,88.229,44.625,64.500
decoder,0,default,../Instances/aNpMP/pmed39.txt,900,10,1234,707,10,66233.000000,53.465,54.314,702891,1519.126,4.118,54.554,44.625,58.875
decoder,12,active,../Instances/aNpMP/pmed37.txt,800,80,1234,99,10,676372.000000,6.556,6.556,107894,394.758,4.102,78.827,44.625,65.750
decoder,0,default,../Instances/aNpMP/pmed27.txt,600,10,1234,1147,10,57828.000000,4.511,54.455,1139277,1530.367,4.134,54.543,44.625,59.500
decoder,4,active,../Instances/aNpMP/pmed35.txt,800,5,1234,1815,10,23810.000000,1.369,17.200,1794217,810.169,4.052,68.985,44.625,66.250
decoder,6,active,../Instances/aNpMP/pmed23.txt,500,50,1234,246,10,325222.000000,10.691,10.733,255365,535.239,4.127,64.457,44.625,61.500
decoder,2,active,../Instances/aNpMP/pmed40.txt,900,90,1234,76,10,775798.000000,27.621,27.972,84207,917.869,4.148,56.186,44.625,56.625
decoder,1,default,../Instances/aNpMP/pmed3.txt,100,10,1234,8063,10,43354.000000,0.471,64.604,8005511,1784.252,3.984,64.601,44.625,58.750
decoder,0,default,../Instances/aNpMP/pmed36.txt,800,10,1234,833,10,70897.000000,30.563,57.616,828249,1610.740,4.119,57.794,44.625,58.625
decoder,8,active,../Instances/aNpMP/pmed14.txt,300,60,1234,353,10,349693.000000,10.390,10.390,369988,504.036,4.113,83.134,44.750,63.500
decoder,1,default,../Instances/aNpMP/pmed22.txt,500,10,1234,1298,10,62699.000000,13.187,57.469,1289649,1611.071,4.093,57.522,44.625,58.500
decoder,2,active,../Instances/aNpMP/pmed29.txt,600,120,1234,86,10,860281.000000,28.207,28.527,97868,928.276,4.146,57.150,44.625,56.250
decoder,6,active,../Instances/aNpMP/pmed20.txt,400,133,1234,109,10,905518.000000,9.412,9.833,123586,479.583,4.132,59.040,44.625,60.625
decoder,8,active,../Instances/aNpMP/pmed40.txt,900,90,1234,76,10,775798.000000,8.723,8.836,84207,467.693,4.110,70.935,44.625,64.875
decoder,0,default,../Instances/aNpMP/pmed12.txt,300,10,1234,2439,10,53140.000000,1.068,58.121,2421807,1622.117,4.141,58.138,44.625,58.750
decoder,8,active,../Instances/aNpMP/pmed5.txt,100,33,1234,1979,10,117405.000000,3.627,15.906,1993199,730.927,4.087,127.246,44.625,62.375
decoder,4,active,../Instances/aNpMP/pmed8.txt,200,20,1234,1601,10,101029.000000,2.007,18.571,1598045,776.868,4.096,74.293,44.625,61.500
decoder,12,active,../Instances/aNpMP/pmed32.txt,700,10,1234,953,10,67115.000000,4.438,9.500,947083,532.156,4.084,114.097,44.625,65.375
decoder,0,default,../Instances/aNpMP/pmed7.txt,200,10,1234,4098,10,45052.000000,45.430,58.472,4069590,1612.419,4.121,58.477,44.500,58.875
decoder,12,active,../Instances/aNpMP/pmed3.txt,100,10,1234,8063,10,43354.000000,0.269,40.703,8005511,1804.894,4.095,488.283,44.625,61.625
decoder,8,active,../Instances/aNpMP/pmed18.txt,400,40,1234,375,10,244328.000000,9.356,9.740,384192,493.242,4.102,77.952,44.625,64.625
decoder,6,active,../Instances/aNpMP/pmed24.txt,500,100,1234,119,10,692253.000000,9.045,9.951,131964,492.974,4.127,59.765,44.625,61.000
decoder,0,default,../Instances/aNpMP/pmed11.txt,300,5,1234,6020,10,17749.000000,0.246,59.444,5948757,1751.940,4.119,59.459,44.625,63.875
decoder,8,active,../Instances/aNpMP/pmed16.txt,400,5,1234,4063,10,18964.000000,0.379,22.299,4015241,1038.208,4.053,178.388,44.625,64.375
decoder,4,active,../Instances/aNpMP/pmed38.txt,900,5,1234,1591,10,25560.000000,1.325,16.793,1572905,803.154,4.065,67.422,44.625,66.875
decoder,4,active,../Instances/aNpMP/pmed10.txt,200,67,1234,491,10,266370.000000,16.466,16.466,514301,683.015,4.135,65.871,44.625,61.375
decoder,12,active,../Instances/aNpMP/pmed20.txt,400,133,1234,109,10,905518.000000,6.121,6.397,123586,349.380,4.112,76.782,44.625,64.125
decoder,2,active,../Instances/aNpMP/pmed27.txt,600,10,1234,1147,10,57828.000000,2.387,28.666,1139277,1062.082,4.116,57.423,44.500,61.625
decoder,1,default,../Instances/aNpMP/pmed6.txt,200,5,1234,8951,10,19103.000000,0.284,65.433,8844585,1865.777,3.908,65.435,44.625,62.875
decoder,6,active,../Instances/aNpMP/pmed4.txt,100,20,1234,3256,10,95489.000000,11.634,19.964,3247925,905.340,4.084,119.788,44.625,60.375
decoder,2,active,../Instances/aNpMP/pmed28.txt,600,60,1234,167,10,384219.000000,27.829,27.989,177084,916.173,4.142,56.068,44.625,56.875
decoder,0,default,../Instances/aNpMP/pmed2.txt,100,10,1234,7878,10,39421.000000,20.227,56.545,7823093,1563.554,4.136,56.544,44.625,59.000
decoder,12,active,../Instances/aNpMP/pmed11.txt,300,5,1234,6020,10,17749.000000,0.115,30.409,5948757,1407.560,4.083,364.773,44.625,62.625
decoder,1,default,../Instances/aNpMP/pmed19.txt,400,80,1234,192,10,494003.000000,53.485,54.594,205753,1481.842,4.171,54.625,44.625,55.000
decoder,12,active,../Instances/aNpMP/pmed27.txt,600,10,1234,1147,10,57828.000000,0.842,10.375,1139277,567.207,4.086,124.555,44.500,64.625
decoder,1,default,../Instances/aNpMP/pmed37.txt,800,80,1234,99,10,676372.000000,56.709,56.709,107894,1538.048,4.135,56.885,44.625,54.875
decoder,8,active,../Instances/aNpMP/pmed23.txt,500,50,1234,246,10,325222.000000,9.621,9.659,255365,489.730,4.112,77.330,44.625,64.000
decoder,2,active,../Instances/aNpMP/pmed16.txt,400,5,1234,4063,10,18964.000000,0.592,33.094,4015241,1222.869,3.981,66.221,44.625,63.500
decoder,8,active,../Instances/aNpMP/pmed37.txt,800,80,1234,99,10,676372.000000,9.190,9.190,107894,487.232,4.109,73.703,44.625,64.875
decoder,8,active,../Instances/aNpMP/pmed6.txt,200,5,1234,8951,10,19103.000000,0.159,39.501,8844585,1759.455,4.051,316.012,44.625,62.750
decoder,6,active,../Instances/aNpMP/pmed34.txt,700,140,1234,62,10,1047633.000000,9.860,10.018,72307,505.936,4.131,60.243,44.625,61.750
decoder,6,active,../Instances/aNpMP/pmed7.txt,200,10,1234,4098,10,45052.000000,16.206,20.849,4069590,968.752,4.057,125.103,44.625,61.625
decoder,6,active,../Instances/aNpMP/pmed14.txt,300,60,1234,353,10,349693.000000,11.560,11.560,369988,555.118,4.128,69.378,44.625,60.375
decoder,6,active,../Instances/aNpMP/pmed35.txt,800,5,1234,1815,10,23810.000000,1.111,14.114,1794217,756.043,4.064,84.870,44.625,63.625
decoder,2,active,../Instances/aNpMP/pmed19.txt,400,80,1234,192,10,494003.000000,27.329,27.895,205753,896.231,4.165,55.819,44.750,55.250
decoder,0,default,../Instances/aNpMP/pmed8.txt,200,20,1234,1601,10,101029.000000,5.948,55.078,1598045,1486.043,4.153,55.078,44.625,53.875
decoder,6,active,../Instances/aNpMP/pmed1.txt,100,5,1234,18964,10,15008.000000,0.075,57.593,18737429,2421.685,4.028,345.542,44.625,59.125
decoder,6,active,../Instances/aNpMP/pmed18.txt,400,40,1234,375,10,244328.000000,10.414,10.843,384192,533.631,4.124,65.088,44.625,60.750
decoder,0,default,../Instances/aNpMP/pmed1.txt,100,5,1234,18964,10,15008.000000,0.081,56.476,18737429,1606.409,4.178,56.471,44.500,62.375
decoder,8,active,../Instances/aNpMP/pmed20.txt,400,133,1234,109,10,905518.000000,8.342,8.716,123586,429.318,4.124,69.757,44.500,62.375
decoder,2,active,../Instances/aNpMP/pmed33.txt,700,70,1234,114,10,519852.000000,24.314,25.858,123045,839.146,4.159,51.847,44.625,54.375
decoder,1,default,../Instances/aNpMP/pmed28.txt,600,60,1234,167,10,384219.000000,54.260,54.573,177084,1458.713,4.135,54.659,44.500,52.625
decoder,6,active,../Instances/aNpMP/pmed2.txt,100,10,1234,7878,10,39421.000000,10.746,30.025,7823093,1318.374,4.050,180.146,44.625,58.750
decoder,0,default,../Instances/aNpMP/pmed35.txt,800,5,1234,1815,10,23810.000000,4.502,57.211,1794217,1606.590,4.126,57.389,44.625,59.250
decoder,4,active,../Instances/aNpMP/pmed23.txt,500,50,1234,246,10,325222.000000,15.169,15.229,255365,634.180,4.157,60.973,44.625,59.125
decoder,1,default,../Instances/aNpMP/pmed1.txt,100,5,1234,18964,10,15008.000000,0.097,68.571,18737429,1913.175,3.712,68.567,44.625,58.875
decoder,2,active,../Instances/aNpMP/pmed37.txt,800,80,1234,99,10,676372.000000,29.039,29.039,107894,938.278,4.142,58.257,44.500,53.625
decoder,6,active,../Instances/aNpMP/pmed5.txt,100,33,1234,1979,10,117405.000000,3.696,16.231,1993199,746.632,4.113,97.388,44.500,58.250
decoder,2,active,../Instances/aNpMP/pmed20.txt,400,133,1234,109,10,905518.000000,25.939,27.096,123586,862.749,4.142,54.224,44.500,53.500
decoder,4,active,../Instances/aNpMP/pmed11.txt,300,5,1234,6020,10,17749.000000,0.110,27.102,5948757,1154.191,4.012,108.424,44.625,62.250
decoder,6,active,../Instances/aNpMP/pmed17.txt,400,10,1234,1731,10,53504.000000,2.115,13.584,1719404,688.949,4.088,81.536,44.500,61.125
decoder,4,active,../Instances/aNpMP/pmed39.txt,900,10,1234,707,10,66233.000000,14.753,14.982,702891,703.062,4.109,60.177,44.500,63.125
decoder,12,active,../Instances/aNpMP/pmed7.txt,200,10,1234,4098,10,45052.000000,17.643,22.726,4069590,1068.161,4.105,272.622,44.625,60.500
decoder,4,active,../Instances/aNpMP/pmed30.txt,600,200,1234,47,10,1602075.000000,13.754,14.053,58534,585.965,4.172,56.302,44.625,59.500
decoder,12,active,../Instances/aNpMP/pmed18.txt,400,40,1234,375,10,244328.000000,7.264,7.558,384192,405.207,4.119,90.685,44.625,62.125
decoder,6,active,../Instances/aNpMP/pmed8.txt,200,20,1234,1601,10,101029.000000,1.575,14.597,1598045,687.963,4.106,87.583,44.500,58.750
decoder,2,active,../Instances/aNpMP/pmed38.txt,900,5,1234,1591,10,25560.000000,2.321,28.982,1572905,1083.084,4.088,58.208,44.625,62.000
decoder,0,default,../Instances/aNpMP/pmed4.txt,100,20,1234,3256,10,95489.000000,33.769,57.797,3247925,1551.611,4.122,57.794,44.625,53.125
decoder,2,active,../Instances/aNpMP/pmed10.txt,200,67,1234,491,10,266370.000000,29.364,29.364,514301,932.523,4.143,58.733,44.625,53.375
decoder,8,active,../Instances/aNpMP/pmed24.txt,500,100,1234,119,10,692253.000000,7.974,8.771,131964,442.861,4.125,70.219,44.625,62.125
decoder,2,active,../Instances/aNpMP/pmed31.txt,700,5,1234,2143,10,23386.000000,1.450,31.082,2118281,1148.364,4.059,62.296,44.500,60.375
decoder,12,active,../Instances/aNpMP/pmed8.txt,200,20,1234,1601,10,101029.000000,1.359,12.951,1598045,647.128,4.113,155.276,44.500,60.500
decoder,12,active,../Instances/aNpMP/pmed14.txt,300,60,1234,353,10,349693.000000,7.981,7.981,369988,416.870,4.121,95.743,44.500,62.125
decoder,1,default,../Instances/aNpMP/pmed40.txt,900,90,1234,76,10,775798.000000,54.711,55.408,84207,1482.443,4.116,55.645,44.625,52.250
decoder,8,active,../Instances/aNpMP/pmed7.txt,200,10,1234,4098,10,45052.000000,17.430,22.463,4069590,1035.580,4.074,179.705,44.625,61.375
decoder,4,active,../Instances/aNpMP/pmed28.txt,600,60,1234,167,10,384219.000000,14.463,14.547,177084,611.032,4.157,58.280,44.625,59.875
decoder,2,active,../Instances/aNpMP/pmed18.txt,400,40,1234,375,10,244328.000000,27.365,28.496,384192,927.774,4.143,57.024,44.625,54.500
decoder,2,active,../Instances/aNpMP/pmed34.txt,700,140,1234,62,10,1047633.000000,27.605,28.049,72307,906.688,4.176,56.230,44.500,54.125
decoder,1,default,../Instances/aNpMP/pmed12.txt,300,10,1234,2439,10,53140.000000,1.134,61.119,2421807,1692.558,4.075,61.131,44.625,56.125
decoder,4,active,../Instances/aNpMP/pmed29.txt,600,120,1234,86,10,860281.000000,14.545,14.709,97868,612.731,4.170,58.928,44.625,59.000
decoder,4,active,../Instances/aNpMP/pmed17.txt,400,10,1234,1731,10,53504.000000,2.718,17.475,1719404,776.894,4.094,69.935,44.625,62.125
decoder,1,default,../Instances/aNpMP/pmed35.txt,800,5,1234,1815,10,23810.000000,4.672,59.192,1794217,1665.195,4.100,59.371,44.625,59.000
decoder,0,default,../Instances/aNpMP/pmed29.txt,600,120,1234,86,10,860281.000000,55.121,55.748,97868,1495.219,4.143,55.839,44.500,52.500
decoder,1,default,../Instances/aNpMP/pmed4.txt,100,20,1234,3256,10,95489.000000,34.502,59.195,3247925,1586.912,4.080,59.198,44.375,53.000
decoder,4,active,../Instances/aNpMP/pmed13.txt,300,30,1234,708,10,149739.000000,7.712,16.407,715138,682.184,4.154,65.648,44.625,58.875
decoder,2,active,../Instances/aNpMP/pmed22.txt,500,10,1234,1298,10,62699.000000,6.819,29.177,1289649,1058.282,4.093,58.415,44.625,57.625
decoder,6,active,../Instances/aNpMP/pmed30.txt,600,200,1234,47,10,1602075.000000,9.431,9.634,58534,481.127,4.155,57.902,44.625,59.125
decoder,1,default,../Instances/aNpMP/pmed38.txt,900,5,1234,1591,10,25560.000000,4.683,59.332,1572905,1668.628,4.069,59.580,44.625,58.625
decoder,12,active,../Instances/aNpMP/pmed12.txt,300,10,1234,2439,10,53140.000000,0.285,16.488,2421807,820.328,4.108,197.808,44.625,60.625
decoder,2,active,../Instances/aNpMP/pmed32.txt,700,10,1234,953,10,67115.000000,13.822,29.562,947083,1087.032,4.121,59.259,44.500,58.250
decoder,1,default,../Instances/aNpMP/pmed14.txt,300,60,1234,353,10,349693.000000,57.896,57.897,369988,1543.795,4.106,57.912,44.500,52.000
decoder,8,active,../Instances/aNpMP/pmed2.txt,100,10,1234,7878,10,39421.000000,12.527,35.080,7823093,1506.884,4.076,280.649,44.500,59.875
decoder,2,active,../Instances/aNpMP/pmed2.txt,100,10,1234,7878,10,39421.000000,13.578,37.806,7823093,1242.082,3.917,75.614,44.625,57.750
decoder,2,active,../Instances/aNpMP/pmed35.txt,800,5,1234,1815,10,23810.000000,2.349,29.209,1794217,1084.362,4.090,58.603,44.500,61.625
decoder,12,active,../Instances/aNpMP/pmed15.txt,300,100,1234,200,10,558328.000000,6.834,6.934,219499,367.138,4.124,83.209,44.625,62.125
decoder,12,active,../Instances/aNpMP/pmed19.txt,400,80,1234,192,10,494003.000000,6.696,6.835,205753,372.162,4.125,82.033,44.500,62.000
decoder,1,default,../Instances/aNpMP/pmed2.txt,100,10,1234,7878,10,39421.000000,22.053,61.217,7823093,1660.088,3.949,61.216,44.500,55.625
decoder,4,active,../Instances/aNpMP/pmed5.txt,100,33,1234,1979,10,117405.000000,4.563,19.953,1993199,783.113,4.105,79.813,44.625,57.750
decoder,6,active,../Instances/aNpMP/pmed39.txt,900,10,1234,707,10,66233.000000,10.920,11.091,702891,608.320,4.099,66.799,44.375,61.750
decoder,1,default,../Instances/aNpMP/pmed33.txt,700,70,1234,114,10,519852.000000,48.168,51.244,123045,1374.610,4.117,51.374,44.625,52.000
decoder,1,default,../Instances/aNpMP/pmed8.txt,200,20,1234,1601,10,101029.000000,6.093,56.778,1598045,1517.313,4.082,56.781,44.375,52.875
decoder,12,active,../Instances/aNpMP/pmed22.txt,500,10,1234,1298,10,62699.000000,2.488,10.747,1289649,572.725,4.103,128.995,44.625,61.750
decoder,12,active,../Instances/aNpMP/pmed10.txt,200,67,1234,491,10,266370.000000,9.123,9.123,514301,464.036,4.124,109.453,44.500,61.250
decoder,2,active,../Instances/aNpMP/pmed25.txt,500,167,1234,70,10,1148756.000000,18.503,27.299,82563,865.246,4.153,54.656,44.625,53.000
decoder,6,active,../Instances/aNpMP/pmed29.txt,600,120,1234,86,10,860281.000000,10.040,10.154,97868,506.755,4.149,61.013,44.500,58.750
decoder,4,active,../Instances/aNpMP/pmed4.txt,100,20,1234,3256,10,95489.000000,13.035,22.312,3247925,874.728,4.091,89.251,44.500,58.375
decoder,12,active,../Instances/aNpMP/pmed28.txt,600,60,1234,167,10,384219.000000,6.697,6.735,177084,378.544,4.119,80.747,44.375,62.750
decoder,0,default,../Instances/aNpMP/pmed5.txt,100,33,1234,1979,10,117405.000000,12.786,56.052,1993199,1488.138,4.122,56.051,44.375,52.250
decoder,12,active,../Instances/aNpMP/pmed6.txt,200,5,1234,8951,10,19103.000000,0.164,41.098,8844585,1859.027,4.103,493.017,44.625,59.500
decoder,8,active,../Instances/aNpMP/pmed22.txt,500,10,1234,1298,10,62699.000000,2.812,12.076,1289649,621.256,4.082,96.664,44.625,64.125
decoder,0,default,../Instances/aNpMP/pmed23.txt,500,50,1234,246,10,325222.000000,56.060,56.283,255365,1509.729,4.142,56.338,44.625,52.375
decoder,8,active,../Instances/aNpMP/pmed38.txt,900,5,1234,1591,10,25560.000000,1.071,13.656,1572905,720.469,4.080,109.502,44.625,64.625
decoder,2,active,../Instances/aNpMP/pmed7.txt,200,10,1234,4098,10,45052.000000,27.028,34.834,4069590,1157.452,4.014,69.673,44.625,57.375
decoder,4,active,../Instances/aNpMP/pmed27.txt,600,10,1234,1147,10,57828.000000,1.318,15.968,1139277,739.547,4.098,63.966,44.500,62.625
decoder,0,default,../Instances/aNpMP/pmed30.txt,600,200,1234,47,10,1602075.000000,52.985,54.128,58534,1436.463,4.120,54.214,44.500,51.625
decoder,2,active,../Instances/aNpMP/pmed11.txt,300,5,1234,6020,10,17749.000000,0.146,35.753,5948757,1289.647,3.970,71.521,44.500,60.125
decoder,2,active,../Instances/aNpMP/pmed5.txt,100,33,1234,1979,10,117405.000000,7.064,30.942,1993199,989.181,4.093,61.885,44.625,54.500
decoder,0,default,../Instances/aNpMP/pmed9.txt,200,40,1234,791,10,198237.000000,35.560,56.679,804254,1508.432,4.119,56.682,44.625,52.000
decoder,8,active,../Instances/aNpMP/pmed25.txt,500,167,1234,70,10,1148756.000000,5.831,8.601,82563,433.273,4.131,68.867,44.500,61.750
decoder,12,active,../Instances/aNpMP/pmed1.txt,100,5,1234,18964,10,15008.000000,0.108,83.843,18737429,3543.692,4.104,1005.812,44.375,59.625
decoder,0,default,../Instances/aNpMP/pmed33.txt,700,70,1234,114,10,519852.000000,47.696,50.761,123045,1380.344,4.157,50.887,44.625,52.875
decoder,12,active,../Instances/aNpMP/pmed13.txt,300,30,1234,708,10,149739.000000,4.386,9.372,715138,483.673,4.115,112.426,44.625,61.625
decoder,0,default,../Instances/aNpMP/pmed19.txt,400,80,1234,192,10,494003.000000,53.605,54.718,205753,1460.057,4.120,54.746,44.500,51.750
decoder,1,default,../Instances/aNpMP/pmed31.txt,700,5,1234,2143,10,23386.000000,2.812,61.985,2118281,1736.216,4.054,62.112,44.500,58.125
decoder,6,active,../Instances/aNpMP/pmed31.txt,700,5,1234,2143,10,23386.000000,0.704,15.394,2118281,806.406,4.069,92.495,44.375,61.750
decoder,8,active,../Instances/aNpMP/pmed15.txt,300,100,1234,200,10,558328.000000,9.049,9.182,219499,448.198,4.125,73.470,44.625,61.875
decoder,1,default,../Instances/aNpMP/pmed34.txt,700,140,1234,62,10,1047633.000000,54.635,55.517,72307,1477.368,4.133,55.643,44.500,51.875
decoder,4,active,../Instances/aNpMP/pmed24.txt,500,100,1234,119,10,692253.000000,12.921,14.206,131964,589.381,4.169,56.881,44.500,58.000
decoder,0,default,../Instances/aNpMP/pmed14.txt,300,60,1234,353,10,349693.000000,57.674,57.674,369988,1531.299,4.120,57.685,44.625,51.375
decoder,6,active,../Instances/aNpMP/pmed12.txt,300,10,1234,2439,10,53140.000000,0.316,17.416,2421807,824.355,4.095,104.509,44.500,58.875
decoder,4,active,../Instances/aNpMP/pmed6.txt,200,5,1234,8951,10,19103.000000,0.151,36.604,8844585,1469.743,4.016,146.417,44.500,59.375
decoder,4,active,../Instances/aNpMP/pmed25.txt,500,167,1234,70,10,1148756.000000,9.499,14.030,82563,585.263,4.168,56.176,44.625,58.875
decoder,8,active,../Instances/aNpMP/pmed26.txt,600,5,1234,2534,10,22734.000000,0.242,17.008,2504589,855.476,4.073,136.149,44.625,63.375
decoder,4,active,../Instances/aNpMP/pmed14.txt,300,60,1234,353,10,349693.000000,15.909,15.909,369988,655.031,4.163,63.651,44.625,58.500
decoder,2,active,../Instances/aNpMP/pmed36.txt,800,10,1234,833,10,70897.000000,15.993,30.206,828249,1104.120,4.115,60.594,44.500,57.875
decoder,8,active,../Instances/aNpMP/pmed29.txt,600,120,1234,86,10,860281.000000,8.950,9.052,97868,466.015,4.125,72.500,44.625,62.375
decoder,12,active,../Instances/aNpMP/pmed34.txt,700,140,1234,62,10,1047633.000000,6.223,6.323,72307,370.680,4.125,75.992,44.625,63.000
decoder,4,active,../Instances/aNpMP/pmed21.txt,500,5,1234,3280,10,21646.000000,0.167,21.167,3241637,976.465,4.060,84.726,44.500,62.875
decoder,0,default,../Instances/aNpMP/pmed32.txt,700,10,1234,953,10,67115.000000,26.637,56.915,947083,1578.403,4.119,57.044,44.500,55.625
decoder,4,active,../Instances/aNpMP/pmed31.txt,700,5,1234,2143,10,23386.000000,0.871,18.982,2118281,889.262,4.081,76.058,44.625,63.750
decoder,8,active,../Instances/aNpMP/pmed9.txt,200,40,1234,791,10,198237.000000,7.296,11.632,804254,565.384,4.112,93.063,44.500,61.250
decoder,2,active,../Instances/aNpMP/pmed9.txt,200,40,1234,791,10,198237.000000,18.766,29.868,804254,957.451,4.125,59.740,44.500,53.625
decoder,8,active,../Instances/aNpMP/pmed31.txt,700,5,1234,2143,10,23386.000000,0.693,15.269,2118281,794.630,4.071,122.277,44.500,64.125
decoder,4,active,../Instances/aNpMP/pmed2.txt,100,10,1234,7878,10,39421.000000,11.384,32.054,7823093,1224.646,4.034,128.216,44.500,58.875
decoder,0,default,../Instances/aNpMP/pmed24.txt,500,100,1234,119,10,692253.000000,48.812,53.691,131964,1434.629,4.119,53.745,44.500,52.000
decoder,6,active,../Instances/aNpMP/pmed40.txt,900,90,1234,76,10,775798.000000,9.727,9.851,84207,516.661,4.149,59.350,44.625,59.375
decoder,12,active,../Instances/aNpMP/pmed29.txt,600,120,1234,86,10,860281.000000,6.401,6.474,97868,370.421,4.125,77.753,44.625,62.625
decoder,0,default,../Instances/aNpMP/pmed31.txt,700,5,1234,2143,10,23386.000000,2.660,58.887,2118281,1656.099,4.129,59.015,44.625,58.500
decoder,1,default,../Instances/aNpMP/pmed17.txt,400,10,1234,1731,10,53504.000000,9.208,59.432,1719404,1651.776,4.063,59.461,44.500,55.625
decoder,4,active,../Instances/aNpMP/pmed36.txt,800,10,1234,833,10,70897.000000,8.596,16.123,828249,750.315,4.122,64.676,44.375,62.625
decoder,1,default,../Instances/aNpMP/pmed13.txt,300,30,1234,708,10,149739.000000,26.943,57.623,715138,1552.625,4.098,57.635,44.625,52.500
